id,post_text
pas_3d05c899,She will probably ask me why I'm not inviting her to things so I will have to gives excuses and hope she gets the hint.
pas_64b7ad77,"During our time together we recreationally did adderall and coke a few times, but I stopped and he did it less frequently."
pas_6aab2204,"On the one hand I can put all my effort into helping her(the obvious option), but this will mean I’m going to have to distance myself from my best friends, because she will undoubtedly hog all my attention and constantly drive me away from my friends, but I don’t even gain any happiness or fun from being her friend(Oh god I’m such an awful person, wow)."
pas_e2bb5612,"id spend my next years procrastinating with no skills, job prospect or idea of how to get back to the right track."
pas_020457e9,Don't think I should burn this bridge until I  have another to cross.
pas_2470edc2,I tried to strangle my defenceless dog earlier just so I could feel in control with myself &amp; emotions &amp; not emotionally unstable for once.
pas_1534e8c6,"i stare so blankly the second i wake up from dreams that make me even more numb than the day before, i can barely get out of bed, i can't bring myself to drink water or even stand for long periods of time without breaking down and wondering what comes next."
pas_60d1211f,"I hesitated at first, but with the group chat being a stupid idea, I knew it wouldn't last long, and I knew it would spread to the girls, so I named my friend in hopes of her being encouraged to speak to me."
pas_0c1f01d1,**Details Of How I Did It** This in depth explanation is obviously not a good plan considering I was caught so don't try it...
pas_160cc87c,But i will say is consuming my life  and is hurting other people while Im doing that thing.
pas_1c8a7266,"No one actually saw me do it besides my friends, and they won't tell anyone."
pas_55c95af7,I will message someone and then constantly check to see if they've read my message or if they're online.
pas_f9bab868,"Hey reddit, I just finished my freshman year of college and let's just say I had a little too much fun and won't be going back next fall."
pas_8126bedc,"This obviously pissed me off and the only way i could think was to go on the offence, so i called him poor and how he would have to keep working like a dog to live as comfortably as my parents allow me to live (very douchey of me i know)."
pas_6d34feca,I should initiate this by saying I am rather stoned as I am writing so I hope I don't leave out too many details.
pas_574e1da5,I'm not on birth control and I don't know if he will have condoms with him.
pas_66a685c9,"Soon my parents will be on my ass about having no job, but I will have no transportation(I don't get along with either parent, pride wouldn't let me take money for a car from them even if they offered)."
pas_abf838e2,"My fiancee is going to be gone until the 30th, and the girl is coming to hang out with me tomorrow, as well as later in the week."
pas_df42e75c,"I know all the things I could do which would likely land me in jail, I'd prefer to end this for good somehow."
pas_d291a190,"I keep thinking im too stupid for school and for this course, and if i fail this year, im most likely screwed for the rest of my life since i wouldn't be able to enter a new course next years due to my low student credits."
pas_f658572a,I am finding myself living just for the next time I can go to sleep.
pas_16e04b27,Spending all day and night sucking up as much internet as I could.
pas_73c7145a,I tell him the highest I can go is 75$ and he promises to pay me back (which I don't care/nor think he will).
pas_dbb83a54,"I've written him a letter that would give him a clear message (not yet sent), but it's a bit hurtful, and I don't want to be a bad guy, because I'm still friends with his family, and we might still see one another."
pas_526fca5f,"Last night when we were hanging out, I got her to promise she wasn't going to throw up the pasta I made her (Not in like a ""IF I GIVE YOU THIS YOU BETTER NOT PUKE IT OUT"" kind of way."
pas_cfb012fa,"Mayby I should find her and attack first to surprise her, or mayby I should buy some tools to self-defence myself?"
pas_a8dfb9ec,"Early this year I changed my career for the third time, but this time I didn't told anything to my parents."
pas_5db19832,At home I spent the next maybe 10 hours with pain in my lungs and used up about 15 shot of inhaler.
pas_1db79d5c,"So my coworkers and I while waiting for our boss to dismiss our shift last night, and two of us decided to race down the hall on our office chairs."
pas_02340be2,"I was very close to slamming her head on the glass coffee table to my right, but knew i'd be a fault and most likely sent to juvenile hall (if she sustained more injuries than myself she'd easily be able to manipulate the police into thinking i assaulter her... that's just how she is), so threw her into the couch, picked up my phone and wallet and ran as fast as I could."
pas_bfaa23cc,"so when i see her again next class, should i just go in straight for the kiss or first ask her for some coffee?"
pas_6967e0b8,He respects my dad a lot so I might just use my dad to tell him a timeframe to leave.
pas_9e27314f,"I know I could just lie and enlist after college, but that would make me a liar and feel like I didn't accomplish anything since I didn't join as an officer."
pas_21b2107a,I understand I should not have been driving but I have been late on getting them renewed (this is in canada by the way).
pas_92048050,"so in the night when everyone was sleeping i took out a couple of pieces of marijuana, just enough for one last trip."
pas_a9bcac08,"Because I had school at 11:20 the next day, I decided to play longer."
pas_b4528735,"At this point, I'd rather just go to my local government 6th form, even if I will most likely stay with my friends there that do drugs and skip lessons (teachers there don't give a fuck)."
pas_128652a7,"So, what I'm asking is, if I do get called to show up tomorrow, can I tell the clerk or whoever I report to I'm a student upon arrival and get out of it?"
pas_15640116,This was annoying to me when first going out with her cause it means that I could hardly be with her and plus the mom was mosey where I couldn't even hold hands or be close to her so we never told her that we were dating so we hand to maintain a distance when near her like just being friends.
pas_0bb24c9f,"I definietly not smoked in front of my mom ( I did ) yesterday, so there's no way she would know that I smoke aswell."
pas_e17b346a,"Whilst out on a work night out i joined in a conversation after hearing my Boss name a town, i haphazardly said it was a ****hole, and have regretted it ever since....help, have to be in work tomorrow and DREAD going in."
pas_6b8841ca,"On top of it all I'll be eating ramen for the next few days, drinking only water, and generally enjoying life with literally two cents to my name."
pas_5507a523,Our last day in the building is next week and I'd love to tell her something devastating on our way out.
pas_49625a8b,"Today, I got in a fight with a kid who just so happens to be African American."
pas_cf73840d,Last night I took half a Tramadol (not sure of the mg) that I don't have a prescription for.
pas_eef5795c,"I'm not sure if I should list the name of this POS business or not- 

Thanks for listening, reading, and whatever help you guys provide."
pas_c883e0f4,"Last year, it got to the point where I would think of suicide half jokingly, but also half seriously considering it to escape the situation."
pas_a683f30e,Like today a friend asked me about my views on date rape and I reflexively lied about my views.
pas_4e4d4aac,"I really want to leave him some money so he can get food and go there for a week or so, just so I could get some peace and quiet."
pas_56d0127b,"S's birthday is this month and they are having a game night at their house, Wife asked me if I would go with her and I told her no."
pas_d46b7521,"A few days later an officer showed up to my door and asked if he could speak with me on my friend, and how I got supplied, 
I agreed but gave up the names of some other local stoner kids who I knew(real dick move I know, but had I known the following result,
 I would have given him up w/o missing a beat.)."
pas_49a557d5,I have tried to offer her $300 of my own to just give me the passport but she won't accept less than $600.
pas_8cf74f68,I storm down and tell him I'm no longer going out tonight as I have too much else on and can't nap when he is making a noise.
pas_7d8fc7ca,I can't see any trace of hope and I don't know how I will be able to keep going on.
pas_f2e34887,This means i need to put on another 40lbs.. quick.. i already stuff myself obviously since im already obese so i don't know what i should do to get even bigger.
pas_99074b75,"This year I planned to do my taxes about a month ago, but then I find out that apparently I have been failing to send taxes to the government throughout the normal year?"
pas_c0e9803a,"I know how to raise my child and don't need advice, so if you plan to tell me anything but how to solve my situation I will 120% ignore your post."
pas_3e01003a,So bad that I would cause myself to throw up just so I could leave school.
pas_0422f20b,"No one else really even heard it because they tune him out  now, but I would really like a zinger to respond to the next time he says something that Doucey."
pas_04002f00,The next day when I was looking for a gift I impulsively bought something much more expensive than my brother's gift.
pas_bfbd6d5d,I decided to skip class yesterday so I could sleep during the day when I felt safe.
pas_4c624267,I eventually got bored of it and slacked cause I knew I could.
pas_fd618088,"However, I am starting to feel reservations about this and I'm thinking I might just skip the test."
pas_691c5188,I've been trying to get the idea across their heads that most likely i won't marry a viet girl and its America baby we gots all kinds of people here.
pas_f8cad346,"I really want to call them out on all of their BS that my freind has been telling me about since he works when im not there, but I feel like I should stick it out until they eventually fire me and just collect my money?"
pas_a7173b45,"I have to spend time with this people so being a total Dick is out of the question, but I need to get my point across."
pas_d3fe12df,It’s hard to find excuses for why I have canceled the last three dates I’ve scheduled.
pas_de0cc1fc,For the last week's free periods we've been walking a mile in the hot sun to the city library just to avoid him.
pas_f3fd6e7a,"I got a stomach virus from some under cooked chicken i prepared and ate, yeah doesn't sound good but the label confused me and said already cooked when it wasn't, shall i phone the supermarket up and complain because why do they put 'already cooked' in raw meat' a bit confusing isn't it

secondly, my mom and dad are getting so old now bless them, i helped my mom cut her grass, it was really long and she was thankful but i noticed a bruise on her hand like old people bruise easy and i just want to help them but at the same time i need help from them and i dont know how to cope with it all

thirdly, this psychologist had a large go at me, it felt like a blow to the stomach, even though he didnt touch me he threatened to, i dont want to complain or press charges because thats bad for my stress levels, it was an asperger's group and he brought me in the therapy room and started swearing at me, threatening to nock me out, saying he won't bring his son near me again?"
pas_f64ccc8b,I am so desperate that I might pay someone like a frat and lo key party with them.
pas_b1a0712a,"I wish I could lay in bed and sleep all day just to not experience
those feelings."
pas_ad0ac9cd,"The drivability of the vehicle was not impacted, and since we were on a deadline, I rushed to the next location and kept working."
pas_d94183b1,"For example, I will be out with my girlfriend, and I would make an excuse that I cannot go out the next day because I have a 'delivery' coming that I have to be in for, when really, I just wanna chill doing whatever."
pas_eb85e02c,What are some other devious tricks that I could use?
pas_a230551a,"I haven't interacted with her since but I still really hold a grudge against her, so I thought it would be therapeutic to make one last entry, pretty much telling her how shitty of a person she is."
pas_31d81249,I'm guessing she went psycho and made him do it but he should still have a spine!
pas_2cf2d270,If you block someone on snap before something has sent it won't send from what I could tell so I immediately blocked her.
pas_06e74676,If I could start over I would tell her where to go...
pas_cb3cfb8d,"When I was buying it, the clerk warned me it was made of lead and that I should wash my hands every time I touch it because it's made of lead."
pas_f5975e42,"We talked for an hour about everything and I know if I were to pursue her I could possibly fix things, but I would have to break girl 2s heart."
pas_9e280990,I would have probably told her she was super insecure about her weight and her dress and she did have somethings to be insecure about.
pas_6314fb5f,tl;dr I might have undiagnosed atypical autism and I'm too embarrassed to ask my physician.
pas_54d87c51,"I made a rather clumsy attempt at making them feel bad about it, just so they might realise it was upsetting me because I knew they wouldn't look into it of their own volition, and it caused an argument in which a friend said I was acting like the world owed me kindness because I was nice to everyone."
pas_e3ca9691,"Now i'm skipping school more than i did last year, and i'm piling up more and more work and still have those from last year."
pas_f8989758,"If I do this, I was thinking I could just say that management came in to help with something while he was out and saw the cigarettes in the ashtrays/smelled the smoke residue."
pas_3cf9cd2e,At one point during that trip I did not use protection and was afraid this would happen.
pas_d2761e7c,We kind of questioned it and we talked to her about this opportunity and we could always do something about this piece of shit guy.
pas_ff966e41,"so recently i signed a contract with a company to sell them a product patents and copyrights and they paid me 625,000$

i live in a rented apartment and drive a normal car, before i do anything i want to get may father into a hospital because he needs some surgery, after buying an apartment (or a house) do you think i should get a Lamborghini?"
pas_e7a4bd0e,"When I started I did not fill out a W2, and I was never interviewed either."
pas_d56c396b,"I should note that John was a law student a year ahead of me and recently failed the State's bar examination, forcing him to work as a law clerk for a shoddy lawyer and a night food delivery person."
pas_b7e0fe33,I have to share a room with the little heathen.
pas_cfa1095a,"I tossed it into a dumpster and someone may have seen and since the dumpster was pretty empty, they might have gone in after it."
pas_14f550f4,I knew I could have called her and scheduled an appointment if I wanted but I still felt so abandoned that I never wanted to see her again.
pas_a277687e,"So, i'm not to sure if posting this at all is a god idea, because it might get stolen, but i think its a risk i should take."
pas_e1099f0e,I went through my brother's phone yesterday and found pictures of me sleeping.
pas_35ba8f44,"The last message i sent her was ""Umm.... Did you kys?"""
pas_3b7cee8b,I wouldn't mind having sex with her but I don't think she's my idea of an ideal girlfriend plus she's going to the army next year so what would be the point of going out with her?
pas_8684ac48,"He mockingly screams ""BARK BARK BARK, SHUT THE FUCK UP"" and I **so** wanted to say ""so a dog can't make any noise that the neighbourhood can here, but I have to sit here listening to you abuse your family all day?"""
pas_8482b622,"Today, I suddenly got really angry and hit my friend in his face."
pas_b6667bc6,"This is what I must never let happen, I can never be him and if that means that I have to live the rest of my life completely for them and not myself then so be it."
pas_4d649594,"I need advice, keep ignoring him (which will probably come back to get me one day) Tell him how I feel (Which is very unlikely he will take it well), or (insert advice here) P.S."
pas_a721de93,"I did about $5000 worth of damage to my car, and the guy I hit managed to hit another person, which caused minor damage to her car but considerable damage to his own."
pas_89d9a6b8,I know I will give into the rush and ruin a future great relationship.
pas_8c68205c,"So I had not talked to him since until Saturday night, when I blacked out after a night out with some friends and texted him how much better my life is now that he is not in it (my roommate informed me of this the next day, since it disappeared from Snapchat)."
pas_2b8d28ed,I feel like I should hate myself for depending entirely on him.
pas_c99739f4,I did however stalk her on Facebook through friends of friends a few times and by the end of the summer she had a boyfriend.
pas_5b9d2300,For the next few days we Facebook non-stop.
pas_a25c1d09,I made loan contracts for when they are caught so either they sign and get a small beating or we have to motivate them until they figure its best to sign.
pas_5c10d6d0,"Even then, I lowered it so he could figure out a place to live on his own quicker."
pas_4938517d,"I have an appointment with a government employment officer later today, and have been taking two 36mg pills every twelve to eighteen hours for the past four days."
pas_a7c3ef34,I'm wondering if I'm looking into what she says or does too often or if I should just purge her from our friend circle.
pas_c330712a,"She didn't say yes to him because she knows he won't take her serious and because he dated her cousin.so he was left upset
   But recently me and him have been texting and he has been flirting with me and it has been feeling nice."
pas_dc0d87df,"She certainly isn't qualified to make that claim, and I'd much rather see a doctor, but I might do better to quickly consult Reddit for the time being, since I can sum up the entire incident and someone might be able to help me."
pas_a082bda5,"Because i have so little time, and no motivation to do anything that can actually help me, I'm definitely not pursuing my job search as seriously as I should."
pas_1ac8e6b2,"I told my mom and she said that I should report it to the principal or she will if he does it again, but then he'll find out I reported him and he'll tell his friends so I told her he stopped."
pas_61433e48,Just thinking about being away for this long during the summer when I should be home causes me serious stress and I just want to run away.
pas_2d0ea7db,"I have used tor in the past although I am not ao sure about using it as I am going to be posting links, photos and videos."
pas_9fb08f23,"I did it because, despite overcoming his chronic sickness, he has shown no ambition."
pas_87c5e9db,I could get him seen but it would empty out my savings and cause problems with rent and other payments.
pas_0082d4f1,"In a positive light, atleast the last of what she said gives me no reason to reach out again."
pas_3f06672b,Or do I disregard the room contract then spend the next five months finding a job AND a new room somewhere else?
pas_f679afaf,"My reasons FOR are:

1. everyone else will be

2. idk, it might be fun

3. i can't go my whole life without drinking


Reasons AGAINST

1. never drunk before, don't know how lightweight i'll be or how i'll act

2. don't know how i'm getting home, probably a bus by myself (my dads away, only his girlfriends home who can't drive)

3. don't want to come home to my dads girlfriend drunk

4. going by myself, i'll know people but not specifically sticking with someone

So, basically i don't know if i should drink or not."
pas_09960359,It ends with me saying that I'm only friends with her because I felt sorry since she had none and that the whole thing with my buddy and her should have been the last straw and I should have cut contact there and then!
pas_1f42e5f1,Now I'm talking about burning the bridge between me and my graduate advisor - one of the last bridges I have.
pas_385c5103,I will often rage after losing.
pas_b24d77a7,"What can I do so he won't figure out, or my parents?"
pas_b787a2bd,I've been lying in bed in the dark today just crying.
pas_d4ef397d,It's either that or pay every last time I make to postpone the foreclosure as long as possible.
pas_d9f74e2f,The third time they did it I ran out with a bat and tried to catch the fucker that was doing this.
pas_f34960c3,"I dropped out of uni Sep 2016, I was depressed and suicidal and thought I needed time off, I just spent all day every day doing nothing and now I’m feb 2018 looking back and realising I wasted 1 and a half years of life doing nothing I feel sick and honestly feel like ending my life today."
pas_2151e01a,I made this silent agreement that it was best to stop talking to my previous friends and I did.
pas_1ffad4bc,So I'm in problem where my family say I will thank them in ten years and as I want a career in programing or web desighn I will be looking at computers my entire life for now I am stuck in my bedroom browsing reddit on my kindle (only tech I could keep in my room they don't know it has internet access which is great for me even if it is black and white) while my friends are having a great time on cs.
pas_69a16977,"I'm thinking about bringing my costume and terrifying people in the hotel, just hate that I won't spend it with family.. What would you do?"
pas_3315611a,"This &amp; other issues with myself has made me depressed &amp; paranoid &amp; i'm worried these thoughts will turn suicidal.but at this point in time, I feel I could do anything e.g."
pas_e5883c20,"I feel that I will literally break her heart, especially since side note: we're both pharmacy students applying for residency programs and if you're familiar with the match process, she didn't match to a program and has been super depressed about it, you'd think someone died..."
pas_b1a219b9,"I'm also starting my first year of medical school soon and I'm thinking of dropping out to take care of the crisis 

I feel like I'm the one who didn't take care of him and watch what he is doing since I thought he is a teenager and I should give him space to not stress him and get him into doing bad things.."
pas_543aeb1c,"I'm an addict, and I put myself into a very bad situation yesterday."
pas_6608d289,I try to ignore her Facebook posts  but it's getting to the point where I wish I could make it so we appear we aren't related in anyway.
pas_df134e76,"What do you guys do when your feeling hopeless, useless and just generally over it
Everything for me has just come to a head in this past month and it's honestly getting a bit much
I graduate this week but I still have a ton of assessments all due on thursday
work is kicking my ass this week
coworkers are being just general jerks
work as much as I don't want to I need the money
they have cut hours as soon as my semester finishes (so when I have time to work I have no shifts
The trip I have saved up for (everything is paid just expenses over there) I'm off by about $1000 because of some random unexpected expenses (hence why I need the money)
My dream job which the application process is like a year to 18 months I can't do yet because I injured myself preparing so I won't pass the physical test
I want to apply for other jobs in my field of study just to fill in this period of time but I'm just plain to busy, and when I ask for help (and stuff I really do need help with) I get thrown to the side (especially one which I really wanted to apply for but the application is due tomorrow, I needed someone to look over my resume because I had no idea where to start and they put it off till now, then say we don't have the time to do it because there is so much work)
Everything is just to much at them moment and I hate myself for everything (accepting coworkers being jerks, not having the money even though I worked so hard, having to much work to do, and just generally not going anywhere and being stuck with nothing in a month or two except a dead end job I hate, limited money even though I worked so hard) 
I know it's just a phase of my life at the moment but SERIOUSLY just want to curl up in a corner like the piece of trash I feel like"
pas_e7f3b986,"I hate that I'm fat, that I smoke, that I don't sleep when I should, that I'm now a year and a half late on starting my bachelors program, that I am late for everything, that I yelled at my dog today, that I cry a lot, that I'm in debt, that I binge eat ice cream as I hate on myself."
pas_d00146e5,"So here's my question, do I go to work tomorrow, most likely fail to complete the tasks given to me, and get fired, or should I just quit before my shift and start trying to find a new job?"
pas_84f34721,I will cry frequently alone in my room feeling that I have failed my parents and that I am going to struggle in life especially knowing how much debt I will be as a result from this.
pas_bcaee8b2,"I felt like I got the message that she just didn't want to be friends with me, so I told her the next day that if she was trying to be nice, then she didn't have to be anymore."
pas_4c171c19,"I've always felt like the wierd kid that just tags along with cool groups, I can put on fake smile and act they are involving me, but I never really was ""one of the guys"" and I don't seem to fit in with anyone but I just happen to be in this group,and no one takes me seriously either,and I have shit luck with women they won't take me seriously, I try not to bitch but even my close friends make feel like im not wanted sometimes especially when they don't acknowledge the things I say or do unless it will benefit them, should I isolate and distance myself or try to put up with it until I graduate high school"
pas_e0c3e800,"I yelled ""shut up"" once and they did and I haven't heard a peep in days."
pas_44b5c6ba,"I feel like they will wonder why I decided to live, or maybe they will ask there selves what did they do why I live."
pas_fbcaee62,"My friends and I are trying to get an apartment for next school year, the only problem is that there are 5 of us and the lease is only for 4."
pas_029607ac,"i told her to remove all of her money from the account and close it, but i dont think she did cause you need me in the bank to be to close a bank account under my name and i never went with her... she said she is going to do it and was on her way, but i think its a lie."
pas_41cc0fd2,"That, and I think as long as the scale fluctuates a little on 130-130.4lb, she will be none the wiser for the short period of time we'll be using this."
pas_fa75e1db,"I'll be alone all day today probably, festering in my anxiety."
pas_1d2eed49,"So i have a job that on a lot of days has no work for me for the last 2 hours of the day....  
Is it wrong to just sit here and get paid for doing nothing?"
pas_9a2a9799,Maybe I'm avoiding work for tomorrow morning.
pas_f27da1cc,"Or I will have to pinch you."""
pas_1b0b199c,"""I see you drove your own truck today, sick of riding with your momma?"
pas_e7f1f322,"If developers can make so much just from having skills and a good idea, it leaves me convinced that with a few years, and a couple of good ideas, I could potentially do great things in the gaming industry, prove my worth, and then by the time I've made some brilliant games and actually put myself put there, the CAO will no longer apply and I will be able to get a college course based purely off a sum of money."
pas_de826207,I feel like I should be able to cut loose and use a substance without feeling like a dirtbag.
pas_5bdcf22a,"I dont know what to do or say, today really caught me off guard and all I want to do is drown my sorrows in a handle of sailor Jerry."
pas_46e4a604,"I guess we’ve never been that close, but then he told me just last week that he’s getting divorced and I may have reacted kind of badly because he’s not so perfect after all so my mom can stop nagging me."
pas_7b76fa98,"Her name is fairly popular and first thing I did was to look up all owners of that name located in my city on Facebook, to no avail."
pas_610832de,"I would buy them Coach or Chloe glasses, expensive panties, leggings, skirts (etc) and make suggestions about how they should wear their hair."
pas_2df74806,"Whereas last year where I had a connection but bitched out every day, this year I have no connection, and would still probably bitch out."
pas_e5f98ebe,So basically I knew my brother had reddit and I was bored so i decided to see if I could find him.
pas_2e096d30,"So my concern is that if I *were* to leave town when I turn 18 a month from now, I might be going into debt attending a school in England or something just to do exactly what I'm doing now and never embrace this wanderlust."
pas_b819695e,"Obviously, I have formed these connections too but I can take a step back and realize that my family isn't any different from other people really, and in the long run they will probably do more harm than good in my self-development."
pas_e4d13e1a,"Due to a series of unfortunate events and other things, I don't keep close contact with my family and they make a lot of money so to get any money for school I have to claim myself as a ""homeless youth"" for my fasfa as the legal age of being an ""independent student"" without any special circumstances (marriage, kids, abuse in the house hold) is 24."
pas_a81da619,Last night I rolled a joint and decided to send him a photo of it.
pas_7f7ec56d,I was telling my next door neighbor (from the 4th floor) about how rude lady from 1st floor is and she tells me how 1st floor neighbor also tried to take advantage of her.
pas_2e38c949,We got busted the next day and we feel horrible because we invaded their shit.
pas_137d0be2,"What subreddit I should put a drawing of the Reddit alien on my hand (the eyes are two mysterious scabs)

And B: how to attach photos to a post."
pas_69881ae4,"""I will no longer bear witness to cohesion, but I will bear persistent arms."
pas_191ead55,Im currently a full time college student and I could give a rats ass about school.
pas_145904bc,"It's resulted in going to bed around 12:30am-1:00am ish and at least two all nighters, including today making 3 all nighters."
pas_b63e7246,I know that's very stupid of me and the reason why I did it because it would be very much painful for me seeing him departing from me slowly ad I rather do it myself even when it hurts.
pas_7ea76d57,"I did something incredibly stupid, I took the car out as an unlicensed 17 year-old (18 is the limit in my country) and because my mum found out I have been grounded until my exam results come out next year July."
pas_ffa3970a,I told emily that she should go hook up with other people.
pas_a1ff594b,"Today, I don't talk to him and refuse to work with him."
pas_c3899632,"Anyways, I've recently noticed how much more I value dogs over actual humans and other people,  when I told my girlfriend she got mad at me cause she generally thought I'd replace with a fur ball, I kinda laughed then realized if she did leave me the only thing I'd be truly hurt over is her taking the 5 pound chew toy with fur, (Poodle Chihuahua)  and then thought more about it have realized I've never cried over a human dying..  Then I look at dog deaths..  And holy shit.."
pas_2f7bca21,I'm so used to showing up to class not having finished last week's assignment that it doesn't even faze me anymore.
pas_7d749a7f,"Let's just say French-Canadian people aren't very friendly :P

So I have the option to switch in English school, here are why I want to switch

-I know a few people at the school if be going to
-From what I've heard, English people are more friendly
-cleaner building
-clubs to socialize
-I speak more fluently in English
- Never have to take the school bus ever again
-school starts earlier, and I'm an early bird

And here are the reason I DONT want to switch
-Id like to keep the few friends I have
-Wouldn't have to change schools, therefore feel more at ease next year
-Work is harder in English school

I really don't know, I'm scared that if I do make the jump to English school I might have even LESS friends that I have now and I'll just end up being fucked."
pas_fa5b75b3,"End of the day yesterday (Thursday), watching a movie in class, and I decided to make a paper airplane and pass it to someone else, but the plane decided to go off course and land on the teachers desk."
pas_1025d964,"But at least I will die not here, where I wasted too much time waiting for a miracle."
pas_b4c3301b,"I did some nasty things in India and I hope you understand”, said Sonja."
pas_2514bf6c,I feel stupid all the time and I don't feel like I should say anything to my professor or classmates.
pas_8e43209f,The worst thing I did was create a fake facebook account to bully and harass one of the girls in my classes.
pas_e2cf9c81,"Or, I could stick with my friends and allow them to make fun of her."
pas_4cec19f6,I want to start dating but I know that will hurt her and if I make her sad I will also hurt myself.
pas_3ea1b324,"I'm a little torn; on one hand, I could simply let it happen and not worry about it (at the risk of it getting worse/creepy), or I could tell my supervisor and risk getting someone with a harmless crush in a LOT of trouble."
pas_5ad6986f,"I have zero desire to live (i won't suicide though, never)."
pas_1dee55cd,I have to hurt myself or make threats or be destructive in some way.
pas_447f4351,I told her before in the past but long before I told her I did we were in 6th grade and I just found her Myspace pics on my old email cus I thought she looked cute in them idk it didn't seem creepy at the time of pushing save image but thinking about it I don't wanna just drop into her inbox all creepily and be like hey.. yeah I have ur Myspace pics.
pas_fc3ccb18,Hey just wondering if I should give it a rest or push through and do my HIIT with the flu
pas_ad205cf9,"I don't want to sound ungrateful for the gift, as if I don't appreciate them but honestly he could have spent his money much better elsewhere for something I specifically asked for."
pas_b42b8e40,"Moreover, I told her that she did not have any deep psychological issues that could not be remedied."
pas_d0c1153f,I even spoke with my dad briefly yesterday and I didn't even speak to her.
pas_883fc51c,"Defend yourself, and I won't speak to you for a week."""
pas_6960ca46,Im wondering if I should just talk it out and tell them that it was not fucking cool to do that to me and that I will never speak to them again.
pas_df6cabe7,I also told her that if she did I would be able to move past it (not completely true).
pas_b8ae7bfc,When she tried to make amends with me and tried to revive our friendship I told her that I didn't want to be her friend anymore and that she should just drop it.
pas_9b059406,I was miserable for the last 5 years and I finally decided if I'd live in this toxic household any longer I'd probably do something horrible.
pas_0b812951,I know that if I tell him now he will get destructive and probably damage personal belonging.
pas_2249daf1,Also I've relapsed again which I'm sure he knows but is just waiting to use as an excuse for the next time I tell him he needs to back off and give me space.
pas_6e034231,Which i could honestly believe because i know this fuck and i know the type of douchebag he is.
pas_5dded977,"I normally would have beat his ass by now, but i have already gotten in trouble this year, i have been caught ditching and cheating and i really don't want anything else on my record (I'm related to the 9th grade principle as well) i dont know how my coach would react to me fighting either."
pas_095b9841,I thought I could ignored the confrontation and it could just make it easier on me.
pas_3a0c81bf,"I will admit, I was very involved in said dumb thing, but I was far from the only one."
pas_28467d53,"So it happened today and I asked him if he had a hearing problem cause he always mishears, causing him to flip out, he said he didn't have a hearing problem but it really pissed him off that we kept saying things."
pas_929a7f4f,The valuim wasn't legally prescribed to me though I bet I could get a script for it (but with no job comes with no insurance so I can't really afford to see a doctor).
pas_1d34bcc1,"So I feel like these are my options:

- Come clean and take the bus for at least the next six months

- Try and buy a bottle of that scratch repair stuff and hope it works well enough that it's not noticeable (but I feel like this is unlikely to work)

- Lie and say I left the car parked somewhere and someone must have hit it (and definitely still get in a lot of trouble but probably won't lose car privileges over it)


What would you guys do in this situation?"
pas_9b76671d,"Also, I will do things like walk into the backroom and if nobody is around I will just go into the bathroom to give myself a break because I'm so bored/exhausted/dislike my job."
pas_d56fb04a,"So I flipped out and says he's great but I have to block him for good 


I came back months later and we talked and I blew up His phone and pressured him to be my bf again(he agreed jokingly) I said ""nvm when you become bf sex stops, so let's break up"" 


He finally got fed up with me and rejected me saying 
He says I'm hot and cold and too much and he'd love to sleep with me too but ""baggage"" he said more blowing up phone and getting attached 

My question is, could my behavior from before be what he means by hot and cold?"
pas_62c9b324,I know you don't reciprocate the feelings lol so that's why ive been kind of standoffish one minute and friendly the next.
pas_11887dca,"My hope is that they will figure out it was Clare without us having to turn her in, and they will take her to civil rather than criminal court while clearing my mom's record."
pas_712f112b,"Gets to a point where I need to end the day by smoking some weed (obviously it has never been some undeniable physical addiction but it was still something I would ensure I did every day, no matter the inconvenience)."
pas_9c13c3e7,"The next morning, FSO and I did it again sober because I was too panicked to make rational decisions and I had thought that I had already ruined everything with JSP so I ""had to move on"" (it literally makes no sense now and I'm not sure how I thought it made sense then)."
pas_5f75099c,"Pros of sticking with it: I have a diet buddy that will keep me on track, it's a system I know will help me lose weight, and the last time I counted calories I got somewhat neurotic about how many calories meals at my former high school had and started skipping multiple meals a day and this system usually lets me avoid that

Cons of sticking with it: My college's dining hall posts minimal and often borderline useless nutritional information (such as listing a burger patty and bun together as ""burger"" and giving the nutritional information for that by the ounce without showing how many ounces the burger is) and often what little they do post indicates that more or less every item on offer contains enough carbs in a serving to break my diet - making me occasionally skip meals, also I really really miss bread and an occasional desert."
pas_74ac3493,"But sometimes I have to use some of that money to pay for things in the house because my mother cant pay for all, like electricity or the Internet, that means having to miss college a few days a month."
pas_bf9537c5,"If I tell her about just that one lie, either we break up, and she will at least feel bit better than in previous option thinking it did not have such extend, or we dont, but even if I am just honest from now on, say two years later she may discover bout some other lie of mine, and what then?"
pas_4688d1b8,"I never did any homework, I learned basically zero things while I was there, even worse than how I did in Canada, and for some reason, they still let you pass high school like that in Korea."
pas_b45d6cf2,"Before I do I realize that I could end up hurting him, but at the time I was still furiously so I punch what's closest to me; I left yet another hole in the wall."
pas_0e0bf079,We did not go through the police as my husband didnt want to have his 17 yr old labeled as a swx offender.
pas_ad50aad6,"I've been off work the last two days and have only sat at home and cried and drank, I havent eaten since Friday, I've dreamed of how things could be and what i could have done differently and what i need to do but cant bring myself to act."
pas_7cc063ad,"I'm almost to my final straw, pretty soon I won't have many other options."
pas_e60109f0,At some point I have to call up my parents and tell them what a waste of life I am and how I've tossed their hard earned money that they gave me for my education down the toilet.
pas_fa2a25db,"It's easy enough to admit here on reddit because I live in an area where even the cops are potheads and I've never heard of a single case of anyone ever being caught or punished for it locally, (that and it's confirmed to be legal across the country this time next year lol) but next month I am travelling to Florida and California which are down in the States, which if I understand correctly, smoking pot down there is actually a crime you can be arrested for."
pas_a410c54f,She began to ask if she could just pay 50 a week to pull a couple things out at time until she paid me everything she owed..she still never paid anything..well i couldnt afford the apartment and i started movin out..i told her i was moving out and that she could come get her stuff once i got all mine out..she came and got her stuff when i finished moving out and now shes trying to sue me in small claims for not letting her get her stuff for 90$ + 8%..is she not in the wrong?
pas_f22b4a03,And I'm up way too late considering I have to get up at 6.
pas_40429ee4,"I feel like this girl is using me and I do not want to be her friend anymore, but I'm the only person who she can talk to and I don't want her to go and kill herself (which she keeps saying she will do, sometimes joking, sometimes not)."
pas_77f5828b,"The same for the opposite, I might have no reasons to hate something or someone, but if I really want to, I easily can develop an hate for that thing/person."
pas_65456153,"Got really depressed in the last 8 months

I am suicidal insane all the time but im literally having siezures if im not taking klonopin(long acting benzo), etizolam(legal valium),  kratom(metabolizes into morphine i believe), tobacco(death), cannabis(the least of my concern) every day

Been hospitalized twice, two major concussions in the last month."
pas_1d5480ea,I have no courage to tell her that she's not fit to be a photographer and video taking because i know she will throw a tantrum.
pas_056be483,"So last night I was up all night drinking vodka and Diet Coke I had a lot, I done probably about a gram of coke and I haven’t done it for months and months, when I got home this morning I threw up a horrible dark brown coloured vomit that looked nasty it had brown kinda flakes in it as well, now I’m really scared I’m dying or I’m gonna have to go to the doctors and tell them I done coke😭 what could this be?"
pas_f3b241f8,"I keep telling myself that it will be ok, and if it isn't, I guess I could always just bite the bullet, leave the new place or kick her out and just deal with the extra $400 rent in order to save my sanity."
pas_8191c163,"I JUST WANT TO FEEL COMFORTABLE IN MY OWN APARTMENT IS THAT TOO MUCH TO FUCKING ASK

I should destroy that piece of shit in the living room."
pas_61c37b91,"A guided detail on how I could run away, and start on a fresh would help a lot."
pas_eae0e3b4,"Decided I do want the job for a couple weeks, thinking of just going in tomorrow, just need to decide on an approach:

a) say I thought it was Thursday not Tuesday, allude to having had a dentist appointment on Wednesday

b) say I thought they were going to call me

c) say I was sick and tried to contact the agency and there was a mixup of sorts."
pas_d3e8b367,"I don't feel sick enough where I feel like I could be in a bad place if I don't get to a hospital, but even if I did I'd be reluctant to go because I don't have my own car, the nearest hospital is 2 hours away on foot and I'm more terrified of getting thousands of dollars in hospital bills stacked on me than I am of being horribly ill.

Is there anyway I can explain this to my boss?"
pas_93c23868,I can slowly feel myself going insane (ok maybe I'm just becoming depressed) and have no idea if I will be able to pass my classes this semester.
pas_b1e40504,"I guess I should have realized this awhile back when one my friends raged in dota 2 and unfriended me and I tried like a idiot to cry to his gf about how I have no friends to get him to re-add me, not sure why I even did that at the time since it's just so idiotic."
pas_05e214f5,"So being the nosey little perv I am, I get on the computer and open up all the last tabs open."
pas_67506fef,"I thought that I could just stop putting food out and they would wander away because before some would leave for days and not come home so I thought they had other sources of food, but it didn't work and the only option I had left was to give them to the pound."
pas_ee05dd4f,now i don't want to go to police about this because if i do i know my rep in my area will go to shit and i would always have to watch my back and my family's because anyone he knows could come out of no where and attack us at any moment or he gets away with and i called the cops on him and nothing happens to him he will for sure come after me and my family.
pas_58eeeb46,"&amp;nbsp;


Over the last several months, I started getting anxiety attacks, depression and suicidal thoughts."
pas_7658a16f,Last time my boss tried to lecture me about things were not going well (and things were not going well indeed) I was literally crying at the bathroom and forfeited my position just so that doesn't happen again.
pas_9c89822a,"(I have sort of an upstairs loft apartment, and she has the downstairs) so I walk down to get somthing to eat at night and she will be watching tv or doing her nails pretty much buff."
pas_b8c494d2,I could always borrow $100 from check n go but where else could I go to borrow the remaining?
pas_f7733d81,"My idea to stop her:
Talk to my uncle beforehand and tell him I will go to his house, record my encounter, and yell everything that's going on."
pas_d24545a9,"Deciding either to blatantly lie to my parents or to throw my friend under the bus and let him live on the streets (remember, he could throw me under the bus as well)."
pas_3b3ac384,"We text him, and he answers saying he is busy and we shouldn’t be jerks…
We say this isn’t a surprise he knows we wanted him out today and this is unacceptable."
pas_d77d358f,I could write pages about the shit he does and says.
pas_cd1dd231,"Tensions have rose, and there's big yelling arguments every day, and I am already seriously depressed, i'm close to killing myself, I won't lie."
pas_6fcdfe76,"Then at results day I went to a party and got drunk text her trying to say I missed her and she interpreted it as I thought she was a shit friend (which ngl I did, but I didn't mean to say that)."
pas_5fab064c,It still feels like a bad dream and I don’t quite know what I’m doing with myself or what I’ll do in the next few days (as I should be at work) but I either want her gone.
pas_5626e654,"I'm not suicidal in any way, but sometimes I question why I should bother trying to keep myself alive anymore."
pas_24e03fd0,"One day after inury: http://i.imgur.com/jC1W4Ek.jpg

Three days after injury: http://i.imgur.com/iVRBAnd.jpg
(the fresh blood is from trying to use tweezers to see if I could find a cactus spike remnant - I could not.)"
pas_865ebb4a,"I should also add that I'm mentally ill and severely depressed, so I don't know if I'm even capable of having a friendship with him anymore."
pas_2bfebf31,We kicked off the power hour with 2 shots in a row (tradition here) then settled in to wait for the next one.
pas_3611566a,I'm not really feeling suicidal right now (though I have in the past several times for long stretches) but I wonder if I should logically just give up because this shit seems hopeless for me.
pas_e93fa044,"She thought this was his way of showing me love (""his way"" - according to her own words)
* Ran away at 19 to the Army on October 23 2005 or end up taking my own life or his
* Discharged in 2007 for PTSD
* Lived on the streets for a few months - no family would take me in when I returned
* Lived in a crack-house (I did not do drugs) for 2 years because it was all I could afford
* Grandfather passed away so mother took me to Mississippi to take care of my grandma."
pas_00fd668e,"I lay in bed and will avoid them for days just to not speak to them, I'll go without food because I won't want to o downstairs to the kitchen in case someone is there."
pas_b86440e3,"The judgment arising from my proceedings regarding the protection of evidence is now available to be cited in future cases, meaning that the next time a question about protecting victims’ privacy comes into play, my case can be cited as an example of why it’s not important."
pas_acbee877,Calling his phone got several rings and to voicemail and I didn’t get a call until the next evening and was so mad I didn’t answer the phone.
pas_99fb5ca3,"This guy reaks, it's been more of a joke than anything, but as of Monday I will be sharing an office with him, and there's no way I'm sitting in that."
pas_a0c1435d,"I feel like I should cancel the date because they've got me all freaked out but at the same time I don't want it to be super awkward in Spanish because we still have to be partners the rest of the semester...and if he IS a killer, then i REALLY don't want to be partners with him."
pas_8e2b4097,I won't leave my family even though I know I'm a gigantic burden to them.
pas_1490dc95,"But I've herd of other things like I may lack vitamin c, have low testosterone or something of that nature (I am aware that low testosterone is commonly only a problem in older men)

&amp;nbsp;

The reason I am seeking help about it now is I have been having a lot of thoughts of suicide again, and I feel that is too selfish of a thing to even think about because of all the people I would hurt and my life's not bad enough where I should feel like this is my only option."
pas_654975f3,"I told lies after lies, and yesterday they said they wanted to see the failures proof, like the proof that i really went and i failed."
pas_06bba960,"I pay more than double the monthly expenses, I think that's fair... but I am continually harassed by a micro-manager who needs to double check my decision making it seems for some goddamn reason, and it's getting to the point where I have to remind her who's in the black here, which I don't like doing."
pas_d29966c9,"I don't know what to do about it, because I have to deal with her (I can't just ignore her at work) and the more I talk to her, the more I want to slap her."
pas_cd5b6bf4,"Im 13 (turning 14 in a next Month) I have a girlfriend, And have recently been Lying to my mom just to go out with her."
pas_8ac6077c,"I should also add, what countries won't extradite someone for a small debt, lets say under 10k?"
pas_e7a9965d,I put things off until the last minute and don't make the grades I'm capable of.
pas_b9bf78bf,"I was definitely selfish with a lot of things I did and said, and took out my anger and stress on him."
pas_eb1e2e1e,"I wouldn't actually do that, but I did it to see what his reaction would be."
pas_ad473313,I have not researched this because I am taking her word that she did actually try.
pas_cafbb838,"I could deal with her nonsense on my own, even if it meant a push or punch was involved."
pas_8953a86f,I wish I could make it far enough for my dopamine receptors to recover but I can't.
pas_5d48cf56,"I don't feel as if I should apologize to him, he acts like a little kid than he should be."
pas_6f628b43,"""Probably she is not in the mood and I'll put her into an embarrassing situation because she will have to make up some excuse."""
pas_2253761a,"Even thou I knew chances were very close to 0 
I wanted to try because yea... And she took it pretty hard, ofc answer was no and she was a bit hurt that i asked her that i could feel."
pas_efcf995e,Last Thursday I had a heart rate of 22.
pas_9d069a8c,Although I did not complete my testing right away due to being lazy and just a lack of focus.
pas_32926be5,If it means just getting written up I'd be fine with it because I know what we did was stupid but if it means losing my job I am wondering if I should just denydenydeny.
pas_6a8d100c,I plan to do it outside when it's rather dark and blame it on some drugged up stranger.
pas_231cb302,I was able to take the cigarette before she could do anything though.
pas_2eca3561,If I did say something about my feelings I'd be violating the trust my friend put in me and I'd look like an absolute dick.
pas_497bb9f9,*Hey that's amazing but I won't like it because of that.
pas_a61c0e5a,"Lost £600 in the last week (admittedly this was all profit from a few months of gambling), but I just keep going back."
pas_b8b7d5f6,I’ve been drinking liquor fairly heavily for the last few weeks since my guy disappeared.
pas_b150a738,"I got a bit drunk last night and went on this massive nonsensical emotional rant to him about how he doesn't support me and he doesn't care, blah blah 
All he said was ""sorry"" and ""I'm just bad at emotional support"" I kept talking about him at least trying and he pretty much ignored that."
pas_79440505,Last weekend I decided to sneak out to go to a party and my parents caught me while I was at the party.
pas_37772d10,This year I had some classes with a few of her good friends and we got to know each other pretty well so I'm thinking that's my way back in.
pas_aa20aacb,"We got into a fight today because I told him, through text, that I contemplate jumping off my roof."
pas_d22d54ce,"5years ago i founded the love of my live although i thought so for me she was the girl i wanted to share the rest of my live with even she didn't lived in my country most of u should know long distance relation ships are not the ones who go easy with, 
to be honest she never felt the same with me although we spoke for ours on skype whatsapp social media etc.. she knew how much i cared about her but still did things her way with her live what i completely understand just i did not expect it would hit my live so hard now 5years later she has a new bf and im still in love well to be honest those years i can tell i am in love with pain i quit my study to find a job and save money for visiting her one day.. it never came that far unfortunately i quit that job after couple of months."
pas_97687847,"no need, i'll probably be in jail within the next week for failing to meet a single condition of my probation: ""Must lawfully and diligently be employed"" or something along those lines, despite my minds intent on doing better and putting forth the effort to get it with no avail."
pas_06aad9d6,"I'm afraid I will and go back to how I was immediately (cold, distant, disinterested)."
pas_493dcb55,"Last semester I got a 7% in my school's regular 8th grade math class because I not only didn't turn any assignments in, but I also couldn't do the math even if I had sat down and attempted to do it."
pas_43db64fd,"I've taken three ritalin pills today with about a 4 hours interval between each, but still did'nt study."
pas_9d73aa5b,"I have $700 in savings I could steal from, a loving (and slightly rich) aunt who would probably pay it for me, or I could work it out."
pas_22fe07e0,While we were friends I did not allow them to date my sibling because I knew they were a cold person and would take advantage of their relationships.
pas_c03afd97,"The dogs have killed 3 cats, 2 squirrels, and a baby bird last year alone and I spank them for it and say ""No."""
pas_aaca56e6,"Long story short, last night I accidentally put a guy's phone in a campfire."
pas_146b00fe,"I feel it was inappropriate to text me that early, especially after a late shift (I left work at 11pm last night), and I feel like I have no obligation to her because she put up a listing for my job."
pas_a2f31204,"There's also a bunch of other factors, too: I don't have the same taste in music or movies as everyone else, I'm introverted (it's incredibly hard for me to make friends), I've never been in a relationship (Which I'm embarrassed at solely because at my age, I should've dated at least one person by now)

I constantly compare myself to them, and it's seriously hurting my self-esteem even more, to the point where even thinking about it gets me so upset, I start to cry uncontrollably - there are times where I've cried at night, because I compare myself to others so much I feel like I'm a failure and that I'm not ""normal."""
pas_0ff6e0b6,"If I do that, I'm almost certain that, at best, she'll be mad at me for a couple months but then be happy I did it and what's more likely to happen is that she'll hate me forever and a lot of her friends will hate me too."
pas_36596e7b,BUT I did not see a doctor.
pas_7f017789,"If I have to induce vomiting, I'd rather do that now than before it's too late."
pas_2ea7be11,I don't want to mention any of this to the claims adjuster as I assume they will see it as an excuse to not bother pursuing my claim any further.
pas_cb7443f7,I got no way of knowing who it is (if I did I'd fuck them up).
pas_315b5cf2,"But when she won't get her face out of it when I'm trying to speak to her, and he's ignored them the whole time, yeah - I'm gonna take it away for a while."
pas_4c5187b8,"I'm leaving the country in two months and will be quitting, my question is that next time I'm told ""fuck you"", should I just leave?"
pas_0ae3a063,So yesterday I tracked him down on Facebook.
pas_46d2fa78,"Normally when I drink I can stay over at a friend's house so my parents never find out, but last night I was in bits."
pas_60a4bfb9,"I really am at a loss, these were supposed to be 3 months just to myself to find something profitable or to avoid the military (while I don't dislike the idea, I have some health problems that I'm sure will cause a problem but may be missed during MEPs and I won't have an excuse)

Does anyone have any advice?"
pas_f637f5f0,"Part of me wants to go visit him to tell him how well im doing in life despite what hes done, and on the other hand I feel like I should leave him be and let him suffer in jail."
pas_293f777f,"I told them that I will decide to transition by ""hopefully"" Monday, I suppose I could act busy and never sign the employment papers until I get a call from my other offer, but they've taken a week already after my initial interview with them, I called them and they said they'll still have to come back to a decision since they are having a very busy week

5."
pas_644ef7dc,Already late for work I did something that I thought I would never do and took off.
pas_251bf1e2,"So the next time he is alone, I'm going to act quickly and break up with him."
pas_6c394750,"I asked if I could be castrated, and my cousin won't allow it."
pas_17e4b08a,I even agreed to be paid next to minimum wage because “family”.
pas_9b441cd6,I have to carry her into my apartment.
pas_cec32eec,"She occasionally comes out with her boyfriend and it kills me inside, when I see her with him I feel as if I want to kill myself, I know I won't , but nonetheless I don't like the thoughts in my head of suicide...

 That's my first problem my other problem is my home life, this is when it gets a little harder to deal with, my brother who was my idol in life my role model passed away in April, he had a heart attack at 28 which has devastated me, for about a month after I couldn't leave my room, I locked myself in played music, drank lots and cried to myself, I couldn't deal with anybody else at that time which is not like me at all."
pas_e1cfcad6,"I was thinking of purchasing an expensive lock to replace my own, and adding a sign to my front door warning trespassers that they will be shot on site, but I don't know if that is enough; I don't mind shooting someone, but I'd prefer not to."
pas_385876e1,"I'm getting on an international flight today and have a ""Gun Owners of America"" sticker on my laptop."
pas_d7681665,"They don't time the shifts with the trains so if I don't walk away 12 minutes before I end the shift, I won't be able to get onto the earliest train home (and walking away is not permitted, but I do it anyway out of frustration)."
pas_8cca04f2,Then did an internship in which I did okay in but should've been fired for but wasn't.
pas_472fb3f3,I feel that with my behavior that I am going to damage my child's ability to be happy and to learn how to cope with things.
pas_bc1df46c,"The problem now is that she arrives tomorrow night and I am afraid that she's no longer interested in me if it makes sense, I do not want to annoy her so I am thinking of just cutting the connection with her, however, maybe I am misunderstanding something and should ask her again (but as I mentioned earlier, I do not want to be annoying and be one of the assholes that does not let somebody go)."
pas_4d57f8c7,"But i'm not even sure i'd want more, I think if she did want more i'd just flake out."
pas_0122b9d1,"This applies to me as well; if I lived in the house next year, I would be out of no money as a result of breaking my lease."
pas_42d8a781,"For the payment, well that is not a problem at all, because My boss will be responsible for all my payment all I have to do is to confirm the amount of the room including the utilities and then get it sent to him including the information of the person which the payment will be issued to."
pas_46fab904,"I will usually act like I dont care what people think/say of me, and put great effort in staying anonymous while getting my revenge ."
pas_dbd81e5d,"And how she responded indicated I did something and so I thought maybe it was because I called this one lady a ""bitch"" who had said something rude, and this friend of mine isn't fond of that word."
pas_7359c596,"I can already feel myself losing control in the situation, and I don't want to hurt him, but I will if I have to."
pas_e3eb269b,"Last week I sent her a couple ""Hope you have a great day"" messages and after not getting a response, I regretfully signed into the dating site we met on to see if she was online."
pas_ec63f8f8,"Today, I tried to cry myself thinking it'll let loose some of my emotions but I just couldn't cry at all."
pas_524e3c30,"We have a midterm and lots of homework due tomorrow, but now my gf left to a library because I nagged her for not studying while I was gone."
pas_d72f84bd,"Here's where I did something unethical: I went through his phone, mostly to make sure he wasn't selling to other employees."
pas_6426eac0,"In my head, I forgave him and in turn myself, and just looked at our situation as something we could both start fresh from \- which again I know is unfair because he was unaware to the pain I would have ultimately caused him had he found out and I was well aware of the lies he had been telling me."
pas_f831fa62,"I also asked everyone if they’ve been putting in their 40 hours and that I don’t plan on it but, if necessary, I could get badge scans from the security team."
pas_c1463bf6,I don't see myself being able to afford this anytime in the next few years and I don't know how else to pass my time without absolutely hating life.
pas_93dc5ac6,"I feel a real connection with her and I know she does with me and want it to be more than just platonic, But I can’t just tell her that she should break up with Dave."
pas_69e7896b,"So to avoid myself being identified by any work colleagues, I won't post the name here, but if you want to know, PM me and I'll tell you."
pas_45ce5d58,"I did about 95% of her basketball games, the only reason she's doing them now is because I'm working the day shift and I'm not there to do her work."
pas_5c9f1cfa,When Im late on my first class I wont go to my next other classes.
pas_398cabaf,Should I just buckle down and hate life for the next 4 years to get my degree?
pas_fa9916ca,"I did and she explained that since she couldn’t have him, she wanted me to tell me in person to make sure I was devastated and would fall back into depression and that his life would be a living hell as he would have to take care of a depressed me again."
pas_ce08a8c4,I know that what I did wasn't right but I told him straight up what I did and he knew that he probably wasn't going to go into a relationship with her.
pas_a8906178,"I have my sights set on the future, I know what I want out of it all but I think the happiest I will be here will be the day I see this hospital burn to the ground."
pas_057cdd2a,I could try (I have some sleeping pills which are yet untested)
pas_e55e8fff,"I gave him the usernames, but before I did I told those people my situation and told them to not reply to him at all."
pas_dbae17a4,"Edit sorry for grammar I'm shitting bricks right now 

Went to a hotel ""kickback"" turns out it wasn't that my two other friends had sex with the other two girls and I didn't wanna cheat so I kept calling my girlfriend and apologizing for being in the situation in the first place although before that she was mad after plenty of calls she finally answered she asked where I was going I said a hotel kickback basically a small party where u smoke and drink and relax well I told her and she got upset and I asked her if she wanted to hang out instead but she said no whatever and we got off the phone well later that night while they were having sex (my cousin and friend ) with the other girls I was in the other room trying to talk to my girlfriend because all I could think off was her but she wouldn't answer me she blocked me on Instagram and then we text and I explained I'd leave and if she wanted to hang out and let's talk and I guess she thought I cheated on her but I had not so we got off the phone and I ended up having sex with one of the girls all I could do was think of tia and I did the one thing i was afraid she would do well we had not talked till recently and and she told me her parents kicked her out (although they always threaten that she could have submitted to her mom and sister (the bill payers) so when I gave her the opportunity she didn't take it and decided to go to the person she used to talk to and I asked if she later with him and she said yea but they didn't have sex I don't care about if they did because that's gonna kill me even more (yea hypocrite I know) my question is am i feeling bad because I cheated I don't think so i don't even care about her laying with him like I'm mad but I love her and I don't know why I am not ready to be done like we argue a lot because she goes out and I'd rather spend time with her (she drives not me) (and she lives two cities over so when she isn't working and not at school I feel like that extra time is reserved for me and she gets favors from the people in clubs because they used to like her and I told her I'd rather buy her ticket if she was gonna go to be fair she did buy the last ticket yesterday 
."
pas_cc4d3497,"This means at a minimum 2 months break, and to reach a point where I will smoke once every 2 months or so, when either a special occasion arise, or it can be used as a tool."
pas_b0c30806,I should also add if I move I will be completely broke.
pas_c1050994,I feel like since they are screwing us over at the last minute they should have to pay their share of the rent here until August when Ross can move in and we find a replacement for Marty.
pas_0a9a0197,"I would lie to the priest, I would lie to the church, I would lie to the wedding and I would lie to god (I'm agnostic and still believe that there is some type of entity out there, just not a big, bearded man that has to dictate how I should live) and on top of that I am a stubborn 22 year old ""man"" and I will feel like I've lost if I comply to get baptised."
pas_7b8143f3,The only way to know for sure is to die but then I won't really know because I am dead.
pas_c23951db,"I don't know if I will ever be able to stand to look at him, or her again, I hate them so much and both act as though they have done nothing wrong which just makes me want to scream, I am sick of trying to avoid him all the time, I unfriended him on social media for obvious reasons, but when he kept being overly friendly with me when I tried to be civil about returning this things and I snapped a bit and swore at him, for the first time I might add, and saying nothing massively unjustified, just more sweary and harsh than necessary haha, basically amounting to leave me alone, he responded by blocking me, except now I can't tell what he's going to be at, which was all I could see when I had just unfriended him, so I have to keep checking with people if he is going and its making it even more awkward."
pas_965d0133,and If i am going to get it it has to be when they are home and not break in like a thief.
pas_b99f6fa4,"I want to leave a note tomorrow morning, telling him I found the tickets and that he obviously doesn't give a shit about me, and then leave for the rest of the week."
pas_f12f2992,I've just lied to her so much I don't know how to tell her that everything I've told her for the past 4 months has been a lie and she will make my life as miserable as she can.
pas_2fc4d0e7,"I'm actually planning on breaking up with him in the next few weeks, and it will be a really complicated breakup because he is super unstable and he's told me he'd commit suicide or ""die some way or another"" if I left him."
pas_f0011584,"My brother takes out his anger on random gang of people passing by, taunting them to fight, i hear fighting ensue behind me, i wish to break up the fight, and i have to intervene since my brother is involved."
pas_a41376be,"I have made the biological engineering competition team at my school but that is all I have going for me.......
sorry if I come off as unscrupulous, I am just very agitated right now

MY QUESTION IS: HOW DO I REMEDIATE THIS HUGE GAP BETWEEN US IN A RELATIVELY SHORT PERIOD OF TIME - I need suggestions as to general things I could do that would help me leave him in the dust eg start a club, etc etc would my goal is to be the president of my faculty, be very successful in my field of study and to be well known  and he is clearly my competition

Sometimes I feel like this is a game of chess - he is making some very good strategic career moves, choosing just the right involvements that help him climb the ladder."
pas_fab69e08,"I do understand that giving a week's notice is kinda slimey considering I was scheduled the next two weeks, but I am just following exactly what was said on the employment standards website and really had no idea how to go about it."
pas_6365e0d2,"I feel groggy in the mornings as if I am drunk and time goes by very slow, I feel disoriented, and I feel like I should not be driving."
pas_a2a161b6,"In the past year though, it's less guys, more women, and when there isn't a female that has interested me, I will like MAKE one."
pas_d2351de5,due to the fact that in the past semesters i did little to no work and just got by with enough grades to move on to next class (and my gpa isn't bad but it isn't great either).
pas_09ba2589,I did a year abroad and wasted the opportunity through drugs and drink.
pas_8afcee40,I thought I could just omit the work experience but I'm looking for advice or someone with first hand knowledge.
pas_84c860d6,What happened was that I did nothing in class until the very last month.
pas_72c531f3,I am close to suicide... but I could never do that to my family...I just don't know what to do.
pas_eef6f874,So I contact the only person in the office whos been able to talk to him this week (this lady who he just hired who's like his female clone) and tell her Mr.Control messed up our tax numbers and we need to get ahold of him because the app isn't getting out until he fixes this shit.
pas_4b02d912,"I just tried to help her dumbass and she messes it up, but I looked back at her, the person I despised so much, and there was no way I could have got her without us both getting caught, so I just keep running."
pas_f2bb9882,I've asked for days off for Thanksgiving they didn't give to me (so i didn't show up cause my families more important) I asked for days off for and ACT test (they haven't got me off and its tomorrow).
pas_e1baeddf,But I can't help wondering if that makes me selfish or if I should be able to legitimatley put my foot down here and require the kids to live with their dad fulltime.
pas_f272ea21,"I know it's kind of selfish, but if he keeps being as boring as he is, then i will stop being with him later in life."
pas_6527223e,"Because there was a portion I did lie a bit on, only for fear of being disqualified forever."
pas_ba7447fb,"What sparked me to create this post is the fact that today I've came across a gone wild account, and if other recruiters are as thorough as me then I wouldn't be the only one to have found it."
pas_ebf156d3,I'm pretty scared of what I might do.
pas_e905e98e,I even skipped a quiz today because I wasnt prepared for it but fortunately I am able to re-write it tomorrow.
pas_a14b64d5,You have no idea how excited I just got imagining myself not even showing up tomorrow and just leaving it behind for a cozy low-wage retail job instead.
pas_b4cdfe9d,"Ball: the things y'all say to me count as physical 

Me: My friend should've stopped saying those things if it bothers you so much but the things you say are so threatening as if you want to kill us

Ball: Maybe I will."
pas_51cd1d3c,I will burn out eventually.
pas_e99b89e5,"Edmund is now so done with Tammy's bullshit that he is telling her that he likes Simone, which she will either take by going batshit crazy or continuing to deny it."
pas_057a25ba,"Since this occurrence I have pretty much just been avoiding him because I feel like if he doesn't care about my well being,comfort or give me any level of respect then why should I acknowledge him at all?if I'm just half the rent to him then I might as well make him the same."
pas_de36183d,Except now when I drive I have to pull over sometimes because I start panicking.
pas_daed4677,"But she may always find out about some other lie (or may not, also), even if I try not to tell any single from now on, which I will."
pas_9e0b3653,"The next day on school, Mitt politly told Jim that their friendship now had officially ended and that he doesn't want to be friends with someone who screws his friends that badly."
pas_901eaf79,"So I'm lost at what to do: I don't have any information and the only thing I can threaten my apartment-mate with is that I won't be paying the Internet Bills, which obviously makes sense since we don't have service at the moment."
pas_3dc4ac02,"Because of this I am fairly confident in my ability to take him on if he starts something, but that would still be preferably my last option."
pas_709f1ba0,He will probably see this as well since he is always on Reddit but fuck it.
pas_a145a3b3,I know I shouldn't do this but I do blame myself for what has happened- maybe I should've done something?
pas_cb8910fb,At that point I walked not notify them they should find someone to cover for me.
pas_afab48bc,I pretty much miss 80 percent of my lectures now because I feel so behind it feels like a waste of time and that I could catch up instead.
pas_800caa14,My father just got a call from his sister that my grandpa died and my parents and some of us is packing to go visit my grandma.. ( i cant seems the car isn't gonna fit bcos my aunt is gonna hitch our car too and i have school tomorrow) i just tweeted to test if any of my friends care (nowdays i rarely tweet) None of my friends care about it..
pas_0a7ce60f,I could not get anywhere and finally dropped it as she hadn't shown any interest in any of the black guys she knew anyway.
pas_0fb6e393,"But this week, after accidentally looking at good pictures of her for the first time since the breakup (I looked at 'bad' pictures of her because seeing her ugliness made it easier for me to get over her) and not getting a reply from her, I kinda started missing her."
pas_e1c94479,When I no longer live with him I will completely disown him unless he changes drastically but for the unfortunate time being I would like to know how some of you would treat him and his psychopathic tendencies.
pas_83482f1d,"I understand I should probably post to suicidal help, but I’m looking to take a different path with this cry for help."
pas_24ce4eb5,I did it and I told her I did it and she threatened to leave me and there was a lot of drama so I decided to quit because of it and she promised not to tell my mother about it.
pas_55afc016,"Since then mutual friends found out and are basically having a go at both of us and saying we should tell my best friend, I posted this in TIFU recently and the general consensus was that he doesn't need to know because it'll just piss everyone off."
pas_dfbd9f51,"Now, as someone who has been through the mental health ringer myself (I have bipolar disorder and a few other things I have to deal with), it's hard for me to have sympathy for her as I have tried many times to get her help in some way."
pas_8f70d140,I don't have facebook so I was using my mum's account by last night she was getting annoyed with me using her account saying I should get her number already.
pas_48a41a27,i can't start on work until the very last minute and i self sabotage myself a lot.
pas_8ff06340,While in prison I pretended to be Christian and built a good (albeit based on lies) relationship with the prison Chaplin who I will not name but will hereon be referred to as Lisa.
pas_93979c53,"Last week, quite late I know, I told her on her birthday that she could look forward to being a grandmother."
pas_afe13953,"Today, I thought I'd just forget about her until she comes home, on Thursday."
pas_decd1cc2,I am going to get a new number and leave the old one online for documentation.
pas_3874d4bc,I decided the smart thing to do was drink just enough liquid courage so I could get the nerve to ask her out.
pas_25447eb2,Consider all the work I did part of her Birthday gift so I told her instead of paying me whatever she wanted to pay accept it as a gift (About £500 worth of work but she doesn't know that).
pas_19111548,"Over the last year, I've intermittently been getting off with a colleague."
pas_783b0e94,"So i""ve been talking to this girl for about a week now and i only met her through one of her friends that had actually recently broke up with me because she didnt like me like she thought she did.. anyway i started talking with a girl, lets call her ""lisa"".. lisa has been posting stuff about me all over her social media acting like we are dating and stuff but the only reason im talking to her is sorta because i feel lonely sometimes you know?.."
pas_55da55dd,"I live on the the 22nd floor, I should have plunged."
pas_dfef731e,"I knew it was wrong but at the time I didn't care, because my gf had treated me like shit for the past few weeks we were together, then dumped me, so I felt like I could do what I like."
pas_753bbd47,I didn't really want to but I'm really attracted to him and I like him a lot so I did it because I Don't know how to say no.
pas_6131d00e,I will be completely honest and say that I'm really only in it for the money.
pas_36900b5e,I stopped answering calls or texts from the people who loved me and spent my time on Facebook networking feeding my urge to make some more cash so I could go out to some event and have fun (meet people and do drugs basically).
pas_def42e7d,I procrastinate and postpone all my works until the last minute when it's do or die situation.
pas_31f9caa2,"I told her dumbass why didn't she inform me so i could buy protection, I felt like the biggest dumbass in the world for not covering it up and doing my part."
pas_a7fc83b9,"For example I joined a rugby team 2 weeks ago, and I already skipped training 2 times last week."
pas_4d06498f,"Over 6 months ago, I did molly for the first time."
pas_f75bdb6a,She apologized and over the next few days i hardly messaged her and was slow to reply whenever she did.
pas_f1bc96d4,"Her Haha you just turned my question around, and no of course i wouldnt

Me Let's just mess your nickers up tonight and we talk

Her Worst offer ever, youve got to be more inventive than that."
pas_e0a4549a,"Business as well, though I did ONE assignment all year, a few quizzes and tests, and the exam."
pas_f0079705,So yesterday I decided to go on his computer and look at his facebook.
pas_7beb5858,"If genetic science won't do anything to cure my father and brother and even me, I will suffer until their death."
pas_8ce77e52,", she is okay with her only son wasting his life , failing courses , getting bad grades , and getting in a job which he hated , and she even said it`s okay if you failed for 10 years in this college , don`t get out except with the certificate of graduation , but that was not okay for me , i don`t want to put people lives in danger when i become a doctor because of my bad studying , and i don`t care about the money , my mother always says the most important thing is money and getting a job , it does not matter if you enjoyed the job or not , after 3 years i came to the conclusion that my mother was loving me because i was a like a clay in her hands and not because of my existence as a human being , at that same time i left religion , and everything was clearer for me , i was not going to stay in this college one more semester just to fail and get bad grades for the job that i will not enjoy , i took a discussion by myself alone to change the major , i chose biology because studying life is a something that i love , i changed without telling her and when everything included in the transition completed i told her and my dad , and i would not lie when i say ""All hell gates broke on me"" , my dad was logical and accepted the decision but he was angry that i obeyed her for 3 years and did not go into the major that i love from the beginning , i explained to him and he was logical understanding person , but my mother :( , i will make the long story short , she yelled and cried and tried to stab her self and swallowed multiple pills to suicide but nothing happened to her , i took the knives from here and removed anything dangerous from around here and from the kitchen into my room , take note that i was alone with here in the house ( parents divorced and lives separately ) , i am not lying to you when i say that was the saddest and scariest and most frightening period of my life , she acted like a crazy person and started threatening me with what ""god"" would do to me and basically she was glaring wide eyes into me while threatening , i was around her foot begging her to be logical and not do something bad to her self , i did not cry because i think when a certain amount of fear crawl into you the tears just don`t come , she pushed me and walked into her room , i have gone to my bed and kept the door open to see feel her if she wake up , honestly i was afraid for my safety and not just her safety , yes i was afraid that my ""mother"" would try to hurt me over ""changing majors"" , you would feel the same if you endured the horror i endured on that day after i told her that i changed the major and not going back , i am not emotional person but at that time i wished that i have a friend or someone to tell him everything , literally alone facing life with suicidal mother in the same house , my chest started hurting me i remember , i was thinking about suicide my self , but being atheist at that moment helped me tremendously , i was able to see that even if there was a god , he would punish her and not me , so all of that praying on me with bad things and suffering did not affect me at all except knowing my ""mother"" would want this to me , i am fact-based person and science is my way of life , so the lack of friends would be compensated by fantasy or science , i think i abandoned emotions as a way to face the emotional abuse my mother would make me go through , she was so loving and caring and so much kind when i was a clay in her hands , but when i chose my ""major"" without her approval , you can`t imagine the monster she became ."
pas_77a1e676,"Though, now I'm starting to feel like I should just shut up, even if it bothers me."
pas_03e2067a,Not unusual for people in their 20's but my main problem is that im worried I might do something i regret.
pas_fc969771,"TL;DR At the end of the day, I don't know if I should tell my somewhat-ex-best friend that I slept with her now ex-boyfriend."
pas_c892350a,"I want to have a career in the arts, and while I am a creative person, who appreciates whimsy and magic and everything, right now I'm pretty depressed, and while I'm not going to kill myself, I'm worried I might give up on actually trying to do something with my life and just do whatever the fuck."
pas_573ade33,"Life, family, friends, job the thought that i will be alone for the rest of my life is killing me."
pas_8d3c2ed9,"(I feel this would be a good spot to seriously clarify that I did not do anything to get kicked out, as I assume people are going to claim that I shouldn't have been a bratty kid."
pas_0a972a56,"I've asked some of my friends and they said I should change the password so they can't talk to each other, and that will 'save' him."
pas_9e1f0416,"Friend 2 has not called me for a week, I don't think i'm going to show up tomorrow."
pas_c419cf12,i feel like i could benefit the world and the people around me more if i let go of the past and did my best to be happy rather than just lying in bed whenever im not working (which is what i have been doing) or killing myself.
pas_76f6e03f,"I could take her back now and never tell her, but that doesn't seem right either."
pas_8b731552,then i came to a realization that i could just skip school.
pas_42123ff5,"I'm not sure what to do, IDK if I should be a sarcastic cunt to people who treat me this way or just ignore it like I have been doing."
pas_5b9b5277,"I have a midterm in another class today, and I hadn't slept in 2 days, so I took ~8mg melatonin and 15mg Mirtazapine last night."
pas_d0286758,"I hated to be alone, so I just wanted to hang out with someone, &amp; I thought, ""if we weren't having sex, they won't stay around with me""

Of corse this plan didn't end well, when they found out that I wasn't solely sleeping with them, so in the end, I still made no long term friends."
pas_e4a62421,and that day i got 2 jobs ( what are the chances) and after talking with friends that all agree i should leave her cause she's nuts i decided that i just wont talk with her as much.
pas_321c887a,"For the most part it's been just a few people who have partaken, but today, quite a 'feeble' person in my class tried it, and I immediately saw him and blocked my face from his phone."
pas_cee37a16,"You may be asking yourself ""why not just call the cops"", to that i say, i wish i could, but if he's 'caught' in our 'house' we will get 'evicted' no matter the situation, so i'm at my limit, i don't know what to do to get him out, right now, as i type this, my brother is playing his damn music so loud that anyone awake could hear it, at 5:30 am, basically, the final nail in the coffin that reassures me that he gives 0 shits if we get evicted, as long as he has a place to stay for a few weeks."
pas_519cc0e3,"I feel very lost right now, I don't understand anthing of what I have to do and it puts an extremely intense fear and stress on me, I feel like I want to quit everything, I have no friends, everyone already has their own little groups and I'm outside, every subject seems to drain me out so much and seems to say nothing to me, I feel uninterested, sad, and overall negative, I feel like this might not be for me and I want to quit so bad and go back home."
pas_c111901e,"I did an excuse that on Friday I go to gym, and that I will be doing legs (I am not joking, I´m really doing legs on Friday), and that I won´t be able to walk from the training for at least two days."
pas_0e9576bf,"I won't lie, I lose my temper"
pas_c3dead56,I wouldn't mind taking on more loans (I say that now) because of the possibility that I could one day make some decent money and not have to worry a whole lot about it.
pas_b3bdbcae,"!.I'm so happ..""(Here, i lost my temper and asked Jess to stop talking about it and i did it in a not so polite way)."
pas_677bde7c,"I subscribed to Spokeo last night and entered her number, and was shocked to find that she was listed in a different City with a different last name."
pas_ed5695aa,"Some of the stuff we have to deal with is so anger and stress inducing (less anger more stress tbh) it's taking a toll on my health, and I'm beginning to have thoughts of just dropping my resignation note to my manager and be done with it, however, I had a thought about taking it to HR and complaining first."
pas_94f24527,"For example I'd being in my allotted writing period at the pub, however i would get so into the writing that I'd be 1-2 hours late for my next scheduled event."
pas_2463627f,"My grade in this class would be so low that it's not even worth it for me to do the final project, so I am just giving up on that and turning my attention to my other finals (due at the end of this week!)"
pas_d1ca89e7,"I borderline cheat on her, and I feel like shit when I have to confront her about it."
pas_039dcbd7,But I will be forced to cut off all ties with my mom and dad and leave without notice.
pas_c529c8b4,"I was thinking about doing sports, or something that is productive, won't go overboard in the opposite direction, and keeps me busy during these phases so I can move on, do what I have to do, and become productive instead of, well, borderline suicidal (I joke)."
pas_506ab291,She doesnt know it pains me to this point and i intend to keep it that way.
pas_2fdf23f4,"Well, today i accidentally called a friend fat, she is a rather close friend, one that jokes in a way that you can have battles where you just call each other names."
pas_2141e78d,"---

I will be having end of semester exam on Monday, but I don't feel like to study for it."
pas_32446763,"I have sort of strayed from my Faith in God recently, yet I have this feeling that I am a dirty cheater and that I should come clean for collaborating on the couple of quizzes and for using the book on the midterm."
pas_365fbfd7,"I can't focus, and I'm honestly writing this to avoid studying for the calculus quiz tomorrow."
pas_2bef65f0,"I'm 15 and I've dropped out of highschool, going into college/university instead in August this year."
pas_e37e7544,I grew up having to do more than I should have and while I do less than I used to I feel like I deserve to not lift a damn finger because I was her sounding board and borderline therapist for years so why the fuck should I do anything?
pas_78124678,"This belief spurs me to feel extremely over possessive, and even though I do have a rational voice and I can talk myself through situations and completely understand how I SHOULD react to a situation, there are times I become so ridiculously depressed or angry that I just can't control it."
pas_d61de1fa,"We paid for the house with some of the money from the building fund (only because he promised he could finish the house regardless of using funds for a new house, the house we bought was $36000 and about a third of the money he can't really allocate for)."
pas_544dab1e,"I did however hope deeply that something unfortunate would happen in his life because this has strained me financially and I wanted him to share my pain, selfish yes, petty yes, but harmless."
pas_2fac1766,"So it'll be like a Tuesday night and I have the next day off and it's shitty and cold out anyway (I live in Ohio) so ill just smoke or drink, cause what else is there to do."
pas_b59ed1c8,"I haven't told our management, because even if they could do something, that would probably only piss them off and cause issues."
pas_86ec411f,"I have shown my temper once as an adult in the last year after she claimed I was ""not acting like a son,"" and that a few months after hinting that I was responsible in part for my brother's death (I was not - it was a drug overdose - she made it seem like I could have gotten him insurance to go to a rehab center)."
pas_94b11772,"I Wanted, to at first just erase and block this person but,part of me does care in a way, and debating if I should do this dissapearing act, or find out the truth here."
pas_5e84c746,"I don't really have a grip on things all the time, so last time when we talked, when he act really impatiently toward me I just flipped out on him."
pas_ae362e4c,"I honestly think everyone would be in a better position if he did die, honestly."
pas_64017a9d,I have avoided meeting new people like my girlfriends friends and if someone is about to ask me for directions I will pretend I'm busy so I don't have to talk or interact with them.
pas_85165001,I am constantly depressed and every morning I have to will myself not to just end things.
pas_705024d7,"I did some facebook snooping and found lots of pictures of the new baby (so it was definitely hers), as well as people congratulating her."
pas_4b3ac6b7,"The main reasons were being tired of the old house and wanting a place closer to my friends so we could sneak out together ( I know, I'm a selfish person )."
pas_03c38c57,This is my last resort.
pas_e89b8057,"I am 15 now so I am planning on saving money and leaving to Cali but here is where I need help; I know Cali is the typical runaway spot and I will need a place to eat, stay, and a job."
pas_91018a52,"I do not see him as a father figure, I will be counting the hours until he leaves our home and I hope he spends the rest of his life alone and dies on his own arse, reaping just what he has sown for his entire life."
pas_6e5e68ed,"I refused to pay him, he called his supervisor and I told her I wasn't going to pay because of what he did, regardless of if he got the door open, so she backed off."
pas_3b420e5c,So I wondered whether I should just write up with huge letters that I know how to find the person and that they better leave the phone in the bathroom?
pas_3c20f424,"i been seeing this married girl, and lately shes been flirting with me dont think shes playing around though, because the last flirt she did was a little kissing teasing ."
pas_c78d0463,"I don't give a shit about what other ppl think of u, I only care what I see from other ppl.. First thing I heard some kid say at school here was ""I had 5 beers last night and was so fucked up..."" Everyone knows it's damn near impossible to get wasted for a whole night on only one beer so it made me recede from the kids here as I thought they were all really lame, as they tried to do these things they thought were cool yet were horrible at it and thought they were the shit for it."
pas_6ac1dbf9,"which is fine, except last weekend I happened to smoke a bit of the old cannabis.."
pas_4ef21120,The other option being more sneaky- wait for him to ask me why he didn't receive it (he will) and try and act innocent like I did or thought I did or something.
pas_16775bea,"My intention was to tell JSP about it as soon as I could (I cheated in a place that had terrible wi-fi) but I decided to hold off from telling her until I could come up with honest answers for questions that I knew she would ask (the reason I needed time was because the questions would have been why I did it and other questions about my feelings, which I had a really poor handle on at the time)."
pas_7ba2fe57,"What I did was found a bunch of companies that provide these discount coupons w/ commission, and then I put them up on retailmenot.com and when customers were ordering at checkout, they would search on retailmenot and then use my coupon and receive a discount and I would receive a commission."
pas_d2b44449,"I told the public defender that it was all my sister, that I didnt do it, but she said there wasnt much she could do (Im positive that if I would have had a real attorney, all my charges would have been dismissed)."
pas_67f42106,skipped 19 of 45 school days the next semester.
pas_2e1319cf,I can't keep living miserably like I am now I don't know where I will end up because xanax will take over my life if I can't change something.
pas_2c610b5e,So I'm thinking as a solution I will go and buy 4 tablets just to test it out at the minimum dosage of 25mg ( or should I go standard 50mg?)
pas_cc869444,"I can't postpone without losing unemployment for up to eight weeks, which would put me back on the street, as the appointment is within the next 24 hours, but I don't know if I'm physically capable of walking to my appointment at this point - I'm too dizzy to walk straight, and getting some mild auditory hallucinations."
pas_eba4b8a5,Its hard to find a job that doesn't background check and the little money I did make doing custodial work I blew on weed or alcohol.
pas_c2929915,"ii) I dont pack the dishwasher correctly which he says is damaging the structural integrity of the machine

iii) I jump on the beanbag which he says is damaging the structural integrity of the machine

iv) when I drive I dont put my drivers permit showing im a provisional licence; if i am caught with this I will lose my driving licence and he says he doesnt want to deal with the responsibility of driving me to work."
pas_ae01d516,By the middle of last year I was selling a lot of bud.
pas_c83326d9,She texted me later saying she did something bad so I stole my parents car at 11pm and drove to her house.
pas_e34193ec,"My last apartment, I just smoked in my room with the doors and windows closed."
pas_faf3cd6e,"of course i could go in and so the two weeks notice thing but i know she'd make those two weeks hell for me, and last time i checked severe anxiety wasn't a good enough reason to quit."
pas_6ee3d918,"I know he is a guy and that is what they do, they don’t understand there feelings….I told him that after him mom leaves I bet him 1,000 dollars that we will be back to normal."
pas_e290789a,"As much as I understand why she did it and if I was in the same situation I’d have probably slapped both SP and LC, I think it was wrong of her to do so and I told her that, which I think pissed her off a bit."
pas_0acf1c44,"... the more I write this, the more I realize how incompetent I am... like I should compromise my values and sell books and courses teaching things I have no business talking about."
pas_01e5f2b8,i could care less about hanging out.
pas_b928fb25,"i can't handle 4 days a week anymore, i thought i could but last week i ended up not doing a couple assignments, studying last minute for a test, and cheating in an online quiz."
pas_cbdbdc5b,Were done and I am just going to start enjoying life now and not wait I don't care if she finds out I want her to then maybe she'll divorce me I know she has people that she could manipulate into paying for it.
pas_248c879e,"Dating someone under 18 would of been off the table as well for me normally, but she seems so special that I might just have to break the rules for."
pas_89d848c2,"I could just die over the dread and anxiety

Background: I'm a certified pharmacy technician."
pas_f4efd870,"I do understand her concerns and I don't know either how long it would last, but who the fuck knows that?"
pas_862472c0,EDIT: I was not concerned until today because I wrongfully presupposed that one time use would not appear in a drug test.
pas_ac0693cc,"I really want to meet a girl who i can connect with, but it's hard not living on campus or having a fake id to at least mingle with girls since the party scene around my school has been dead recently...I've even decided that i might have to join a frat to meet some people, although i'm not really into it."
pas_f3e8f63a,Im not there when i should be (either way).
pas_8c840d1a,"I have not decided yet whether it will be a podcast or a blog, but if you or someone you know needs some feedback or advice about a problem, be it social, relationships/sex, family, etc, send me an email at LadyBeGrey@gmail.com and I'll either respond to your email directly or I will publish it publicly."
pas_b6134d2e,I do dumb things that render me unable to think of a tomorrow.
pas_c5fd56ef,I was bored and tired so I did some bullshit story trying to get attention.
pas_6495d0dc,"I got someone to buy me alcohol and I drank a bit, and I will gladly drink more at a party or something."
pas_a54d2191,"I realize this was a bad idea as people now think I'm a stoner, but I'm more concerned with the thought that I could get in trouble for this as I'm an athlete and a few of my teammates got it."
pas_95ade94c,I've been so stressed about it I've considered committing suicide before I have to experience it.
pas_c2fc4242,"Idk what I should do, I don't have the $150 copay to go to the hospital."
pas_455351bf,Yesterday I decided something I was going to go the entire day without eating.
pas_ce37e366,"Watching unsecured surveillance cameras is definitely my guilty pleasure, and today while looking, I found a radio station in Latvia."
pas_82fc33b5,But I am paying 60k a year for all this nonsense and I don't even know if I'm going to make it to the next day sometimes.
pas_6edb7896,"i dropped out of college, i lost my first job last year because i wouldnt show up so often, im about to lose my disability coverage because i dont show up to my appointments, i almost failed my trade school class cause i had 5 absences when the limit is 3 BUT I PASSED, and thats just about evwrything."
pas_d0fa52ad,Last night I was making some steak I found in the freezer of my friend's house.
pas_8ba65c72,"p. s: I won't say like ""hey, relax, I won't try suicide"" bc obviously that would alert her 100% more."
pas_98706d79,I also told him I wouldn't have ever had sex with him if he was the last man on earth.
pas_6ed77907,"For the last year, I've had suicidal thoughts and thoughts of murder."
pas_8aeca137,"I have always loathed Nicole because she's so selfish, and she would pawn off her kids to anyone who would watch them just so she could go out every night."
pas_c156af28,I lied and said he did.
pas_aade4cf8,"I will never use that thing again, I almost want to burn it."
pas_45474364,"I am open to hearing other opinions but if it goes against my beliefs, I won't listen...) , and is just rude."
pas_4d0f3f8b,We have it lined up that we will be smoking in a relatively safe place and should not have cop problems.
pas_32151d24,"Instead, she got really high with some friends that also happened to go, got really drunk, and I ended up following them around because she'd never been there and I wasn't sure if I could say ""K Bye, whatevs, I'm off to dance, don't get raped or kidnapped."""
pas_a7a9bccc,"Ok so i've been dating someone for 10 months now, I tried breaking up once but I got arrested for  posession and she bailed me out... also I should mention I started to ""sleep over"" almost every day since like the 3 month of dating.. anyways her family bailed me out and that made me feel almost committed to hook back with her and now they even hooked me up with a job so I feel even more obligated to stay."
pas_b3395da1,TL;DR - Leaving a new part time job for an internship don't know if I should give 2 weeks notice or just say peace.
pas_d9395b6c,"Tomorrow, I have to skip my medication because of a build-up."
pas_9a605e8b,"Im confused on what to do , one thing im thinking of is just talking about saying i don't like being clowned and punked like its not like im afraid to confront this kid or anything , the last thing i really want to do is fight him like that would be pretty stupid to do unless he hit me first and just got me super angry general."
pas_4eed9dfe,"I will instruct one of our clients near you to mail to you the payment/your charges which will be in form of a certified cashier's check, please do get back to me with your name and mailing address as to been written on the payment and also the laptops will be mailed to you as soon as my shipping agent gets all of the faulty units together from our various offices."
pas_4dd23f4f,"I was begging for his forgiveness because I felt if I didn't show remorse, he would do something to get back at me and I was especially paranoid because he was a lot of intimate pictures of me that he could post online."
pas_360218d1,"I run away from my troubles, perhaps because I’m daunted from what I have to do."
pas_54d49310,I even asked them to confront the police if they know it's me.. but they won't because they really have no evidence.
pas_de034933,"I am currently in a mess just like this post (sorry), because I am literally tearing my hair out trying to find something that I will enjoy."
pas_b6bcf7ed,"(If that makes any sense....probably not though)
Also with my mother....I am kind of not feeling much at the moment while I should be.I am just so apathetic with the situation at the moment and it bothers me a lot.I just feel there is so much going on inside me now that I can deal with her.And it really saddens me  think of it that way instead on focusing more on her.Am I really this bad of a person?I am so lost in my own self I dont care about anything?Even my on mother?Why?And while I am thinking all this I am still preffering to just stay on the internet and  just let it pass while I could be doing her exercises to help her....or be more affectionate with her....I just dont understand why....Am I really that bad of a person?I like to think I dont have the mental strenght to do it just yet....but time passes by...."
pas_cca76c20,"I could imagine the sound of the shattering glass, my fat torso going through the window and serving me right."
pas_0336a3e1,I have to walk/hitch hike back to my hometown 3 hours south from where I was in the middle of winter at night.
pas_ecf932ed,I developed fake online personas that i could escape into.
pas_ec8fa5c9,"She's married to that guy, I might cause problems with him, or between them."
pas_135f04f5,Tonight's events are sending me into a spiral of anger and frustration and I'm so fucking scared of being a complete fuckup that I just wish everything would disappear.
pas_df6343f2,"I am a hard working student, and skilled in website design, so I am sure I can eventually find some opportunities, but if I fail, I will have put my parents into debt, ruined our family savings and achieved nothing."
pas_f4f830f2,"I want to tell him to STFU, but he has this mental illness problems, anytime I even bring up anything military he goes off on a tangent about all the things he did while he was over there."
pas_3f3fe339,"I never liked her in the first place, but my friend was telling me I should ask someone out to the dance and that girl happened to be walking by, so I thought might as well."
pas_bbfe117f,I will have an insecurity attack.
pas_6c9a9c63,at first i liked it cause i caught up with friends and she did the same but i started to get clingy i guess and get upset with her when she wanted to go hang out with girls or wanted to stay after work and gamble because i felt we didn't see each other as much.
pas_6ba97b8e,I don't have the money to apply to a thousand different places hoping that they will not catch it.
pas_3b80c512,"I have no real effect on life; it's cliche and sort of trite, but if I disappeared tomorrow, the only reason anyone would notice is because I wouldn't be at work to do my job."
pas_eda8a4bc,"Since my partner is the main provider, I confronted him yesterday about how I'm uncomfortable with having her around and offering her weed because she's so young."
pas_c08d6280,"I drank because my last few teenage friendships were drying-up as some of my friends imploded because they were a lot like me, the rest just moved on."
pas_061708be,"We were extremely codependent, and he was addicted to a lot of different drugs that I won't get into, but needless to say, it was such a burden on my life that I had to drop school."
pas_5d1a8d0b,"Last night me, my boyfriend, and two girlfriends were drinking some wine and were on the way home when I stupidly went too fast around a turn and hit a tree."
pas_f8b5d2d6,"I believe she is single but like I wouldn't know how to ask her out, I do know her schedule (i don't stalk, the company we work for uses an app we can look at anyone's schedule) though and we are both off the weekend this week."
pas_9b8f0ee0,"I was an hour and a half late for work and in my rush to get there, I did not email in to say that I would be late."
pas_25daf429,I was thinking of texting her saying please just answer the question and with proof or I will be forced to assume youre lying and block you on all accounts.
pas_27c53273,"I just cant be friends with her anymore if i have to put with this and her terrible odor, and neither can any of our other friends, we've talked about it and we don't know what to do."
pas_8e310763,"he's just being treated badly here and i just hate being at home since i realized i've just been being a dick in general to him ( and my parents ) -while i don't yell at him, it's more as if we should be closer."
pas_6bab2f17,I could've been better at lying about staying after school and instead walking to their houses.
pas_00cfbb9c,"She said she will file breaking and entering charges, but that wont hold up in court, because my girlfriend had a key and we walked in through the front door."
pas_39800939,"I go to finally clean it one last time, and he, yet again, bitches at me and it pisses me off because he's winning his dumb bullshit over a dirty pan."
pas_321217f5,"I am seriously contemplating on getting a 4 camera security system and signs and plastering them all over my yard and house...like today...

Maybe I will even set booby-traps :)...
but seriously what options do I have in this situation?"
pas_1fbbb690,"I decided that I will surprise my parents and buy a ticket home (I did tell them I was making money, but not by playing poker since I don't want them to hear that I'm gambling)."
pas_2805b73d,"I will set my alarm to wake up at 10:30AM on a Saturday, but just keep delaying the alarm 15 minutes at a time until around 12-1PM."
pas_6e5cccc6,"I laugh say awww isn't that a shame and he asks if I could lend him the money, I say no."
pas_cc438ced,"We go away to separate Universities next summer, and I was kind of planning on holding off till then, but is that unfair?"
pas_e77ca824,"And I also said that I thought I'd submitted the assignments on blackboard, but that last year there were some connectivity issues that I had no control over, and I couldn't just email them because my email was down and tech services didn't know how to fix it yet (again, none of this is true)."
pas_9f4996ac,"side note
If i do go and i break part of the conditions of my visa i could be banned for 3 years.... that,s very off putting to hear."
pas_83deb475,"Not sure if this is the right place to post, however, i have developed a pretty bad habit over the last week of hyper extending my leg and now it has gotten really painful."
pas_33bef179,I could leap without a thought.
pas_40777fe3,I could easily get away with it.
pas_ae75bf6c,"I also couldnt break contact with her for a short time, not because our friendship wont last, but because if i dont her from her it wont get better."
pas_ff857f26,"If I could find a way to get her money because I know she will be completely incapable of working any sort of job within a few years, this would prevent the bad things from happening."
pas_575e6d00,I've been married for 13 years to my spouse and starting in January of this year I started seeing a younger man on the side.
pas_1a1142ab,I have to shave my arms or else I look like an ape.
pas_b379db73,I want to drink tomorrow so I can act like myself for once without cringing and overthinking.
pas_3b08a492,I was extemely hungover at the time and had actually forgotten one small detail that I didnt tell her until i realised today after id spent the night with her.
pas_3b302045,I want to get them out of the house but doubt they will leave willingly.
pas_826510ac,"It just feels like too much and I see myself being in a bad place in the future because of it all, I feel like I won't even be alive."
pas_98405060,"I want to die, but I have to live."
pas_4060472b,So today I yelled at an employee.
pas_ca6d713b,"I don't know if she flirts back or not because as I said I am terrible at reading people but one example of when we talk about 'weird things' earlier today we went bowling with a few of our mutual friends and she told me that she wasn't wearing a bra and when I jokingly said to jump to prove it she did and started laughing, That might mean nothing or everything but I have no clue at all."
pas_17ab11d4,"We got in a huge fight and my dad said that if i hate her so much i should kick her out of my life and i did exactly that, after two weeks that started seriously bothering her but i was much happier, last couple of days she started doing as much shit as she can to me, like literally every opportunity she could get and then i yelled at her to leave me alone and my dad told me that i have to stop ignoring her or he's gonna beat me up when he gets home from work or some shit (i can't remember)."
pas_d846f0af,"I was an ass and text ""If I did what you did to me, would you ever want to speak to me again"" I fell asleep and woke up to three texts the next morning!"
pas_394efe2c,"Anyway, she threatened to turn off the internet, which i responded to by replying ""If you do that, ill wipe your phone"", which i had previously done on my phone, so she knew i could do it."
pas_96ec7d85,"* I think I keep lying because I'm insecure, so to cope with this I fabricate some story that either I will feel good although it's a lie or just to make up a story."
pas_d51e88a5,"Whenever I do get time with her, I have to take her away from home because she'll research stuff on the computer or work on engineering projects and basically half ass any conversation."
pas_c375319a,"Within the first day being here I tried to go as long as I could without one, but had to smoke."
pas_a9a0dc02,"Im so afraid they will find out, but telling the truth would hurt me more, i would look crazy."
pas_1cbdd557,I picked up and they said my account had been flagged for something or other and that i needed to give them the last four digits of my social security number.
pas_128a476c,I have to heat up my drinks just so I do feel throbbing pain for the next 2 or 3 hours.
pas_22d722b5,"the sexual tension was crazy, and even though I knew the next time I saw my boyfriend I was going to end it, i couldn't go through it."
pas_7f6801f2,"What I tried:
- calls/texts/emails - no response 
- called my credit card company - they also said they couldn't reverse the transaction, suggested I talk to the organization
- have contacted the organization that I paid the bill for, but they would not offer me a refund as they were for services that were already being used

The only info I have on her is:
- all our text messages and email correspondence
- address of a condo I think she owns but I do not know the suite # 
- her Facebook profile (but she has hid her friend's list so I can't hit up all her friends)
- her phone # 
- her email 
- her business website and email
- I know her mom is a realtor but I only know her last name not first (I figured if I talked to her mom, her mom would take care of the issue)

Note: we used to have a few mutual friends, but over the years we drifted apart from these friends so now I don't know any of her new friends."
pas_57e26ead,"I think a big part of it is guilt over some of the things I did, even though 98% of stuff I got away with."
pas_0f44ee5b,"What I did was incredibly fucked up, but she says she forgives me."
pas_34af36c3,I told them to be happy that they will forever have a safe driver... their goal is to see me drunk.
pas_d5196876,"I just had a car crash last night and felt perfectly fine, waking up this morning my whole body feels like it's in pain."
pas_5fa8e579,"I want to do all of these things and change and I might for a day or two and then I fall right back into being lazy, smoking and drinking, or filling my time with pointless things, I have done this my whole life and I am tired of all of it."
pas_f117d42d,"Basically the job expects me to commit for the entire year, but I know I will have to quit in late fall."
pas_7d43acd2,"Well my dealer got arrested last week, so I tried buying some from another person, but the weed was NOTHING like what I had, maybe a little hungry or sleepy or just feeling like my body weighs a ton and wanting to lay there and watch TV."
pas_38823f5c,"Anyway, last summer I come back to work, as I was just told I would be getting paid under the table, have a raise, would be getting 40+ hour work weeks with average 500$/week."
pas_42d522cb,"If something was happening to her, I believe that I will suicide, i fell sad , my life is badly enough to that I have to depend on another person to exist, though she already has said to me that not more of 1 time  I continue loving her, and i do not think that it changes, always it leaves me with answers incompletely and very confused, i want to be to better person for her, but i cant when i know she doesn't love me"
pas_04e56a39,"A solution would be to call them to try and determine at what time they're planning on being there, so that I can choose to be at the earliest or last moment there to either greet them or say goodbye, and split the second too many people show up all the while pretending to be happy about everything and complimenting my mother on having to get herself a really nice house and a happy life."
pas_4b991486,"And no, I am not trying to ""get rich quick"" but I also am not looking for something that I will only be able to get when I'm like 60 because I don't even think I will live that long (like an IRA)."
pas_9633ef92,"I will probably leave out the part about the only other ways forward, because I don't want to end up locked up somewhere."
pas_4d3519bf,"I don't know if I should one one hand, suggest a different date and get over it, or just make up an excuse that im busy."
pas_21fde83d,I'm asking so I can haul ass out of there before the first round is fired if this does happen tomorrow.
pas_241dae5f,"For most of the past year, I did nothing but drink, smoke weed, play video games, and browse Reddit."
pas_3ba5ee18,At least I had *some* pleasure in my life when I did drugs.
pas_0580ac33,"She drove home drunk last night, and I flipped."
pas_2fc51731,"I move May 20 and she lives alone, now I feel like I should just stay at my current job and abandon the apartment I signed a sublease for... What do I do?"
pas_437cb496,During this time I would lock myself in my room because I did not want to see my mom.
pas_8c4ea3ac,"UPDATE - We went out again today, and this time, I set up my cousins GOPRO and caught her REDHANDED taking ANOTHER $100."
pas_bdeb4150,"Of course I couldn't come up with much, so then I just apologized for everything(except for insulting her boyfriend) and she said goodbye to me for the last time."
pas_e1a3041c,She has no idea I feel this way though.i don't know if I should say how I feel or just try and slowly disappear .
pas_2c3e96ab,"This will make me even more of an asshole, I think since I haven't drank it a few weeks I should be okay on that front but not smoking weed will be an adjustment."
pas_2ebfa63e,I'ts basically cheating and if my boyfriend finds out that I do this he will get very hurt and I will lose him.
pas_5648aca8,I already have lots of second attempts set for later in the summer from earlier in the year and at this point I'm just feeling like giving up for the next exam.
pas_c0065f51,"I know I'm probably going to catch some flak for this post, but I really can't stress how little I care about learning a person's strategy for boar hunting while I have to take a $400 exam that could determine my immediate future."
pas_d1a27f0e,"\[7:31:21 PM\] Alex Jin: i am a honest software developer and I don't play with your money

\[7:31:37 PM\] Alex Jin: and as I said, I just have to use your computer to work on Upwork

\[7:31:47 PM\] Alex Jin: I can't use it on my comuputer

\[7:32:24 PM\] Alex Jin: If i use it on my computer, upwork will notice different location and they will close the account

\[7:35:21 PM\] ivan i: Alright

\[7:35:40 PM\] ivan i: Fair enough, Alex."
pas_d338d43e,She has been calling me nonstop and even told my parents who now keep calling me but I haven’t answered because I don’t want them to know what I did.
pas_ceed9ff9,Im exhausted I couldn't care less if I died tomorrow...
pas_5671ed7f,"I guess I get annoyed when I realized that our conversations go how it usually goes and I stop texting him back, even if he texts back when I don't respond and just tell him that I was busy after a few hours of being MIA, but, at the same time if I do want to talk to him and text him,I just ended up waiting hours or, even, the next day until I hear back."
pas_6e8b4543,"I pointed out that if I was such a shit friend, I wouldn't have dropped plans with other friends so I could spend time with her, ran her around in the car as she couldn't drive, ran personal errands for her, repeatedly lent her money for expensive clothes and makeup when she was short on cash as she promised to reimburse me, to which I never got paid back, tried to make plans with her when she kept brushing me off, amongst other things."
pas_faa99f40,"Our plan was to pick a church that we say we attend, because I figure they will ask."
pas_f948efb7,"I ask him who he had told I was gay, just so I would have an idea of who I should be wary of."
pas_4a672f26,"I always leave my assignments to the last minute, I tell myself every time I will change but I never do."
pas_ac70d8d8,So she and I did not work yet got paid for actually working.
pas_9c3547cd,"Hopefully they don't investigate further, but if they do, then I could possibly be tried for school misconduct for lying about not attending a school before

Plan B) Keep working to resolve this issue with School A over the phone and with my mom in person."
pas_51299c0c,"So i thought i could prove it to her the ""real"" me by saying some things to her boyfriend that i shouldn't have said."
pas_86e7f01c,"I'm extremely upset because one of my friends is moving out of the country early next month and I want to spend time with her, and I also don't want to be Aspbergery hermit again like I was in freshman year of highschool."
pas_c1a864bd,It's making me suicidal - I tried to jump off a bridge last month but someone pulled me down.
pas_cb891f42,"We were friends, but as usual I kind of burned bridges with everyone last before she left."
pas_9ffa2d9c,"The last eighth they bought off me, they just smoked the entire thing at my house, which I took part in."
pas_0749ef11,When i came back i told her i didnt think i could continue being frineds with her if she was going to start dating other men.
pas_41569886,"We've known her for the last 7 years and in that time we have always been there for her, yet had limited her hangouts to only us."
pas_2d84d93d,"I usually walk at night to snag wifi from houses in the neighborhood, that's when I have a window to the rest of the world and can pretend, at least briefly, that I won't eventually have to go back home."
pas_103f768f,"I ( having experienced similar situations with my sister) could not believe what I was reading  I begged her not to go, I expressed my love for her, &amp; said I will find a way to be with her whether she's dead or not ."
pas_2838c4aa,I have no self control at all and would always do homework last second and never studying.
pas_612c5f17,"Spite is still what drives me to the gym today, months later."
pas_e278077a,So i did i met the cop and gave him pills.
pas_eae4eac7,"I was contacted by an old acquaintance, who wanted to make some quick cash - I advised him that I could purchase some artwork at about 60% off retail price; 20 Alex grey prints."
pas_fcb603ac,"I go home for rest.. no medical treatment was given to me what so ever in the time I was there and gave me nothing to take home so still wanting to die..

2 days later I saw my scheduled specialist gyno appointment at hospital that I mentioned above I explained everything to them and they concluded the same as the doctor.. a reaction to the microgynon although they did no extra tests at that appointment so they could only go off what I said I guess.. anyway 2 days later I go back to a gradual normal.. thinking the doctors must have been right about the reaction to the tablets as life was back to normal...

5 DAYS LATER... (sorry for this next statement) me and my partner were having sex.. it felt a little but uncomfortable which does ocassionally happen due to my endo but after we finished I got immediate very intense stabbing pains along the bottom of my stomach followed by.. yep you guessed it.. all the palpation stomach flutter sweats and dizzyness that I'd had previously and it hasn't stopped since then (Sunday night)... 

Today is day 4.. and this is how every day this week has gone.."
pas_658f00a0,these last couple of nights i have been having thoughts about death and i've been having nightmares of me dying.
pas_2a977966,"That is what I've been doing, although I don't think I'd be able to lie to him if he asked me straight out whether his girlfriend was cheating on him, and even so I feel somewhat bad that I know what is happening and don't tell him (he's not even a friend or close to me, it's just a matter of empathy - specially since I have to accompany his ignorance-fuelled public interactions with her on facebook, sending messages and posting pictures)."
pas_b8c2a171,"I know I should steer clear of them or at least regulate my consumption of those media, and I do, but fuck if I don't just cave in from time to time."
pas_802ea392,I definitely don't want to mention she said anything because I know he will just turn that into that she's making up lies about him.
pas_02da5ec0,"I can't get her out of my mind, and last night I got drunk (again) because of this, and I started talking about my coworker in front of my girlfriend and she even asked if I had a crush on her."
pas_bb02619f,"I've not being diagnosed or anything and for the most part I can push aside my worries thanks to material possessions - of which I have quite a lot of due to being spoiled most of my life - but these last few weeks have been making me honestly delve deeper into this stupid, selfish, vague plan that I think about every day since I developed it probably a year and a half ago."
pas_1a69270f,"If I go ahead with it, I will be blowing up my finances over the course of 2 years and then hope to recover it after my masters."
pas_67ba08d1,"Do you think I could just send a long message explaining myself online, risking sounding drunk again, or should I somehow try to talk to her privately."
pas_65fcdd0a,"I could talk for years about all of the shit that Rachel has pulled, but this is already long."
pas_098f3b51,"Last partial exam, I was able to cheat with my celphone and get a 60 at both subjects plus another one."
pas_2e7ecdfd,It's become a habit to think about all the different ways I could bite it.
pas_0618d546,*I spent all night crying and hating myself and had to miss work today.
pas_4b34a930,"I did not want to confront him without any evidence, so I hacked his email accounts and managed to get hold of his FB account."
pas_469e12c3,I did not sign any working contract so I have been discreetly reaching out to other companies in the area.
pas_b1a18b53,**TL;DR** - I can't decide if I should break up with my current girlfriend and attempt to go back to my ex because i'm starting to have feelings for her again.
pas_f9cf6179,"it was hes dad 
we worked out a deal that he runs the protection side, hes son doesn't sell (he is in charge of ""warehouse"", but hes dad is ok with that) and i have to pay him money for the services he provides 
 
since then it was all like butter."
pas_eed0e4ea,I was starting to become less apathetic and I feel that I could fix my problems without being at the hospital.
pas_b5c27e6d,"However the fact is though while she doesn't know what I did she doesn't get hurt by it, ignorance is bliss in this case."
pas_5e978cdf,"The very next day, like as if I don't have a connection with the task (esp if its a self talk that doesn't involve a client) I just delete everything I done just like that no second thoughts."
pas_535111b7,"The woman responded saying something along the lines of 'Well the PTA donated the Xbox last year so we kind of owe it to them to get them an extra controller'

I could take the high road and donate some clothes and TP where needed, but it pisses me off to know that previous funds I've helped raise is going to hand out video games."
pas_5feb79b0,"I could go without a phone, and I could realistically tell them to fuck off and do whatever I want."
pas_949c3f4b,"As you can probably tell, I think the tattoo is garbage and would love some advice on how/if i should tell her."
pas_84742308,"I did also expect her to actively look for something cheap and if worst comes to worst, get rid of the cats to get someplace but now nearing month five and nothing has happened."
pas_a8fc8a18,Well it turns out the online test has the exact same questions from the homework I did two years ago.
pas_a678e502,For some stupid reason (no reason) yesterday I decided to look at my ex's Twitter.
pas_0b0668f3,"I'm no genius myself, but in the last few months I've talked to some very inbred sorts, and it isn't stimulating, and actually depresses me."
pas_b680df98,"When I'm hanging out with him, I have to force a smile and pretend to laugh at his jokes."
pas_ebf19958,Last time i only eat white rice only after a week..i lose a lot of weight?
pas_2248c5ce,I did those and I still wanted more (I'm afraid I may have been addicted).
pas_6ae29171,"I decided to force my parents to leave the country and live rent free back ""home"" where they could be closer to the place in Goa and have it rented out, and my brother could look into getting some work with Bollywood."
pas_036d82de,Shes asking why ive deleted her and what she did wrong.
pas_13141b96,"I wasnt smoking weed in the beginning of our relationship, but  I did start a year afterwards and havent stopped since."
pas_2373be3a,Plus I do not see a doctor as often as I could or should.
pas_16a02ce2,We did it all off the books out of insurance and I really wish I could've done just a different thing to not have gotten in the wreck.
pas_a811e0be,I will look like a horrible friend if this gets out but Ryan never liked Lia and nothing will ever happen with them.
pas_cfbfd986,"I could go on for paragraphs with all the back story but the main points are: 

-my parents don't take good care of him
-he is neglected
-they get paid a monthly amount from the government and so do not want anyone else to take care of him
-If I had a really good excuse, like a good school or program, it might get him away, at least for a summer."
pas_75258397,"My temptation is to cut them out, because every interaction we have after the vote this week will be tainted by thoughts like ""this person voted to deport my wife"" or at least ""this person thinks it's okay to separate families, present and future, for their ideology""."
pas_5a7dabf6,"I could just watch the mailbox, hope I intercept the fine and pay it without telling my mom."
pas_20f91349,"Disclaimer: Yes I'm aware this is irresponsible drinking, but I've weighed the pros and cons and decided I'm going to do it, so I might as well do it correctly."
pas_ec7dccf8,I saw her sitting next to some other guy which almost made me break my laptop becasue that means she lied about not being interested in guys if that was someone she was interested in.
pas_f30458cc,This is the most difficult time I have experienced in my life and the most difficult choice I have to make I am really lost and confused as I am at a point of losing everything and everyone i have completely given up on life now as have been through so much since young age I got no idea what to do so here I am asking for advise or someone willing to share their story in similar situation.
pas_b58b4888,"I'm not a lazy worker, people on nights have said I'm a good worker, I know how to keep busy, that I'm fast, etc...

And stocking is the responsibility of the afternoon people, but since they SUCK at it, I have to make up for them, and sometimes miss a couple things."
pas_7b73eb62,"Now the worst part is that my dad can't afford to move out so my divorced parents are living together in a one bedroom apartment, the three of us don't get along at all, everyday is a verbal argument or physically threatening fight, i won't play the good guy, i am constantly cursing at my parents and threatening them but its because they always let situations escalate, and i have no respect for my father, most of my memories of him just involve us fighting."
pas_c0a78e56,"""..she persisted on answering her question and what i did was word play..i said ""I feel the same way about you like the way you feel about me""!"
pas_c9b9b49a,"So, as expected, I end up being very passive aggressive toward them when I should've just cut them off (which I can't do because it would make me feel too guilty because I understand their side too much)."
pas_fd37d324,It is almost 7 Am I just randomly woke up but I got hammered drunk on vodka last night and I thought I could handle it but apprently not.
pas_b826fa5d,"I'm hurting myself, and at this point, I'm afraid that even if I move back home, I won't be able to get out of this rut."
pas_fb360c4b,"I complain a a lot about this to my family, hoping they will get the hint and get me into see a professional, but they don’t."
pas_a9077a77,I did no work but never took class seriously and never caught up on the review material or did any homework.
pas_a0e40cb8,"I didn't realize I was holding his hands down on the table for several seconds... my supervisor saw it, told me that was a recipients rights violation and called the head supervisor the next day and tried to get me fired."
pas_cfdcbda5,"I have a fever so bad I can barely see, and I have to go see my boss at work tomorrow."
pas_a408af49,"I lost my trust in him a long time ago, and while I could just leave and stop speaking to him, I feel like he could benefit from some true criticism."
pas_00d4d876,"There was a time where things weren't as bad and me and him got along but its not like that now, he's allowing his loneliness to take over the person he was and now he's just bitter and angry and controlling i can't stand him, everyday i have to fight back physical urges to hurt my dad because of how he talks to me and my mother."
pas_85d4f621,I feel like I should die just for that alone.
pas_f74622d5,"Comes next Monday, and I just didn't say anything to him as my sister advised me that doing so would make me look needy."
pas_8983d53b,Over the last few months our manager has been looking for a job and I've been slowly (secretly) learning different tasks of hers.
pas_addcaf0b,When I arrived though Bruce seemed weird and out of it and he asked if we could go try and get some alcohol instead.
pas_be39991a,"If my bluff doesn't work, I don't see any alternative other than fessing up it was me and letting him know I'm truly sorry and it will never happen again, but I REALLY only want to do that as a last resort."
pas_64663f6c,"I know it sounds insensitive, but I have to find a way to remove him permanently."
pas_5d499711,"I hated that I did those things, but I couldn't stop when I was too angry."
pas_7c994190,"I know that they won't accept some one who has used drugs, but I am considering just not telling them and lying if it comes to drug use."
pas_3287e270,"Also the family is mad because I said they should spend time with their kid instead of just leaving him, they claim they're too busy with work but I see them sitting at home for hours and apparently they always have time to go to swingers meetings and cheat on each other so maybe I shouldn't expect decent human behaviour from people like this."
pas_f43568ac,Next day I told her I didn't want anything to do with her and blocked her from all chats.
pas_224b9f32,"i realized then the people he was hanging out with abandoned him and im his last resort 
makeup some shit on the spot saying im in another town 600 miles away."
pas_20cb91c1,"Guess what, a few days after that they broke up again, which made Kyle happy, because he felt he may have his chance to get with Alice, but no, Alice told Kyle to tell Joshua to message her and he did, which Kyle later cried to me saying he shouldn't have done, and I agree, he shouldn't, if he's just going to ruin my life, and then have Alice brainwashed that I'm a bad person, screw him, Alice doesn't deserve somebody like that, she deserves somebody sweet, that will treat her right, like Kyle, but then Kyle starts yelling at me trying to fix my relationship with one of the people I hated, that Joshua told, so after a while of fighting with Kyle all that got resolved, but no, Kyle was wrong, and that didn't fix shit with Joshua and Alice now hating me."
pas_bc41aef7,"Send Athena one last message saying that I thought she was different, I wanted to treat her like a princess and that I regretted falling love with her."
pas_8a9751a5,All I am able to do is send her messages on Facebook and email her on her ID but she is well known thus there is no way she will notice my messages.
pas_7d4a30e6,"I feel like he doesn't care about improving, despite my attempts to encourage him, and I'd like advice on if there is more I can do as a mentor or if I should be more harsh when talking about him to my supervisor."
pas_ed4497fd,"I talked to my doctor's office and without a police report I'm without a refill for the rest of my spring semester, and I doubt I could make it that far with my increased anxiety."
pas_dc59b4ae,"I'm so stressed out, my brain feels like giving up but I don't want to be homeless because that's the next step in my life and living conditions."
pas_86d73b43,"After having a minor role in the last production, i feel that i have deserved this, so if i could get some advice on how to politely tell him that i earned this and for him to fuck off."
pas_981d1891,After a year and 3 months together she finally felt comfortable enough with me to open up to me about this and I informed her she might have some sort of problem.
pas_8f9e5b70,"I see them smoking all the time and I wish I could like, call in an FBI raid and get them thrown in jail."
pas_78de4043,I try to make excuses that I have to go somewhere but he says he's willing to walk me there.
pas_3190d267,"Like, this girl had white mark on her pants and i asked her to wipe it off... We went back and fourth until eventually she did it."
pas_c1ff2036,For now I am keeping the 'web designer' anonymous unless things go south because I don't want to just slander him without giving a chance first but there is no way he should get $400 for the shit that created.
pas_1e8a5560,I just bought it so she'll buy it next.
pas_8a396e6a,"I got super pissed at him tonight (my mom got pissed too lol) and asked him as calmly as possible how a grown man can procrastinate more than a high school student can, and why he hasn't given it to me yet."
pas_9a7bd7cd,"For the last 4 years, I have tried to avoid people in general."
pas_1497e837,Today was the first day that I actually yelled at the guy  to move his fucking truck.
pas_479d6107,"In D, my classes are Honors physics (horribly easy, with a teacher that spoon feeds us the knowledge), TA (I'm basically doing work that I'm pretty sure I should legally get paid for), Honors American Lit (basically US history in document form, not what I want from an english class), French 1 (easy, but fun, moves a little too slow), AP US History (okay teacher, not going to prepare us for the test very well imo), and AP Calc which is okay."
pas_b243c48c,"I want to leave my parents house and live on my own, but my savings plus my wages would last me about a month and a half in SF."
pas_1b64e7ef,I ended up in hospital last night because I felt I was on the edge of a mental break down.
pas_6f1c729c,"All I'm saying is that should I throw in the towel, not buy any more gifts/give money and just show up to their wedding to do as they did to us?"
pas_a7161dd2,I'm changing the locks on my youngest son's door tonight as well.
pas_e3a1e676,"They did pay me for two of them, but I was just going to give them their money back and go with other people."
pas_f44ce0fb,"The problem is, I do not want to do reception duty for a number of reasons:
1) it eats into my lunch time that I could be hanging out with my work friends (we're expected to eat lunch before or after reception duty)
2) I never do anything at reception duty."
pas_3b81f2ea,but i try to show interest in something too disturbing to describe(i know it's weird right) at last guys i am begging you to help me what should i do from here?
pas_20cdc579,I am reading mixed opninions that I should be the one ignoring her and that after some radiosilence time she'd be the one coming back.
pas_e9220a15,We will never sit together at study hall.
pas_646749e8,"Ultimately I end up either cancelling the auction, cancelling the sale after it sold, or a few months later going out and buying either the same product or the next version of a product."
pas_c2b8c8c0,I'm going to a graduation party tomorrow and I've never really been drunk before and I have to drive home after.
pas_f41fef0f,I want to ask him if he's in the process of a divorce because I'm nosy and I suspect he might try to pursue something with this friend of mine.
pas_381e5055,She then proceeded to tell me that she did cam shows and would need my email to let me connect so being the idiot that I am I gave it to her.
pas_6ea5f425,"Also, I have absolutely no motivation to continue and try to pass knowing I won't come back next year."
pas_b44d7593,I'd like to think of myself as a crazy fun person - I get very lonely at times and it really hurts as hell i think i might be suffering of depressing also since sometimes i think death might be peace but i don't want to give up but also not live this life and fight and look back on my dark past sometime in the future and be happy i made it.
pas_ecfe3524,"I wondered if there's some way I can convince her to even just *begin* overcoming this fear - snakes might not be as common as pigeons or cats, say, but they pop up pretty commonplace in media and even in the countryside around here (UK) - I really feel she needs to get over this so she can live without the lingering worry that she might just catch a glimpse of one."
pas_4b8bc4a7,"I had made plans for us to go shopping tomorrow, but he was planning on stealing clothes."
pas_3c7793d0,"She is moving out in 3 weeks so I will be blocking her on everything as soon as she goes, but we are on the same university course."
pas_9333a904,"BEFORE you say anything, I am NOT suicidal or anything like that beyond any means, I just genuinely don't understand what I have to live for."
pas_2ae3a850,"And then I explain to them, very slowly, that if they want more money they have to work more hours."
pas_fbbc788e,"I don't remember leaving the bar... the girl I like left with her friend and someone else.... next thing I remember, is that I crashed that someone's else car... the girl I like and her friend were in that car..."
pas_8099cf75,Smoking marijuana isn't uncommon for someone her age but I think I should still do the right thing and tell.
pas_168b700f,"In my last post, I was so depressed I contemplated suicide."
pas_c2ac4fa9,"I have only until the end of this year before I transfer away, but in the mean time I have to deal with this prick and his annoying behavior."
pas_a61d685d,I broke the rule today.
pas_2ef354b5,"This is the last thing I have of hers, so I want to send it off in a highly ridiculous fashion."
pas_e0e690eb,"The problem with my job is there are so few opportunities for critical and creative thinking (my two favorite things) that I might jump to strongly at the smallest opportunity to think critically / debate / discuss, and it is off-putting and potentially threatening to other employees."
pas_efd813cd,"If she does not hang out tomorrow I think I have no choice but to eliminate her from my life because I do not want to continually be her ""backup guy""."
pas_1b2b70ab,"Shortly after me deleting this girl off of facebook she messages me essentially accusing me of not caring about her or being her friend, along with claiming she did nothing wrong."
pas_8c62d6a7,I have not slept since yesterday.
pas_95cefe51,"I nearly stole money from a friend of mine today, and I don't even know why I wanted to."
pas_e17d2311,However I did this without telling my BFF or my other friend.
pas_565858a4,Also today lunch I was hiding in the loo the hole time 😁 Anyway please help thanks guys!
pas_5a61757b,Her chewing is so nauseating I've lost 15 pounds in the last 3 months.
pas_8434d156,"In that case, any amount of money that I have to borrow is a worthwhile investment."
pas_6c7eff71,"So I continued to fill it out only for myself, even though in the back of my mind I thought I should include everyone."
pas_dfc97d79,"I immediately sent my supervisor an email, right on my starting time, saying that I did plan to come in, but chickened out, felt I wasn't up to the job, but thanks for the opportunity, and sorry for wasting his time and the company's time."
pas_fd6bc65e,"I want to cut him off, but i get scared that he might do something stupid like hurt my mom or kill himself and I don't want that in my conscious."
pas_13d81da0,I did my best to describe what happened and make sure it was him at fault.
pas_f687bf97,Then I won't be able to afford the medicine that keeps me alive and helps me maintain my disease.
pas_7b516fe2,I did send him a Father’s Day card that will likely get there a day or two late because I didn’t even want to do that.
pas_77f67414,"I was on a diet at the time so I told her ""maybe it's good you forget""...only to realize 10 minutes later that she might have taken that really badly...

Or today, I dropped someone's pen and said ""sorry about your pen"" but didn't pick it up, and just left it there."
pas_fa7f77a6,So.. that means I try to hide my misunderstandings by not raising my hand when I should.
pas_eba5e96c,Should I go and question them pretty hard (and realistically know they can't answer properly) or would it be unfair to do this as I am sure they won't change my mind?
pas_aa51e988,I also think that if I did steal her she would lose her friends as her and her boyfriend share the same circle.
pas_147882af,"I knew what I was doing was wrong but it didn't stop me, several times over the next couple of months I tried to delete the information I'd collected but I either managed to recover it a week or so later in a weak moment or something similar."
pas_0b5dabf6,"At first it just kind of felt like I was celebrating my newfound freedom, I could drink whenever I wanted to since I have a fake ID, etc."
pas_2ee1106f,"EXTRA INFO: I have gone through his phone once, after he'd gone through mine - I did it in front of him so he'd know how it feels during a heated argument, not being I didn't trust him, more so to be a bitch."
pas_8c51e287,I know I was a bitch for biting and I learned my lesson to never lose my temper in a fight again (first and last time).
pas_f4968dfa,"I feel like I should just smile, suffer in silence and try to stay strong."
pas_bc554573,That’s nice and all but today I realized he’s a manchild who grew up but is someone I wasted my time on building into a functioning member of society.)
pas_2576d418,"So I'm wondering whether I should keep the bike and deny it like I have been doing since I feel he still owes me money equal to a bike, outright tell him I took it and give it back, or put it back in my friends house hoping he will search for it again?"
pas_abd31387,I want crime to be a last resort so are there any other options?
pas_00ed085c,"Long story short, I attempted suicide in November (didn't work), I have struggled with recently diagnosed chronic and severe depression (well hidden), and my father died today."
pas_9d06a65f,"I should just go to sleep, get back into my life, but all i want to do is get high and forget everything."
pas_6b169057,I have to lie to everyone at school and tell them she has the flu.
pas_ceec30a5,"Today I mentioned that she is supposed to be quitting and that if she doesn't, she's going to waste everybody's time and money and keep opening her chest up again and again by coughing."
pas_0acd3cab,I never knew that I could manipulate others until my current relationship.
pas_da069b58,"She has a new boyfriend now and i have a super strong feeling that we are meant to be and every moment i sit here and dont do anything it drives me nuts and she lost her virginity to me and i lost mine to her and i know this is cheesy but we promised each other that we would only ever have sex with each other (so wed be each others first and last, it was just a cute romantic thing we decided to do) her birthday is coming up on the 28th and she is going to new york city with this new boyfriend and shes only been with him for about a month and she is 17 turning 18. and i feel like i have to do something to show her im the one not this guy and that she is making a mistake."
pas_1f87ea38,I'm scared I'm pregnant I have took plan b for the past two months I know you aren't supposed to take it that much but it was stupid mistakes and I'm scared and don't know if I should take it again but this would be the third month but the day right after my period I had unprotected sex ( the 24th) and my parter said he pulled out right and then the next day (25) it happened again also on the (27) and i looked and it said I will be ovulating in five days so I'm scared please help do I have a chance should I go but plan b again to be safe?
pas_037b06a7,"It's like a metaphorical mortar shell has exploded right next to me, and that high-pitched, numbing, ringing sound is humming away in my brain; until the gun fire begins to go off, that gun fire being my thoughts, and than I go back to that numbness of a mortar shell exploding next to me again, temporarily relieving me of the self-perpetuating gunfire."
pas_5c4ae567,"And to make matters worse a week after the announcement of my scholarship last year, i got arrested doing something stupid and i was put on probation meaning that if they even hear my name in a negative way anywhere i will be kicked out, no questions asked."
pas_734b1c1f,"I want to exercise and get healthy, like I've tried before, but I always stop because I'm convinced I won't be pretty enough or it won't work again regardless of what I do."
pas_1d8063f5,"On the one hand, I think I will be fine to drive by myself."
pas_f524b060,"I’m most likely going to fail my internship and probably not passing this year, but I will not go back at it next year."
pas_838ef836,"I never get anything in return, a sign that I should just ditch them all."
pas_7ab759ba,"EDIT: I am NOT looking to heal our relationship, nor will I ever, unless he swallows his pride and proves to me that he truly admits to what he did and apologizes."
pas_e40b21a1,"I did some terrible things and think I need to leave the state, I have no money to fund myself atm, the type of things I've done is mostly related to computer crime."
pas_ba6852c3,"I won't tell them the truth, there is simply too much stigma around mental disorders."
pas_ee962ece,"I also put Linux (Crunchbang) on 2 of the computers in the library, and fucked up with one of them (tried to disable boot from USB in the BIOS but I also disabled all USB devices, including the keyboard and mouse), so I could get in a bit of trouble for that too."
pas_c5bc2ffa,yesterday I changed my phone number without telling anyone and he texted again today with a different phone number.
pas_45b731fb,I then spent the next week or two making sure my sister didn't go.
pas_20da0b77,Should I say fuck it and not concern myself with this last final?
pas_1d5c498f,"I should have written him up, but as he was in my office, uninvited, telling me what he was going to do and not do, I just felt myself snap."
pas_f06e6f10,"My last semester, I got straight As with a single B+ so I guess I could call myself a hard worker and I really want to do well this semester but the pain is so bad that at this point I just want to stop studying and just do nothing."
pas_6250f579,I belive I punched my mother in the arm not hard but I felt abused at that point ... and o man did that start it I was thrown in my room and left to fear my father who walks in the door after long day to be like what did he do today almost excepting I was the worst child ever.
pas_aa10e3b9,"I met this girl online about a month a go, I really enjoyed our conversations  but two days ago she randomly decided to send me a picture (i did not ask) and she's fat and ugly and suddenly I lost all interest in talking with her."
pas_39941085,"I find it hard to get out of bed in the mornings, I skip so much class, my grades aren't near where they should be, and, most significantly, I'm starting to develop alcohol and drug addictions."
pas_c3c4ff15,"But if they ask why they're getting kicked out and not the other roommate, I don't know that I could give them an honest answer that wouldn't feel like a super personal attack."
pas_c5dba1a9,Tomorrow I'm gonna drive for several hours at night with 3 other people in the car.
pas_7b202d08,"I also asked whether or not I should take a haircut and she told "" whatever hahah"" , I said just give me an opinion you don't give a shit?"
pas_bc1966f3,"Thankfully, I did not wreck or injure anyone - but it is another strike."
pas_dfdb6999,Yeah I’m going over to my ex’s best friends house to watch a movie with my ex and his best friend tonight sooooo seeeya.” We are her friends at this point.
pas_ff1230c5,I could find a couple meetings close to my apartment and make up the information but I worry that worst case scenario I get caught and it will make the whole situation much worse.
pas_c31021cf,After we broke up (she left me a month ago) I did some really stupid shit and started talking to a girl who my gf had hated the whole way through our relationship.
pas_eba45dfe,So today I purchased some san pedro cacti from a man who advertised on craigslist.
pas_6432dc7e,"maybe i should have just waited and called the police, but then these dirtbags would come back and key my car."
pas_1d7ba6b4,"My brain also keeps telling me that since I will die, that whatever I do is pointless so I should stop."
pas_c6547746,Inb4 nosy bastard; i know and don’t need ten redditors to tell me what I did was wrong.
pas_0a128c9a,"She doesn't know about him and I seeing each other because we both know if she found out, it would be the end and he would have to leave and he's afraid she won't let him see his child."
pas_878f815c,"I don’t know what crossed my mind, but when I realized I did actually need money I proceeded to taking my father's debit card and withdrawing money without any of his knowledge."
pas_69b3504b,"i don't know any people smart enough that are both trustworthy and will do my work for money

if you're going to tell me it's not morally correct or whatever i don't care man i'm a teenager i just want to pass into the next grade."
pas_48bcc1b5,Of course I sat next to her during lunch and didn't really care about her until my friend asked what I thought of her.
pas_906d34e6,"He doesn't want to get her fired, how can I convince him that she SHOULD get fired?"
pas_e22643e5,In grade ten I did mushrooms for the first time and it changed my life.
pas_12c2507c,However I have to say that I've been talking to my friend behind my girlfriends back for a few months now.
pas_75b72bf3,I want her to be the girl I thought she could become instead of the mess she is.
pas_4f76ac05,"You would think that this would keep me from ditching, but today I managed to only go to 1 class out of my 6 periods."
pas_781654d8,"I have used my fake last name for years and years, and I love it, but I chose it solely because it is a beautiful Asian name, not because I have any historical significance with it."
pas_5c7fca72,"I could have easily cashed it and spent it here at school but regardless of the excuse, they could always ask me to see my banking history."
pas_4ac6141d,"I know that I should follow their house rules, but I don't really see why I should need permission to attend something that doesn't take place in their home."
pas_673f109d,We have to end this but 20 days being like this I'm afraid I would do something I can never recover from.
pas_c86c02b7,I just feel that in order for things to work I have to let her walk all over me and I'd rather die than let that happen.
pas_90ee5f0a,"But I hated dealing with depressed people the most; talking to them felt like I was piloting a jet through a rainstorm, the best I could do was to get them chatting about something else."
pas_e9568ae0,"I haven't told him about me being/feeling suicidal..
Or told him how this summer could be the last time he'll hear from me, like I'm just a ghost person walking around leaving traces and marks.."
pas_b372edf0,"Now bear with me I was born in 95 almost being 20 I just thought he turned 21 and never got a new ID like I did (Still using one for 2 or 3 years) I paused for a seconded and noticed the line was getting a tad long so I pushed the transaction through took his money and gave him his change as I said ""Can I help whos next"" a cop came up to the counter and flashed his badge and said you shouldnt of done that yada yada ya, I knew right away and felt like a complete dip shit and called my manager to the front cop took my ID wrote everything down and before he left said something like ""Sorry your manager told me you wernt even suppose to work today, dont worry nothing will show up on your record but you will hear from me"" a hour went by and was called into our managers office and was suspended until further notice becuase he said looking at the security tape it does look like a accident so he didnt wanna fire me so he is gonna send the case to higher up (Which Im aware I will more then likely get let go)

What happens next."
pas_ae186819,"The house is full of mold and stuff all over the floor .oven leaks gas's but they still use it ,only have pier works and extension cords everywhere ,fuses blow all the time..



Im freaking le fuck out ,threw s tantrum last night and they think I'm not on my meds but I am just been skipping theraohy a bit because ass hole won't do my 15 min check ins and wants full hour for money ."
pas_126ea267,"Over the past couple of weeks, I can feel it coming back...I've been observant of it for a few months because I could tell I was going to relapse and now it's actually happening."
pas_040113d9,I plan on telling my landlord today and have him stop by the apartment to see the dogs while she's out doing whatever.
pas_2271a2e9,"One last thing, she's sleeping now but I found her marriage license pulled out of her bag, and I really don't want to be the reason they divorce."
pas_f396b1e3,"I'm desperate,     I want my life back, I want to live a normal life again and not have to wake up every day and have to find my next hit just to feel normal."
pas_c147a541,"Note that I have to be really careful about his transgender nature because he hasn't come out himself saying it, so mentioning it may be a fatal mistake in getting them to break up."
pas_946d6785,"Yesterday I asked him ""What r u gonna do if our plane crashes and we all die"" (b/c he would be only person left in class) then he replied ""that'd be pretty funny lelelelel""."
pas_f36ed0fb,"I constantly tell myself that if I don't confess that I will technically receive a grade that I don't fully deserve (even though the extent to which I cheated maybe only,helped,me get like 10 or so more points out of 300 so far, so I would still have an A if I never did anything wrong.)."
pas_3d8c1aaf,"Also, yesterday I accidentally got some rubbing alcohol (it was a mix that has some vinegar in it, when you put it in your ear it pushes out anything that shouldn't be in there, like when you get water in your ear after swimming) in my eye, so I rinsed it out for a few mins under the sink and felt fine... Now every time I wake up, my eye is dark red and there is a ton of gunk-y stuff built up around it."
pas_4af44eb6,It was after my last shift of that week that I decided to purchase a beer from the bartender with my new ID.
pas_82c8a71e,I always ignore her because last time I asked for her number she blew me off.
pas_9c31b23c,"I also think that such a dumb, young mistake shouldn't hinder my future studies (I'm studying international relations and economics and if I love SE asia, I might study that specifically) but that's another argument...


tl;dr - I was an idiot and smoked pot and had a candle in my room thusly putting my on probation at my uni."
pas_8554fa44,"Last semester, I would call myself in pretending to be my mom if a teacher ever actually noticed my absence."
pas_d281913f,When it was time to leave I told 4 or 5 people that I could drive people home (even though I was driven there by a DD) and I just probably sounded pretty stupid and dysfunctional.
pas_6df68a29,"I skipped all my classes today, just slept right through them."
pas_9a207295,"I feel like shit, my current status is shit and hell give or take a few months from now I might be suicidal."
pas_8743be25,"The next morning was slightly terrible, knowing I had a boyfriend waiting for me at home whilst I'm in bed with his friend."
pas_4df0154f,The next morning he left and that following night I got drunk (what's new?)
pas_79e00f53,"Everything I do, I just leave till the last minute."
pas_2a8b1ac8,"I keep begging her to tell me what I did wrong, how I can fix it, to please give me time because I can be better I promise."
pas_427a639e,I don't have long to make a decision about whether I should continue to stay at my emotionally abusive Exhusband's house or move into the apartment I signed for yesterday.
pas_aff3c5dc,Any ways....she was evidently baking some shit last night but I said fuck it because I needed sleep for today's long work shift.
pas_b93d7d6b,"Secondly, I believe that I could be dying or have some form of cancer."
pas_4310f5c4,"The only trick is, she has a boyfriend, and we can't tell our parents that we hang out, so either her or I have to drive over to pick the other up while lying about where we're at."
pas_02321af0,"In my head I'm now thinking, I could ask this guy why the fuck he's referring to himself as my uncle, but that would result in an argument and then a fight where I'd be outnumbered."
pas_a81f76c6,"I know that if I could just hold out until I see her (end of the month) I would be fine, but I can't."
pas_474cd97f,"Thinking that things were over my stupid ass decided to give the typical, ""I wish you best of luck"" but later being the impulsive fuck I am I sent ""Was that the last time Ill be seeing you""."
pas_0dfdb276,What are some ways that I could potentially psychologically engineer the groom into thinking it's somewhere else?
pas_610f1d33,Things escalated and then I told her she should keep giving her best for me when I have given up on myself.
pas_af8b3f05,my ex messages me every once in a while and i usually delete her messages without a second thought (should have blocked her after the first message) but one day a couple days ago i got a picture message from her that was showing some cleavage and i dont know what i was thinking or what made me think it was ok to save it to my phone but i did and my fiancee saw it i told her the truth that i honestly was not thinking but she says that theres always a reason for someone hitting save on a picture and she is right but for the life of me i cannot figure out why on gods green earth i would do such a thing i need help figuring out what my thought process was in doing that
pas_d331e8e1,I sent her an e-mail saying I wanted to fix our relationship but I was unwilling to take all of the blame anymore and I wanted her to apologize and perhaps she should see someone.
pas_cbbe0967,"tl;dr: I'm good/alright at the customer service and logistical parts of my job, but I'm slow moving, unproductive with stocking, and spend time in the bathroom when I could be working because I'm lazy."
pas_df2747c6,"Some way that she and I could have met without school, sports or Tinder that I can tell my parents."
pas_65afc363,I find myself not caring about people that I know I should love dearly.
pas_52285fe0,"The amount of pride I feel when I step on the scale and see the number go down is honestly troubling and sad, like I can't find worth anywhere else in myself that I have to look to my weight."
pas_37693aef,"So my friends and I were out drinking as usual, My friend was talking with a girl and I really wanted him to come with me to a different bar so I could talk to a girl that was waiting for me, He said that he had left his credit card at a different bar and he would come if I closed it out."
pas_c4bd07d9,I told him that he should be straight to the point but...the girl would probably cry.
pas_219d1e9c,"I told her that I did not hate her, but that I felt like a creep after a while of her not responding."
pas_2f8e2030,"But sometimes 3 or 4 times a day i'll just get into this mood, whether it be from playing video games, to dealing with the rude neighbor next door, where i NEED to punch something."
pas_4a5f3bd8,And now it's 2am and I should be in bed and I'm just trying to find ways to avoid her without making it obvious or awkward about what's going on.
pas_de44e333,"😉
- Don’t you miss the old days
- I made a mistake I want you back
- You know it won’t last right
- Why are you tying yourself down to her she can’t give you what you want
- Your still a guy you still have needs and she won’t be able to satisfy you
- Do you really want to be with a girl with so many issues."
pas_1159d09d,I worked 86 hours this last week.
pas_23fbfa9c,"Yesterday, while my SO was at work, I used their computer to access their photos and save a few of us together that hadn't been posted to social media."
pas_d6117ed6,"Am I reasonable to hate him, and not care that he's passing, or is there something underlying in which I should sympathize with him?"
pas_1546612c,"She was yelling some stuff at me, that was the last straw and I kinda snapped and yelled back ""fuck off you slut!""."
pas_69ad1d49,"I'm 25 and I did some disgusting things and hurt My girlfriend so bad, she will never speak to me again.I hate that I did this and I don't get why I do these things."
pas_14b6acee,"I spent the next few years always high, usually on weed."
pas_043459b5,He asked if I did anything with any of the guys I hung out with (remember how insecure he is) and I lied.
pas_88ef4a71,"(but before this the friend the friend sent me a paragraph saying she liked me and that and I messaged the blonde on Facebook about it because they became really good friends,) then the blonde started talking to me and we did the usual flirtly stuff and that but I was very dismissive towards her because I had no clue what to say."
pas_69d52fb3,"I've walked past his house several times, contemplating what I could do."
pas_ca8fa280,Also he said that it was illegal what I did and I could have recalled harmed him because I wasn't supposed to crush the tablets.....I never meant to hurt him at all.
pas_a5f6b3d8,"I probably actively work for around 1 hour every day, while I have to spend  the other 7 pretending to work."
pas_c379a10e,"As for me, I am motivated to continue to grow and advance in my career but I don't believe I will be able to support them in the future especially once they retire and have no money."
pas_0ab62aec,I never respond and thats the last we spoke.
pas_ec8d34a0,"Hello Advice, today, my laptop broke down after I did something stupid to it and hit it out of frustration."
pas_adc262ed,"I cannot live as myself anymore, I need to change, but I won't let myself."
pas_474316ba,Looked up the phone records as my husband is the admin on the business line and hours/hundreds of phone calls to the woman the last 4 months.
pas_8a6e90e6,I yell that I'm calling the police and she responds by slamming the can to the ground and claims that she's going to slit her throat before attacking the door next to her.
pas_eb9ab21c,"The doctor/nurse did say don't order anything from the internet but when I did ask her if I did take the viagra even if everything is physically fine with me would it cause me any harm and she said no, just possible head ache."
pas_5bc777b8,"Also, I found her facebook (luckily she was tagged on a picture from the party) but I'm not sure if I should communicate with her through there."
pas_ff54be58,"I didn't tell my pestering parents about it, because if I did then they would constantly give me shit for that."
pas_4dfd801f,"Please, i told him to fuck off already but he won't leave us alone."
pas_774ff67b,"For example:

&gt; Going to event today
&gt; Riding with G2 and her friend cause they offered, but still feel a bit awkward
&gt; G1 is going to event too, call to make sure she's on her way/will be there
&gt; G2 gets pissed af, makes it super awkward
&gt; They stop at coffee place on campus, I make excuse to gtfo ie."
pas_45da3cf2,"I had to pay out of pocket for the remainder of school, and in fact, had to pull out a payday loan to avoid late feels just last week."
pas_96fe6b7b,"My counselor has said to stay single until I get myself together, and the lunch wouldn't be for two months, if ever, but I am terrified of being rejected or having it never happen, and I feel like I cannot control my anxiety and obsession right now...and I sent him something very flirty and maybe too forward and I am just overly concerned about what he thinks...He did invite me over for sex and then cancel a  lot and he also asked me to bring beer to his room."
pas_4fddfe0a,Then the rest watching Netflix with my girlfriend to make sure I'm still spending time with hers so basically by the time I go to bed its 12 pm and I need to wake up at 5:30am the next day for work... My sleep is terrible to as well just to add on top of this.
pas_cf736626,"I liked this girl and she liked me back but then she went to another state for vacation and came back and out nowhere just said we should be friends....I'm like k w.e peace....stopped caring and talking, felt hurt w.e Fast Forward 2 years... She starts taking to me again telling me she misses me and like how she fucked up before n she was just scared, me still like her but I like 2 other girls at the time so I had options."
pas_1c5a5636,My aunt told me his name and I did some snooping online and found him on Facebook.
pas_c0f0b228,"Despite having a number of pictures from back home which look eerily similar to Oz (native slang for Australia), there were always some pictures which I needed to Photoshop; me at the Sydney Opera House, me at the penthouse level of the Q1 Resort in Surfer's, me at Schoolies (if you don't know what Schoolies is, just google it, aside from those who participated in Norwegian Russ you will be just as jealous as I was to not have actually experienced this, then again, according to everyone I know, I DID experience this)
* I have an Australian cell phone number, set up through one of those third party call/text over wifi type services, on a second phone I got off eBay."
pas_8e4cca3d,The first guy succeeded because I had no idea what he was doing but I yanked my hand out of the next guy to do it and lied about my hands being dirty.
pas_a7dae0ce,"Anyways she always tries to make me look bad in front of everyone,always.today,after having a rough day with her i just wanted to get home and play some xbox with my friends.sometimes i say words while playing with them,and even though she doesnt like them,she says them sometimes.i said motherf***** but not to anyone,just bc i was playing.she came in and made an scandal,she started saying things and turned off my xbox ,at that point i wasnt mad but when she started to make a big deal out of it and insulting my friends and just kept going i lost it and tried to turn on my tv and she turned it off again.i told her she was crazy ,to fuck off."
pas_6f2bc810,"I can't motivate myself to do anything, I don't enjoy the things I once enjoyed, even writing this is...I don't know...I know that I should find out what has happened to me but on the other hand I don't really care if I do."
pas_7e148024,If I did so I wouldnt tell my mother because it would only hurt her.
pas_2623556b,I am seriously debating just waxing the £380 I get tomorrow on heroin and going out with a bang because it seems enivitable that i'll be evicted anyway.
pas_63b7d1ed,Sister:  I did not have time to sit and think of some long drawn out apology when I still need to figure out what I'm actually apologizing for.....
pas_c152bc50,I will destroy this guy if he's harmed her.
pas_de6f279b,I am an anxious and introverted person and have been using alcohol to calm my analytical brain so I could go out and interact with people without feeling like I was going to jump out of my skin.
pas_52147c7a,"I absolutely love lifting weights and would make a career out of it If i could but that either requires being on the juice(steroids) or some crazy luck in modelling which is my one dream, I think I can pull it off and I am willing to give it everything I have."
pas_7d80daec,"So this summer i'm going to California and the main reason i am going is to fulfill a promise i made years ago but there is a bit of a back story before i can really get into it

So about 3 years ago when i was fourteen i met a boy online and we hit it off nothing was more important to us than each other he had a rather abusive mother by his description her she just really seemed to not like him i wont go into the details but i became his escape from that reality and for a time things were great then about two summers ago which was a couple days before our year anniversary  his mom came in she went through his phone found out about me and told me to stop texting him she was incredibly rude and nasty and it just scared my little fourteen year old mind but me and my partner Aldo remained in contact through his friend until she got him a new phone somewhere along that time we promised each other that as soon as we were finished with high school we would meet id fly from Georgia to California for a week to be with him then his mother took his phone again he got in trouble and he wasn't supposed to be talking to me so we continue talking through his friend and eventually begin to mail each other instead this made his mom uncomfortable  so we stopped and continued to speak through his friend but one day march 3rd 2016 to be exact he broke up with me he felt like he was holding  me back since we couldn't talk so much and to be honest he kinda was because i was always sad and missing him i could get little work done so we broke up and he told me he wants to try again once he is in college that if i remember his name he'll remember mine  skip forward two long months i am on summer vacation talking with his friend and i ask him something i forget what i asked but it was about Aldo and he told me that Aldo cant talk to me and that Aldo said i need to move on and since then I've just been in and out of relationships but i always planned to keep my promise and go see him i tried to move on like he told me to but now its two months before ill be heading to California and i am scared i don't know what to do 

should i go see him?"
pas_76209ed9,"Usually once I get hungry enough I will get a lot of food and it will be back on track, but honestly, that normally takes about a week and I lose a lot of weight in the process... not to mention I feel pretty weak at that point."
pas_337d2ce0,I will have some people I know come in with me and immediately lock the door.
pas_2b0cc189,This caused me to get quite livid and I told him up front that if he can't deal with the fact that I would choose her over him sometimes then he should start looking for better friends.
pas_451edad2,I also have attempted suicide twice this year.
pas_ebfba9fc,I am trying to say that people who dresses like hobo and poor couldn't wait in line to purchase for themselves (which they didn't and i did not mention anything about that.)
pas_d5319a52,I feel that I am now stable enough to come off my meds and I have stopped taking them since last week.
pas_06b34dfa,"So for the next few weeks I just went to work as long as I could, about 12 hours/day, ate fast food from the neighboring fast food places, slept in my car, then woke up to do the same thing the next morning."
pas_2a5740ab,I started turning to any substance I could get my hands on to at 15 and completely stopped living at my dad and stepmom a house.
pas_390086dd,"However, on my resume I have me leaving my last job some months ago even though I am currently working two jobs."
pas_e6ce9717,"I actually started a post graduate, but that was just a way to exploit an exchange in Brazil that i won in my last year of bachelorate."
pas_9a22b316,I intend to discuss this with my doctor one day but a part of me is kind of oblivious to the idea of having ADD and that it may not be a real mental disorder and I'm just an unmotivated terrible person.
pas_0ac97f5c,Like if my self-esteem is down I want to keep people at arms length and I will say offputting things to do so.
pas_33c31c18,I've been in a dark place for a long time and I am starting to slip back into it faster than I could have ever imagine.
pas_c3191929,"I haven't texted her back since last night, she's been texting and calling me fairly constantly but I haven't responded."
pas_56d1f425,I mean it's good money but I've been saving all summer and have around 3000 in the bank so I guess I could go jobless for a month or 2 until college semester is over.
pas_f7af8073,"Eventually I told her the truth and she was really sad because I lied to her(for 3 years) and I was sad because I thought I was gonna lose her.. but I didn't care.. i didn't want to lie anymore.. then she told me we could still be friends.. so I was happy..

we were okay at first.. then things started to become bad."
pas_a95bfd0e,I told him to get his things so he could sleep out there all night because I was not interested in sharing a bed.
pas_bed8e2fa,I should also point out that I believe she suffers from some form of minor mental disability.
pas_01a2c64d,"A couple months ago the mailman came to my neighbour's door to give him a package, he wasn't home so the mailman ringed to my door and asked me if I could take it and give it to him when he would eventually come back;

I said yes (first mistake) and then I don't know why, but I panicked : I left the package in front of my neighbour's door and went back inside and forgot about all that."
pas_ada57c12,"I end up hitting my bowel for a puff or two before I even realize I'm doing it..Right now I am out of product and I was contemplating buying more today, but me and my SO got into another argument about my smoking yesterday and  so I was just wondering...

1) How do you live without smoking??"
pas_a9eb6037,"so I could find out too without my mom finding out, I don't want to have that talk with her."
pas_2e718cb5,Hey I'm 13 and in 5 months turning 14 I just went into high school and I am having school trouble I'm not an outcast or anything I'm pre popular but I'm the popular stupid ugly weird kid I have some great friends but most do say I'm weird for always telling joke the reason I do tell jokes is because I want to fit in also because when I'm talking with my friends people like to ease drop and they listen to what I say like funny personal shit Its getting annoying cause when I play sports I get laughed at cause they are yoused to me being funny or doing weird shit I'm sick of it there is this one kid who tries to bash me up I know I could smash him but...
pas_b6d218bf,"again, I'm not texting her tomorrow but I want people's advice on whether I stand a chance or I'm wasting my time."
pas_5569c84b,"But as much as she liked me back, I know this isn't going to last and I just felt like it would be easier for both of us emotionally if I just dropped everything right now."
pas_9a315416,Does this mean I should do whatever it takes to get it?
pas_3cac4ed2,Today I decided to cut off all contact with my sister and her family.
pas_4761f41d,Well later that night I was talking and cuddling in bed with him and I told him what I did and laughed about it cause it didn't work and then he got really mad and told me it took a long time to kick in and he had class the next day.
pas_1748860c,I was talking to my friend today when we realized I had a few movies that I had taken from another friend over a year ago.
pas_ed9672e6,"I get it i should have just paid for it, but no I decided it slip it into my purse, thinking that well Walmart wont miss it."
pas_26705e8d,"She hardly did anything wrong to me, she treated me like a god, gave me everything I could possibly wanted.. And I just treated her like the dirt on the bottom of my shoes."
pas_61cc9723,"I will most likely not find a girl soon and will be very tempted to start being close to M.Girl, I don't want this, I feel too dependent on being her friend, on wanting her and etc but this will bite me back, I know it."
pas_6f21912f,"I can't expect our parents to do jack shit because they refuse to rock the boat, for the same reason that I won't confront my brother."
pas_2ffe648d,It was like the empathy in my brain switched off and I did not even care to explain myself.
pas_c0d5c773,"Only reason I'm asking now is because I think I'm starting to go for a girl who I should not be going for (her cousin and I had are enemies so out of respect for her cousin, I dont want to get close to her)."
pas_ce27c675,"And I don’t know if I should gamble my future, seems that I don’t know if I will even get into university."
pas_c738e782,"So, we have decided we will be kicking them out."
pas_ff1f0b86,Tonight I am saying I'm spending the night at a friends house and then going to her apartment.
pas_a88fe936,"There has to be something I can do, otherwise I might as well give up."
pas_5f91c3b3,Because she physically cant lift the boxes and im afraid if I bring up the fact that shes a woman and shouldn't of been hired to do a job with heavy lifting in the first place I will come off as sexist.
pas_6bd68e2c,I am not at all well mentally or physically and am worried of what I might push myself to with all this stress.
pas_24c48e61,"My last words to her were ""fuck off"" and I know she isn't worth my time but I still love her and can't loose her again."
pas_5994787f,"I eventually started smoking weed and hanging out with my friends to try and ease the pain, but at the end of the day all I did was be sad and listen to sad songs and it was just flat out horrible."
pas_b167150b,"I got paranoid about him not texting me back one night, so then I went and blew up his phone the next day talking about it."
pas_cb1fd221,"&amp;nbsp;

The next time I encounter this sort of people where I can't walk away from (e.g: leisure class, work etc...), should I just blast them and call them out for it?"
pas_4f0e12b8,"I have been into LSD and DXM (my best friend introduced me to DXM and ever since then I have had a keen interest in these kind of things), and the weekend before last I tripped on 100ug LSD."
pas_c7856e8f,I feel like he will not like the fact that I snooped in his bag.
pas_12c750a9,"Or they could tell me his address and I knock on his door and either a) His wife answers, b) A kid answers [like my half sibling], c) he answers and doesn't know who I am, d) he answers, knows who I am and doesn't care, or e) he answers and knows exactly who I am and is so excited."
pas_2d262eb1,"Today I kind of lost my best friend, because I slightly punched him by mistake while playing."
pas_89ca2301,"I have lots of interesting things to say, and I feel like I could get more upvotes by how I say them, like:

-starting sentences with ""I'll probably get downvoted for this""

-copying and pasting other people's comments

-etc."
pas_6e7fc7ac,"If I succeed, I will have money for a motel, drugs and food until I can figure something out."
pas_08cd3aa8,I half assed school because I could and didn't make much friends.
pas_e02023ff,"I didn't apply any anti-biotic on my injury that day,

Yesterday, I apply antibiotic ointment on it and wrap the injury with a bandage."
pas_193cfafd,"I think I've already upset her by telling her that she should call because I'm too busy today, mostly I did this so that she could see there's nothing wrong with making a call... but I might have made it worse."
pas_b9b71a28,"Regardless my parents will be angry that I bought a bunny against my lease, but if I step forward and ask them if I can keep my bunny at their house until I move to somewhere that allows pets in a year or two, I feel like they will be less mad than if they find out on their own."
pas_3fa6105b,But when a girl in media does the same thing and it's from her perspective I subconsciously feel that it's wrong and gross and that she should be choosy and whatnot.
pas_bb73434a,Our plan was to say that our friend smoked and we picked him up to go to the gym (we did actually go to the gym but we picked our friend up after).
pas_09ed2525,"I have suffered from pretty serious depression in the past, and after today I'm heading into some pretty dark territory and not seeing much point in continuing to live like this."
pas_1e95844c,I have to get on a flight and I have no way of identifying myself.
pas_f481235f,Sometimes I think about going back to the United States but I can't really afford to live anywhere and I might have to do a stint of being homeless.
pas_9758595d,"This year I have to do well, but I'm taking a class that expects me to be good at algebra and physics and I'm worried, so much that already I've been getting under 4 hours of sleep, and have to stop myself from falling asleep in class,    how can I deal with this?"
pas_61abee2e,I blacked out last night and have no idea how I got it.
pas_e8a3b4aa,"I'm 15, last summer I found out my dad hung himself over the internet with a little bit of research, my mother never told me I've been in deep depression I recently dropped out of HS and my life is going down hill, fast."
pas_a62ec14d,I usually just laugh it off and move on because i know i could easily physically dominate the kid and If he hinders my ability to work I just push him out of the way.
pas_6e13992b,I went to my first meetup last weekend and had a good time even though I didn't do anything but get drunk in company of others and talk to a few strangers about some of this bullshit.
pas_df00c14b,"this is a long post i wrote an hour ago for a different thread but i think this is probably a more suitable place for it

are you ready to hear this, because i warn you, i am an incredibly fucking complicated case

i've never had self confidence or self control whatsoever since i was a little kid, i became obese at a very young age and never had any sort of confidence in myself whatsoever, i've always felt like being overweight was an inevitability, but about 8 months ago something changed, i was prescribed a new medication for my ADHD called Lisdexamfetamine (more commonly known as Vyvanse) and suddenly a lot changed, i was never hungry at all, kinda, i always felt hungry but never felt the urge to eat, and to this day i have no idea if it was due to the medication, or the beginning of my Anorexia, i managed to lose 30 kg in about 6 months while growing a very large amount (i'm 14 years old and was in the beginning stages of my current growth spurt) i limited myself to only 3000kj a day because that's what your body burns in a day if you do no exercise whatsoever, however i still had no self control or confidence whatsoever, i still hated myself exactly as much as when i was fat, eventually i started walking 18km a day, the only reason i was able to do my 9km walks (i did them to and from school totalling 18km a day) was because i made sure there was no other way i could get home so i had no choice but to walk and eventually i dropped to a staggering 54kg (i'm a pretty tall guy) and i remained that way for a month even though i ate a normal amount, everything was looking up for me, i was starting to develop a bit of confidence and motivation and i was satisfied with the way i was... until i started getting baked, i get very bad munchies when i'm high so i ended up gaining like a full kilo every weekend, i absoloutely despised myself for it, i decided to try to get back into eating less by cutting out lunches, i still wasn't losing a lot of weight because i moved to a new house and now i only get to do 8km of walking per day and am a lot less fit than i was before (and i can't seem to motivate myself to go to the gym) ."
pas_630379bc,"The problem is, if I leave her, or just tell her I just want to be friends, she might fall apart even more and do something bad, like suicide."
pas_b548b177,"This year I had a problem with alcohol, I was drinking every day for a while."
pas_6f7abff2,"- Our utility bills went up a bit and exceeded what we had budgeted (by about $20-$30 a month)
While we did ask for fair notice if guests were coming over, we didn't confront our flatmate over it."
pas_b7dce3ec,"I thought about the possibility of transferring to other university after the second year, but I still feel I should just quit and try again next year."
pas_2a3ba7ac,"I blocked her on company instant message (always shows I am busy to her), and I make sure that I don't include anything personal in emails that I have to send to her."
pas_e45625cd,"It's a gamble im willing to take, everyday me and him talk about and the plans for the future - Soon as i land in austrailia i won't have any money to fly back if it fails and my mum said she won't bail me out."
pas_88abf12f,"I took the nutmeg last night, partially because i know its an incredibly effective sedative."
pas_f5128e2f,"It's just I don't find the motivation to push myself like I did those 2 years, I get home, go to work and come home and sleep, and on the days I have off when I know I should be spending my time more wisely I end up doing nothing, yet I know school is important but I'm really starting to hate myself, because even though I know it's important, I'm not taking any steps for myself to better myself, my dad knows I'm fucking up my future, my brothers know it, and I honestly don't know what to do."
pas_7f3b51dc,I told him today I'm helping him because I don't want him to go to prison for (selling drugs or being with people selling drugs and getting caught).
pas_97e498fb,"It's an awkward proposal, I know, but I hate seeing my boyfriend sad about this, and I feel like I come from a less threatening place since I'm a girl so they might be more likely to meet with me."
pas_44a2cc1b,"If it's an easy fix, I'd love to avoid seeing the doctor for the 100th time this month...

Also, I understand it's dumb to ask for medical advice on the internet."
pas_7d534398,"He did lsd a few times too, I've done it with him before too."
pas_f2a720f1,I'll walk down most of it and maybe jump the next 4 or 5 ones straight to the bottom because I like to.
pas_8473c9bd,"Okay so here it goes;

1) Gift for a girl

So this girl in my year threw a Valentine's Day party on Sunday and my friend and I got a little too drunk and were sick (I got to the toilet, he did not ) and one of us ( okay it was me)  passed out and peed ourselves."
pas_bf83154e,At first I thought about just not going on the first day if I have to go to school B. I’ll just sit there and not go.
pas_db5c98d2,"In the past, I might just solve the problem by beating his ass, but I can't anymore."
pas_74d175ca,Is this like a resume where I slightly exaggerate what I do in order to make a case for myself or do I kinda just list reasons why I might benefit the venue?
pas_7775ca5c,"Now, I really feel like ""meh, I won't do the homework and I don't really care""."
pas_95c3b20a,My plan was just to say I had a family emergency and had to leave but now that it is tomorrow I'm starting to freak out and idk what to do.
pas_352e07d2,"As in, I should just be able to ""get over it"" without ""magic happy pills"" from a doctor."
pas_4e306789,I will make bullet points of reasons I do not like this guy.
pas_0ec18f5f,"I thought we should set up the webcam to see what she does in our living room, but I am more worried about the food loss at this point."
