id,post_text
pas_056be483,"So last night I was up all night drinking vodka and Diet Coke I had a lot, I done probably about a gram of coke and I haven’t done it for months and months, when I got home this morning I threw up a horrible dark brown coloured vomit that looked nasty it had brown kinda flakes in it as well, now I’m really scared I’m dying or I’m gonna have to go to the doctors and tell them I done coke😭 what could this be?"
pas_852022bf,So I thought of the worst thing I could; something people would HAVE to pay attention to.
pas_34a6b1ed,I'm sinking into depression because of what I did.
pas_57c864ad,"I was thinking of messaging him on facebook, being friendly and all to 'catch up', then sending him the link and saying, ""Next time you might want to not make your name part of the web address""."
pas_2141e78d,"---

I will be having end of semester exam on Monday, but I don't feel like to study for it."
pas_c0734aaa,So i deleted her from my facebook last week.
pas_9f823b1e,"I am currently trying to lose weight despite a sprained ankle.I am trying to give it my all, but in the meantime I will see womens beautiful toned bodies, like when I went to Hawaii, and take a look at my shitty body I can hardly take it."
pas_31a657f2,So i have to sneak out or say i'm not going that far.
pas_a3238bdd,We have been holding the rent untill we get the lease in the mail (witch was again promised to be here today) so we can make repairs since he will not.
pas_85ed3afc,i did well in sales because i could read peoples emotions and let my desires of wealth and greed dictate my responses.
pas_781e3b16,"I know it was wrong of me to go through his phone, which is why I'm not sure what to do next."
pas_e3e17798,So we have to sneak around to see eachother and she is 100 miles away which makes sneaking around to see her extremely difficult.
pas_1cdf7a3f,"The next weekend there's a huge party my friend is hosting, and I offered to snag some booze."
pas_69b4a4c9,I dunno...  Jessie Pinkman (ironically he was a rich kid) comes to the surface and I have to fight back to the urge to tell them to fuck off with their beach bungalow story.
pas_0387a70d,"I seriously wish I could just scream ""Will you *shut the fuck up* dude?"
pas_8e712c08,"Bad enough tonight I went in there and used an entire bottle of febreeze, opened the window with a fan going, sprinkled baking soda all over her carpets AND am burning an entire brand new candle in there."
pas_de12305f,They already get mad if I use my own money to buy a game on the PS4 (I should also add that it took my brother a couple weeks to persuade them to let him buy a PS4 with the money he saved from working) so i'd rather not see their response to when I buy the parts for a gaming PC.
pas_9a7341d9,"Now, almost 20 years later, I am struggling with whether or not I should apologize to my cousin for allowing those things to happen and for at least partially instigating them."
pas_d94c7457,"these are just lives I wish I could live, in a way I entangle these thoughts and tell others this is my life."
pas_cfee78e3,But i dropped it joined a frat began to focus on work school and talking to girls/ all kinds of girls nice ones and slutty ones and i know i could keep moving fine and not think about it all?
pas_e68c9bfb,"My grades have been slipping, and as of yesterday, I have withdrawn from school."
pas_caf68030,"So i (23 m) love, with every fiber of my being, this girl (29 f), i used to be her drug dealer ( i dont sell i just got it (weed) for her) and we got to be pretty good friends and after a while she asked me to move in with her and so i did."
pas_04ee1601,I wanted her face in it so I could check with the profile (which she deleted not too long after we exchanged numbers).
pas_32926be5,If it means just getting written up I'd be fine with it because I know what we did was stupid but if it means losing my job I am wondering if I should just denydenydeny.
pas_d41a648c,"i do not want to bring this up with anybody in my limited circle of acquaintances on the chance they think i'm suicidal and am worried about the financial costs of seeing a psychiatrist (or even if i should see one, if this is more or less ""normal"" among people who are unhappy with their living situations)"
pas_79462e85,"I haven't left my house at all today (6/24/2014) I have also stopped manipulating people for the most part and if I do it now, I do it subconsciously..."
pas_2225f2a7,I know this is a ridiculous and creepy/stupid thing to do in today's society but sometimes I even pass up chances to actually enter into a relationship with a different girl because I feel like if maybe I do this one thing and get my crush's attention with some intricate half-baked plan I cooked up while talking at my buddy on facebook I can get my number one choice.
pas_cfe748bd,I won't be myself anymore.
pas_1663ad7a,All it takes you is paying me said money and I will abort in an instant.
pas_1dee55cd,I have to hurt myself or make threats or be destructive in some way.
pas_293f777f,"I told them that I will decide to transition by ""hopefully"" Monday, I suppose I could act busy and never sign the employment papers until I get a call from my other offer, but they've taken a week already after my initial interview with them, I called them and they said they'll still have to come back to a decision since they are having a very busy week

5."
pas_b72092d2,*I break down every time I have to go to school.
pas_53fecd0d,I said that I understood and asked if we could still be friends but she replied that she didn't want to lead me on like that so I begged and begged for her not to go and that was when she cut me off completely.
pas_4cfad520,I suppose I could also come in on days when I am not scheduled and hope we bump into each other but that seems creepier.
pas_06985b61,Tonight i am secretly moving out under the cover of dark.
pas_99480d6a,Should I call in sick that last day of work?
pas_0fa746c2,I held in all my emotions during the argument so when she said that I could keep the cake for myself and do whatever I just went upstairs and threw it away as I couldn't hold my anger in anymore.
pas_a8e6ce9c,"My Aunt's husband died, and I did not go to the funeral or visitation."
pas_eb9ab21c,"The doctor/nurse did say don't order anything from the internet but when I did ask her if I did take the viagra even if everything is physically fine with me would it cause me any harm and she said no, just possible head ache."
pas_6dcea88f,Now I go to YT and in order to get the next location you have to view my channel.
pas_3aa4b316,"Now, here is my problem: When I See someone smoking or when I smell the smoke i get this kinda weird feeling that I could also smoke a cigarette."
pas_23f4ea55,"The first month was rough because i didn't got payed the first 15 days, and slept in a inflatable couch, i did get early to work everyday that month, but at time passed i grew more and more lazy until i did not start delivering stuff."
pas_b06bdc9f,I don't know what to do but I have to get back at him somehow.
pas_028a6cb5,"I get a little drunk before I see her, I have to."
pas_c312b710,I assured her that I am there for her but I just spent the last day and a half high to avoid thinking about it.
pas_770e1359,"Without going into too far our respective financial situations as it would emotionally influence the group opinion, I will say that she is more than capable of handling the bills on her own, as her parents pay her rent, car insurance, health insurance, phone bill, and give her spending money for the month."
pas_3699468a,"I should've backed out as soon as I was prompted to enter more serious personal information, but the line of customers behind me was growing."
pas_7ee28394,"Carpet colour is a really light tan

also i didnt pay a bond and not under a contract and live in new zealand so my last resort is run and hope they dont make a claim at the small claims tribunal, but thats a bit of a dick move."
pas_abfbd868,"It's really no skin off my back either way, but I wondered if I should milk this for comic effect."
pas_3fde7ef1,"TL;DR: I ""catnapped"" my neighbor's flat-faced Persian, feel like I did something bad even though this cat was dirty and covered in mats, and I am finding her a home."
pas_128652a7,"So, what I'm asking is, if I do get called to show up tomorrow, can I tell the clerk or whoever I report to I'm a student upon arrival and get out of it?"
pas_55f816f3,How I feel right now I want to leave this apt and leave it destroyed because the last apt we lived in and just the pure disrespect I've gotten I'm so upset.
pas_2c3c274b,"I could of said stop, because I have a boyfriend and I didn’t really know the guy."
pas_bfde333e,apparently it's illegal what i did or something.
pas_d3539ee3,I attempted to abuse vivance to pass last semester but even after that i failed.
pas_a029c7dd,"I wouldn't have to live in fear and in dread of what the next day brings anymore, because when it's time to go home, I can really, truly go home."
pas_344db428,"A few of us, including the fart-behemoth, are going to a party next weekend, so I’m planning to use alcohol to my advantage and confronting him without coming off as an asshole, but I’m still not sure quite how to say it to him."
pas_ffa3822f,I should say I refuse to rely on or establish credit (mainly because my estranged parents went into major debt with credit and never bounced back).
pas_85aa5a6b,"Why would I wear makeup, a dress, get my hair done (the whole idea of having to get all prettied up for prom is so superficial to me, but that's for another post), and go to an event where I have to pretend to be happy and enjoying myself, just to make her happy?"
pas_5e84c746,"I don't really have a grip on things all the time, so last time when we talked, when he act really impatiently toward me I just flipped out on him."
pas_7108132a,Should i do that the next opportunity i have or wait until he's actively being a piece of worthlessness again?
pas_89515e22,So the next day when I saw her I made up an excuse and told her that I lost her number and broke my phone while playing soccer.This was a lie because I couldn't bring myself to tell her that i'm not interested.
pas_7a285811,"I was also thinking of emailing her today just so this idea would already be set in her mind so she could think about it, I'm just confused as to whether I should lie or not."
pas_ea15862d,"I’ve ordered generic Adderall off TOR in hopes of improving my focus to help me study, only I don’t know what/if I’ll get in the package, and I need to take the GRE in the next month or so if I’m going to apply for the Fall."
pas_a867f5e6,"I, as the  overtly curious person that I am, went looking around in her email for a certain thing I'd seen before that no one should have, that I won't mention here."
pas_07b18353,"I truly know, heart and soul, I should not give a shit, that the only thing that would result in me talking smack about this dude is me looking like a jealous putz."
pas_ff27cf0e,I want to take my last money and if it will enough then buy a ticked on a plane and go to some port city where I'll ask for a job directly from ship captains.
pas_8ec7bdf0,She was really freaked out when she told me the next day and I brushed it off thinking that it was just innocent playing around and she was drunk so what the hell.
pas_4ba2780f,Sometimes I ended with a good excuse to have a recommendation for the next job but I just cannot conform to a schedule.
pas_2ef354b5,"This is the last thing I have of hers, so I want to send it off in a highly ridiculous fashion."
pas_b6fcc9fd,"The next night I came back (again, this had totally warped my mind) and once I had gone back, I didn't know how to stop."
pas_c9b9b49a,"So, as expected, I end up being very passive aggressive toward them when I should've just cut them off (which I can't do because it would make me feel too guilty because I understand their side too much)."
pas_4a242c91,like make a gmail account for a fake person and act like I did work for them?
pas_b7ac39e3,"Not wanting to tell him, I said it was a teacher calling to make sure that I would continue to attend a program next year."
pas_4195e848,"In thirty seconds, I could get into a crash and it has happened before."
pas_10c91a26,Like fire off a resignation letter to HR my last day?
pas_ed64c5d6,Last September on the 28th I go to take a psychiatric evaluation before I'm supposed to be placed on probation for a robbery and I tell them I had used the day before.
pas_13e68fda,"I imagine they will open cards using her name, social, address, and birthday."
pas_849f8896,If that means I have to smuggle him elsewhere and take the blame of losing him or something.
pas_9d03d851,I don't know if I should just give it to my manager and tell him who I think it belongs to or if I should ask the customer if he lost any money... or maybe I do keep it.
pas_de826207,I feel like I should be able to cut loose and use a substance without feeling like a dirtbag.
pas_06e74676,If I could start over I would tell her where to go...
pas_2b6774ab,"As an ex-driver, if a customer complains at the door about the time, i usually lie and make up something about an accident or traffic or something, even though the truth is that the employee dropped your pizza, but i cant say that, i have to blame myself so you keep ordering."
pas_5bdcf22a,"I dont know what to do or say, today really caught me off guard and all I want to do is drown my sorrows in a handle of sailor Jerry."
pas_a1fff0f6,"Back to this week, with the whole asking her out in mind I've been trying to see what I can get away with in terms of sitting close and making more physical contact."
pas_5ba24b2a,"Last month, I snoop around and found a pair of socks in her lunchbox."
pas_2b578029,I will only take them when I get so tired that I can't function anymore as I worry about becoming dependant on them.
pas_1bff17a1,"If I made a mistake and uploaded content I should have, I would like to have the benefit of the doubt in that I did not realize the material was copyrighted, and believed they fell under sharing for entertainment purposes after having been modified as derivative works."
pas_a7173b45,"I have to spend time with this people so being a total Dick is out of the question, but I need to get my point across."
pas_a00a41d2,"I'm reaching a point of irretrievable narcissism, depression, and loneliness, despite being active amid this sea of humanity at a major public University; I will never contemplate suicide, but self-immolation of the sycophantic sort - being the best business leader, the best friend, and the best neighbor to those who know me - is the likely outcome of my current mania."
pas_727ebe19,I am going to assume the private one won’t see it?
pas_32f33178,"I feel like I should just leave and never, ever go back."
pas_c3730ec2,I plan to buy a house soon but I've only been out of college and working for a year and haven't saved enough for a down payment.
pas_ab87d318,"Today my child would have been born, me and my girl have been struggling to not fight lately... she’s been abusing alcohol and drugs, so have I..."
pas_58358496,I know it was wrong but I had a gut feeling to check her messages today when I was helping her with something on her phone.
pas_573ade33,"Life, family, friends, job the thought that i will be alone for the rest of my life is killing me."
pas_cecd48b7,"In high school, before junior year, I could flirt with a girl if I didn't really have an emotional attachment to her."
pas_e194b16b,I did not call the cops because of EMBARRASMENT.
pas_9a315416,Does this mean I should do whatever it takes to get it?
pas_01e25089,I just don't know if I should make a risky purchase like that and end up with 0 money and a busted car.
pas_a0c6e879,"Here I am today, 5 months later, I haven't spoke to my mother in 2 months."
pas_ac70d8d8,So she and I did not work yet got paid for actually working.
pas_63c9380e,"Due to the fact that the aspect of cleaning at this point just gives me panic attacks because I know my roommates will just watch me clean and openly judge me, I've opted to either clean when they all go out somewhere (turning them down in the process as they usually ask me to go out with them), or I'll do it at the last possible second before the ""due date""."
pas_7cb0513e,"I don't think I should say thanks though, for putting their money in the register lol."
pas_35735afe,Or maybe I should end it early.. the longer we are  friends the more hurt I'll be when he disappears like everyone else.
pas_a38b406c,"I left town with my boyfriend to Florida, but he overdosed yesterday/the day before, and I left there because I didn't want to get arrested for drugs."
pas_c2ff4e9a,I gave her one of my sleeping pills and tucked her back into bed and made an appointment with the doctor tonight.
pas_378a0efa,I know I should have never lied but I was afraid he wouldn't be interested in me otherwise.
pas_8696e78a,"I also printed a sheet stating temporarily out of business, posted it on the front door, locked it and walked out because they expect me to do graveyard the very next day."
pas_9c77d431,"If I was them, I would literally take all her stuff, throw it in the back yard, and say, next time you come back, I am calling the police."
pas_ca8fa280,Also he said that it was illegal what I did and I could have recalled harmed him because I wasn't supposed to crush the tablets.....I never meant to hurt him at all.
pas_7229b280,"Hi guys, in order for me to receive disability grants \(giving me wayyy more dough i do at my current job \[only $35k\] i need to become 290lbs, currently 250lbs and sad that i have to work."
pas_6b31f1c8,"I don't know if I should make some kind of status just casually mentioning I found it and it's weird, just to kind of confirm it's nothing to do with me if people HAD seen it?"
pas_e76cd672,We basically spend 3 hours together today in the back of my car talking about a relationship and getting physicalish.
pas_363c3754,I should have gotten up and swung with everything I am.
pas_906f171f,"I've thought of completely blocking the way under the door wich is the only way in, but I have school and at some point or another I WILL have to go out there?"
pas_612c5f17,"Spite is still what drives me to the gym today, months later."
pas_65fcef0a,"I've been considering hiring a private investigator to get her number (stalk the stalker, lol) but that's my last option."
pas_016570ef,"Most nights I just procrastinate until the last second, then tell myself it's not worth it and it won't hurt my grades that much since I have so many zeroes anyways."
pas_c3f5b8d0,"I’m nervous to tell my dad because I know I shouldn’t haven’t let him alone, but I did anyway and I don’t know how to fix it."
pas_feacb6ef,"And again, he NEVER leaves the house, so I have to bullshit anyone I date about the house."
pas_deb4c7e0,"My current job is at-will, and since i've only been working for 5 days I don't see them taking too kindly to me just asking for half a day off or even a full day off (ie say I'm sick or doc appt...which i would come in the next day and everything would just be fine...)

So, essentially what is your opinion of how to approach this situation?"
pas_46449be0,"Hope that's ok""

At first, I was a little taken aback since I was the one who went through the trouble of getting more and the weed I have now is kind of my last hurrah (to get the whole smoking thing out of my figurative system)."
pas_ecf05af0,"I texted her and told her what I found and why the hell she still has it, she seemed noticeably upset claiming I was snooping through her shit and said we will talk after school."
pas_c2519b46,"When i first found his dating site i told my friends about it and they laughed and after i suggested we should talk to him and see what happens, my friend ended talking to him more than me and the text they were sending him were flirty and stuff so he started liking the ""girl"" we were pretending to be."
pas_5f28fcb9,"I have an idea for what I could do, because I can easaly get his number and post it online."
pas_2b3aa176,"I've been putting off the urge to drink for a while but tonight, I've succumbed and brought myself a 12 pack and a bottle of vodka to last the night."
pas_3be28e31,"And what she did didn't bother me... Until one day, I noticed that I was slowly ignoring her, I was disgusted and grossed out by her."
pas_5822c085,"I've tossed off old friends before, but in the past it was a lot easier, because they did something heinous that left no choice."
pas_ada57c12,"I end up hitting my bowel for a puff or two before I even realize I'm doing it..Right now I am out of product and I was contemplating buying more today, but me and my SO got into another argument about my smoking yesterday and  so I was just wondering...

1) How do you live without smoking??"
pas_c03afd97,"The dogs have killed 3 cats, 2 squirrels, and a baby bird last year alone and I spank them for it and say ""No."""
pas_a652a5a0,"Even took up smoking, a habit I still have today."
pas_8347e4c1,"In this last week they've bought $160 of weed off me and they want to pick up another quad tonight... of course they want to come to my house and stay here for 6 hours until they have to go home, and I don't want that."
pas_a65fbaab,"Don't worry, I won't tell anyone about seeing you on that app""."
pas_1490dc95,"But I've herd of other things like I may lack vitamin c, have low testosterone or something of that nature (I am aware that low testosterone is commonly only a problem in older men)

&amp;nbsp;

The reason I am seeking help about it now is I have been having a lot of thoughts of suicide again, and I feel that is too selfish of a thing to even think about because of all the people I would hurt and my life's not bad enough where I should feel like this is my only option."
pas_4de09fff,"Problem is, last month i finally ran out of money, my bank account is at -150€ and i should have paid my rent until today."
pas_d36d9b2b,We know a lot of the same people so I could turn people against him?
pas_bb232f58,A bad break up and loss of friend circle made me lose all self respect and I spent a semester drinking hard liquor every day and ended up withdrawing from that semester and taking the next off.
pas_27d92e01,"Today my mom asked me why i spend so much time in my room, and for me that question really hits a nerve and makes me mad, so I told her that I dont like spending time with her or dad so I stay in my room."
pas_654b586e,"Today I can't seem to breathe in all the way without pain, and exhaling produces a wheezing noise and crackling in my lungs."
pas_afe78507,I was so tired that I fell asleep on my couch and the next day I went up to their house and banged the shit out of their door and waited for the parents to come.
pas_a6cb82d0,"So in a last attempt to disgust ourselves, we said ""she would probably have sex with an old dying man in a nursing home""."
pas_d0ec54aa,"I just told her thank you so much, I wasnt planning on eating today."
pas_663f8c0a,I think my yearly physical for work is coming up anyway so I could just ask my doctor to write me a bullshit excuse and kill 2 birds with one stone?
pas_44a57847,"Thing is I have to lifeguard at 6 p.m. tomorrow, and idk if I should drink or not."
pas_4a5b99c3,"I want to go up there and tell her how ridiculous it is that she hasn't apologized... but I don't want to force her to apologize, she should do it on her own."
pas_cb7443f7,I got no way of knowing who it is (if I did I'd fuck them up).
pas_c57852b4,"Also, I plan to say that the accident was on XYZ date (a month or so from now so it does not look suspicious)."
pas_ba7447fb,"What sparked me to create this post is the fact that today I've came across a gone wild account, and if other recruiters are as thorough as me then I wouldn't be the only one to have found it."
pas_afc51679,All I have to do now is sit around and play video games or smoke weed all day.
pas_9000c0bd,"I did make a mistake which is inexcusable but I am sorry, and I can't live with all this guilt."
pas_ed94d5d7,"See I'm back for spring break, and I haven't seen my bro in months so we thought we should smoke a bit."
pas_a5f6b3d8,"I probably actively work for around 1 hour every day, while I have to spend  the other 7 pretending to work."
pas_de034933,"I am currently in a mess just like this post (sorry), because I am literally tearing my hair out trying to find something that I will enjoy."
pas_bf83154e,At first I thought about just not going on the first day if I have to go to school B. I’ll just sit there and not go.
pas_6ee0f561,I even delayed my AP bio to the last week before I had to take it (Self studying out of book) and somehow still procrastinated until the last hour for each day I studied (all new concepts).
pas_1f145f53,"I intend to sell Natural Raw Dirt Supplements, which are dirt in  a capsule AND SELL SPECIFICALLY TO ANTI-VAXXERS."
pas_709eaa72,I can't let this happen again and I really think that at this point I should take a day to let the guy cool his jets and quit fucking with me.
pas_ae4b87ab,"I will throw up due to anxiety/nervousness multiple times a day, I won't be able to sleep at night (I have nightmares about the issue and make up a billion times)."
pas_17f3f3ff,"This Friday I will talk to him about maybe paying me in all cash instead of the coral and cash stipulation, I doubt he will agree to it."
pas_9d5f23be,"I have no money, I am $4,000 NZD (approx $3,200 USD) in debt from overdraft and credit card alone because I had a horrible delusion that I could use the $2,000 student overdraft when I was in school to get an adequate computer for 3D rendering and other things I needed then get a job and pay it off after."
pas_3e997a39,"I'm not as fast as everyone feels I should be, but I also notice everyone is pushing their own work off on me, and then bitches when I get behind."
pas_559cca77,"Sorry if this was so long, I have my 2nd Organic Chemistry exam coming up next week and I am just trying to find a way to release stress from not studying at all.."
pas_51d7df0e,"Long story short I took off my plates and registration and all my shit out of the car and called a friend to get me because I had work the next day aka today, so what do now?"
pas_cee37a16,"You may be asking yourself ""why not just call the cops"", to that i say, i wish i could, but if he's 'caught' in our 'house' we will get 'evicted' no matter the situation, so i'm at my limit, i don't know what to do to get him out, right now, as i type this, my brother is playing his damn music so loud that anyone awake could hear it, at 5:30 am, basically, the final nail in the coffin that reassures me that he gives 0 shits if we get evicted, as long as he has a place to stay for a few weeks."
pas_c3053d1f,"I really liked my last ex, but the relationship ended because I continued to want more and more— suddenly she wasn't smart enough or pretty enough and I just couldn't find love for her anymore."
pas_07b990ab,I go to work everyday via cab and I just start thinking that maybe I will be in an accident and die.
pas_96ec7d85,"* I think I keep lying because I'm insecure, so to cope with this I fabricate some story that either I will feel good although it's a lie or just to make up a story."
pas_9bbbf70c,"I did steal from my mom just once around five years ago, I was sixteen, and it was quite an amount."
pas_b6b2c1b2,I also probably tried to get with her because she probably had as bad self esteem issues as I did and that probably made me feel better about myself.
pas_e42284a5,"As described in the title:

A close friend rejected me like 3 months ago, I removed her from facebook and deleted her number after she did it."
pas_be387310,This might sound stupid selfish and lazy but if I could sit on my ass watch tv drink beer and smoke weed for the rest of my life and still have a decent income I'd be just fine with that.
pas_589791df,"I'd love to send a message telling them to learn how to use email but 1) I don't have a FB account, and 2) even if I did, I would need to ""friend"" this person for them to see my message."
pas_1d2f6d9c,"* My fiancee's birthday was a few weeks ago and just taking her out to dinner, drinks, and brunch the next day used up my entire paycheck (~$250)."
pas_72fed1ac,I could stop texting her altogether but she goes to my school and I'd rather not have that spread around that I'm a douche haha.
pas_bb967483,"The next day, the day of our planned date, I hit up Ben and Jared cause we always hanging out."
pas_2f0893f7,"Yet I am broke and work under the table for construction  and the work isn't always steady (I could go months without work) I have found a new passion for programming (learning python and ruby) and IT  I am also excelling in studying things like hacking ( I know I sound like a cheesy 12yr old trying to brag) and i pull all nighters studying what i love even though the college i go to doesnt offer a lot in computers but still, I am broke as fuck."
pas_3c1a8870,I didn't cause the damage but I did participate in the same activity that ended up causing the damage and I am the one who suggested it even though it was in jest at first.
pas_e678158c,Right now its 4am and I've spent the last 8 or so hours doing nothing when I have so much to do.
pas_04ac89b8,"I thinking how he might not choose to mess with me because if I brought forward my case to the public, it will mess with his reputation (and mine as well) and basically cast him in a very bad light."
pas_f6ebd36e,"I will greatly miss our friendship, as I know she is far too immature to maintain it if we are no longer romantically involved."
pas_61478c1f,I have cried myself to sleep every day for the last 2 weeks.
pas_346aaae0,He pushed me yesterday and punched him.
pas_51299c0c,"So i thought i could prove it to her the ""real"" me by saying some things to her boyfriend that i shouldn't have said."
pas_af2b2f39,I plan to bring these pictures forward this weekend and call them on their bullshit.
pas_d26c990c,"I have two texts drafted to reply to her with in my notes: one states where she can find the books and to stay the fuck away from me, the other states that I will tell her where she can find her books after she admits to what she did, her intentions around my partner, and all her anti-friendliness/anti-compliments and undermining, gaslighting behaviour."
pas_bc1df46c,"The problem now is that she arrives tomorrow night and I am afraid that she's no longer interested in me if it makes sense, I do not want to annoy her so I am thinking of just cutting the connection with her, however, maybe I am misunderstanding something and should ask her again (but as I mentioned earlier, I do not want to be annoying and be one of the assholes that does not let somebody go)."
pas_4d13ac61,"I thought by staying close to home I could help out my mom and save some money, instead I went out every weekend and used about $15000 in careless spending."
pas_54bce079,"Honestly deep down I don't want to quit it just yet, in the next year or so for sure, but right now I just have so much going on that it is helping me push through (I know this sounds like an excuse to keep smoking it)."
pas_06f0d04e,"So i found out my girlfriend of 2 years is bisexual, and im not entirely sure if i should worry that she'd be off with other girls instead of me."
pas_c99739f4,I did however stalk her on Facebook through friends of friends a few times and by the end of the summer she had a boyfriend.
pas_1adc3d57,So I've been having suicidal thoughts in spurts over the last couple of months.
pas_89048d07,"I have desires as well and I won't jeopardize that for my parents, who won't live to even see the benefits and who can at best be considered parts of my entourage, albeit momentarily bigger than others."
pas_85165001,I am constantly depressed and every morning I have to will myself not to just end things.
pas_6e63a6c1,I signed up for student council this year but have missed the past 3 meetings.
pas_f36ed0fb,"I constantly tell myself that if I don't confess that I will technically receive a grade that I don't fully deserve (even though the extent to which I cheated maybe only,helped,me get like 10 or so more points out of 300 so far, so I would still have an A if I never did anything wrong.)."
pas_69c419c4,"I’m not sure why i did this at the time, being whoever i wanted allowed me to get the attention i wasn’t getting."
pas_cc438ced,"We go away to separate Universities next summer, and I was kind of planning on holding off till then, but is that unfair?"
pas_03431bd7,(Btw I won't mention her name or anything only close friends and her will know who I am talking about)
pas_6f7ddfff,That's when I decided I had to show her how selfish she is because she'd pull these kind of tricks on me for the last year or more.
pas_89ca2301,"I have lots of interesting things to say, and I feel like I could get more upvotes by how I say them, like:

-starting sentences with ""I'll probably get downvoted for this""

-copying and pasting other people's comments

-etc."
pas_a08fd5da,"After this happened I kind of got pissed off about it too because, perhaps my remarks were rude though I did not intend them to be so, I'm just getting really tired of her acting like she's always justified in every opinion she has."
pas_6d3e6a5d,"He keeps saying he's going to quit and never does, today I lost it with him and told him how pathetic it was and that he needs to take control of the situation."
pas_17e03fa2,"I isolated myself after she left my dorm, i did not want to talk to anyone but her."
pas_07b3d322,"All I could tell him was he owes his brother an apology, don't argue with him for looking under your mattress, talk to your brother if he insists he wants to talk, and hide stuff like that better."
pas_a630f22a,"I understand everything that happens in class, but I am lazy and put off assignments till the last minute."
pas_4b0f1ad3,"Normally I'm ridiculously careful and suspicious of everything on the internet but today, I (stupidly) submitted the above details onto a web form for a job as a 'brochure distributor'."
pas_b4e360b8,"It didnt really bug me, i just wanted to see if i could convince her to do it."
pas_2d4cd7e4,"But i found out today that it isn't that simple because
i wont know my host-family untill i have made my decision (they could be weird or homosexual, strongly religious, etc."
pas_eb3349f3,"Now, I've considered walking in there during the day and asking for the owner and just having a chat with him, but as I said- I think one of them is actually the owner...

Tonight I really was close to stopping, getting off my bike, going up to them and going ape-shit on them (that would probably include some physical violance, because I don't control myself when someone pisses me off like this)."
pas_b53803cf,He was really upset the last time and totally useless for 2 weeks until I got back with him.
pas_9a426e72,"So I wore my (possibly too small) chest binder for around six hours today, which I knew was stupid because I was already having rib pain for the last two days without wearing it."
pas_2eb743f6,"I know this was wrong but I lied to her and said I did apply, and had interview."
pas_0efa6e22,I will never forgive her.
pas_d6117ed6,"Am I reasonable to hate him, and not care that he's passing, or is there something underlying in which I should sympathize with him?"
pas_48810046,"I'll try to look for a job till then, if I don't I will quit my job and go back home and she'd never see me again."
pas_a61d685d,I broke the rule today.
pas_0f008c47,I might not get an opportunity like this again and I might burn a bridge to the new company by nullifying the signed contract.
pas_afff371d,I just asked him real quick what the last name of his manager was so I could look him up (he's been giving my brother shit lately) and he immediately looked up at me with the blankest epression with his mouth wide open without moving at all for like 5-10 seconds before responding.
pas_84d577a6,"I'm not going to lie, i did go through the faze of wanting him to see what he was missing so I was posting cute pics up for him to see and I still got nothing back so In general this whole thing has got my hopes up for nothing but I really want to see him again and for him to like me like he did before."
pas_b874e41d,"I am obsessed with that thought, I think about it night and day and silently pray that she will go before I do."
pas_2e60805b,"I stole from my job (I'm an idiot, I know) and I believe that my boss knows that I did it."
pas_4e00afa2,I know if i dont i will die..and what im done and ready
pas_7f5ab15b,"But me, having developed so much negativity and hatred I did something stupid."
pas_ca6d713b,"I don't know if she flirts back or not because as I said I am terrible at reading people but one example of when we talk about 'weird things' earlier today we went bowling with a few of our mutual friends and she told me that she wasn't wearing a bra and when I jokingly said to jump to prove it she did and started laughing, That might mean nothing or everything but I have no clue at all."
pas_850e1800,"I deleted the profile again so I could really nail-down the fact that maybe some outside force is like ""HEY THERE IS SOMETHING WRONG HERE AND MAYBE I WAS AN IDIOT FOR DOING THIS!!!"""
pas_747543c4,Didn't see any cars behind me but as soon as I pulled into the street I could literally hear brakes screeching behind me and went oh fuck.
pas_ce08a8c4,I know that what I did wasn't right but I told him straight up what I did and he knew that he probably wasn't going to go into a relationship with her.
pas_9e0e23cc,"Do I tell him, confront her first, say nothing, check her last log in anyway?"
pas_abf92406,"However, my first three years were spent restricting my meals so I could be around 100 pounds and bony as possible."
pas_3a986080,Its summer now but at the end of last school year (before i turned 18) I had my boyfriend over with out my parents permission while the parent i was staying with was supposed to be out of town.
pas_232627fe,"today i took his laptop and went on facebook and wanted to go to a memes page, i saw that his search engine is full of girls names and one of them i use to know 4 years ago, she was my roommate and i always noticed that he liked her as many men did, me and her fought and didn't end well between us and she screwed me over and i paid all the bells alone, but why the hell is he searching for her now, i confronted him and he said all men do that, do they??!!"
pas_12685d6f,I hate it and last night a snapped and screamed at her.
pas_56741da6,"This year, I carefully planned out my timetable to talk to them less and less."
pas_5a5c8ca2,"i wasted all the good parts, i pushed all my friends away, or at least i feel i did, but i dont want to be with them anyway."
pas_80de7fef,"This last example made me start to think, ""Am I going to get all OCD over this?!"""
pas_837b9916,I'll bullshit em if I have to..
pas_be93d11a,When we were lying in bed last night I could tell that he wanted to have sex but I told him I didn't feel good so I had an excuse not to have sex.
pas_098f3b51,"Last partial exam, I was able to cheat with my celphone and get a 60 at both subjects plus another one."
pas_4b926b27,"Honestly I was wondering if I could go to an artist and get a few seconds of a tattoo pen on me without ink to see how I cope with it, as I don't want to start and stop half way through because I'm freaking out!"
pas_8ae1575b,If I keep going to school I feel like one day I will be in class and just go crazy; just blow up yelling about random shit or just walk out of the school getting me in trouble or if it gets bad enough be in one of those negative moods and actually attempt to kill myself... which I have never done but if the thought keeps coming up I don't know what I will do.
pas_10aeb8b0,"I am university student , the only child to my mother , I have no friends mostly because i have spent most of my life in a village where my mother was working , all the friends i made there have vanished after high school and everyone got busy with his life , so when we moved to the city nearly 5 years ago ( so i can enter the university ) it was hard to make friends because everyone already have their friend circle almost closed , either they know each other from previous school or common neighborhood in the city etc.... , so i was introduced to solitude and i loved it , i don`t have common interests with the people around here , i am not a fan of small tacks / most activity that the youth here do , you have to understand that i am a closet atheist in an extremely religious area of the planet , and i can`t tell that to anyone because that would expose my life to extreme danger ( ex:death ) , nearly five years ago when we first came to the city i entered medical college , not because of my love or passion for it but because of my parents and culture semi-direct enforcement , back then anytime i would open the subject of not wanting medicine to be my life long carrier my mother would burst out crying and prying on me with bad stuff ( I was Muslim back then ) and basically acting all crazy in the hope that would make me back down from following my passion and choosing for myself the life i want instead of the need to take the approval of my mother , i am adult for nature sake , i don`t have to tell her everything or even take her permission to do anything but the ""religion and culture"" here makes it normal for parents to control their children decisions and basically owning that child like it was just a robot intended to be the slave of the owner , my grades were always excellent before med school but during my 3 years in it i have quiet studying well and my grades dropped from A+ to average of C to C+ , i was in med school basically just to satisfy my mother and father needs of showing of and taking proudness of things they never done , basically my method in the med school was that i got used to tell my mother when she get upset about the bad grades : hay , don`t ever talk with me about grades , you wanted me to enter med school so i have did that although i don`t love it , so weather i get an A+ or D you have no right to argue about that , you want me to be a doctor i will try to be even with the bad grades or failures of many subjects ( i failed many courses throughout my journey in med school ) , and that was actually okay to her , not happy but okay !"
pas_e7733b37,"If I did manage to go and get the job, I'd leave in about 2 months or less from lack of motivation."
pas_3a8f2aeb,I'm sure I could borrow a few thousand from him if I need.
pas_2ba013c2,What can I do to make this a breakup he will never forget?
pas_2d1023de,"Last night I choked a guy for pronouncing my name wrong, nearly broke my phone six times and punched a hole in the wall."
pas_d46a62e4,"So, sometime within the next month, we have to tell someone that they can't live with us, putting them back in the stressful situation of trying to find somewhere to live last minute."
pas_f9c140e2,"How much I miss the baby, and how much I wish my ex was either dead or I could make her life hell for payback."
pas_f7d44d61,"So out of stupid desperation I called my other cousin who is their older sister and pretty close in age with me (im 37 and shes 31) and asked ""hey how do i talk to your mom Im worried about 15yr old, think she may have lost the ""V""card and is going thru some stuff"" the older cousin said she will call her sister and get her to talk to her."
pas_4b76df72,My question to you is whether I should do what I did last time  (sleep less work more) and if it is worth it?
pas_bbb465ae,"I hate myself so much for ruining everything, and wish I could take absolutely everything back I said about my feelings for her."
pas_9383d6cf,I told him in the phone that i would not talk to him nor he will see his grandson just because he dissrespects my dead mother this ugly way.
pas_9b66636a,"I'm confident I can get handsome enough within the next few months to get her at least open to the idea of a date/prom, but I'm wondering what the odds of her saying yes out of pity are considering how kind she is."
pas_8a0cf6a4,"For my employer's sake, I should give notice immediately, but for my sake I should probably wait until 2 weeks and it will really leave them in a jam."
pas_09d1703c,This started in middle school when a kid started bullying me and I bashed him in the back of the head with a book as hard as I could.
pas_284cc6d0,It was painfully obvious that it had been done purposely so they called the 🚓 police and I lied said I passed out and fell onto the table  they knew I was lying but all I could think of was I can't let them lock up my brother!
pas_17ab11d4,"We got in a huge fight and my dad said that if i hate her so much i should kick her out of my life and i did exactly that, after two weeks that started seriously bothering her but i was much happier, last couple of days she started doing as much shit as she can to me, like literally every opportunity she could get and then i yelled at her to leave me alone and my dad told me that i have to stop ignoring her or he's gonna beat me up when he gets home from work or some shit (i can't remember)."
pas_630379bc,"The problem is, if I leave her, or just tell her I just want to be friends, she might fall apart even more and do something bad, like suicide."
pas_0ed58d30,"I stare out at the water for a few hours then go back to my regular life...i usually drink when im out here, i can barely remember the last time i spent a holiday with someone..in retrospective i feel like my life was always meant to be a struggle..and it has been cuz every year i decide not to bring  my pistol with me..a piece of me dies each holiday, each year..ive never shared this before but sometimes its easier to make a confession when you dont have to stare judgement in the face."
pas_2ae78a38,"For example, I'm a binge eater and whenever I have a binge I wake up the next morning bloated and hating myself and swearing it's the last time but it never is, and it just feels so much worse because I'm the one who doesn't listen."
pas_6755eb74,"The next week, I go to there's ( they are sisters) I come about half way through because honestly I was a little mad and almost didn't go at all and they were pissed at me for not coming the whole time."
pas_d33385ac,"Or should I just leave it at what happened last night, not acknowledging what happened?"
pas_f392fbd7,"I turn into a baby at the dentist chair, if I feel any pain I will close my mouth and refuse to continue treatment, they had to send me home twice."
pas_4dfc5d61,"I dance with a hot girl and can only wait for the song to be over so I can pretend I have to go to the bathroom, where I literally watch 2 minutes tick off my watch."
pas_14155184,"My partner is aware of my goal, has clearly illustrated the risks and concerns, and argued and reasoned with me but i intend to persist with the amount of time/energy, money, and the ethical, legal, medical, financial risks with me using performance enhancing drugs and competing in bodybuilding competition this year."
pas_303f776b,"and she recently came to me with one, but she said my advice/opinion on what she should do was wrong and got mad at me and it was the straw that broke the camel's back so to speak, and this morning I told her I wanted to stop talking to her and she seemed upset but was understanding and I'm a bit worried she may need professional help, and I don't quite know what to do."
pas_2c97e767,I've spent the last 11 years of my social life smoking ridiculous amounts of weed and playing video games with a small group of male friends.
pas_a3fec3c2,"I'm not sure if I could import it to the US, even though it was obtained legally (at the time)."
pas_8252ebb7,For two months of my summer vacation this year I stayed clean as they threatened drug testing.
pas_417ba23f,"Such as saying I'm not like someone who we both know who is in love with her(wasn't trying to be insulting towards him but may have come across that way) and saying that she might have slept with the older guy although it isn't confirmed but tried to salvage it by saying I don't think she has(might have started a rumor and the person I told might ask her and say I told him, completely ruining my chance with her and maybe also any chance of being civil)."
pas_cd5b6bf4,"Im 13 (turning 14 in a next Month) I have a girlfriend, And have recently been Lying to my mom just to go out with her."
pas_e905e98e,I even skipped a quiz today because I wasnt prepared for it but fortunately I am able to re-write it tomorrow.
pas_1a1142ab,I have to shave my arms or else I look like an ape.
pas_99ae7771,Yes I know I'm being weak but I'm not the father he needs and I'm not one he will be proud of.
pas_45d4b748,"I tried telling myself its none of my concerns etc, but last night, we were talking, being honest with each other (there was 1 girl with her) and everyone shared something very private, it made me tell her and i told her to promise just not to tell."
pas_97687847,"no need, i'll probably be in jail within the next week for failing to meet a single condition of my probation: ""Must lawfully and diligently be employed"" or something along those lines, despite my minds intent on doing better and putting forth the effort to get it with no avail."
pas_2f44800d,"he has already sent the money order, he sent it yesterday, he said that the check has cleared and that everything went just fine, now this guy called him up again today to tell him that he wants him to process 3 $4000 checks this next week and that he gets to keep 5% of each check again, i've been trying to tell my dad that this is a scam and that im suspicious but he claims that he knows what he's doing and that he understands why im concerned but hes so sure that this is a legit job that i dont have to worry

im scared shitless, i've been up all night worrying, i want to burst into tears theres no way this cant be a scam and im so scared for my dad, im so scared that hes going to get screwed (he's probably already screwed tbh) and that hes going to go to jail for money laundering or something, or even worse, prison."
pas_c48deb74,"H&amp;M is the only store that really fits me that doesn't break the bank, and I'm rushing there every day after class to buy new clothes for the next day."
pas_02407c54,"Seriously, it's so bad that, if I'm at a bar during happy hour with a friend and a good looking girl(s) sits next to us, I'm done."
pas_59096e6c,Do I declare bankruptcy for a sum of money that I should be able to shrug at?
pas_f51e0000,"So my friends parents were going to kick him out, upon learning this my friend got him before they could."
pas_ae8f9576,"I have tried to approach them about the kids screaming late at night as was met with 'She is a toddler, I cannot do anything' and the only  thing I could think to reply was 'why the fuck is the child awake at 3am', so I bit my tongue and said nothing."
pas_163f28a8,"Ive been in the food industry my whole life I will go fucking insane if I have to bus over an hour just to go to a 4-5 hour shift at a shitty café, I simply just don't trust myself to suck it up and do it."
pas_865b6c05,"I might just try to make him hit me in front of a teacher so he will get expelled because he's gotten in slot of fights before, surprised he's not expelled yet..."
pas_07fd5b34,"My usage drops immensely or completely stops when life stresses temporarily fade, and when I do occasionally use benzos I stick to the amounts others I know are generally prescribed, and near what I believe I would be prescribed if I could afford the necessary visits and prescriptions."
pas_aaca56e6,"Long story short, last night I accidentally put a guy's phone in a campfire."
pas_f3e8f63a,Im not there when i should be (either way).
pas_1310416b,"Or just go on my own way, despite the fact that she will attribute this to my selfishness?"
pas_43dfedb2,"I yell at him and say ""If you leave right now with out offering anything else, I will never speak to you again."""
pas_f6107338,"Rationing this food really only lasted a week, and it still was far less than what I should have been eating on a daily basis."
pas_34617186,I used to be in objective morality and that it was a good thing but after getting into philosophy and thinking about it some I realized that there is no strong reason why I should care about others.
pas_ac279bd7,I could try and find his address via his employer but that might be hard to do.
pas_aab030bb,"Today I accused boss A, let's call her Jane, of stealing to lower boss B, call her Monica."
pas_878f815c,"I don’t know what crossed my mind, but when I realized I did actually need money I proceeded to taking my father's debit card and withdrawing money without any of his knowledge."
pas_392dc05c,"But if I have to make her sad to serve justice, I will."
pas_15c06e5b,"Now, I could sell my car and repay the loan and just go to a school and live there, and rack up a lot of debt from student loans."
pas_f2378663,"Not wanting a repeat, I kept trying my darndest to run into her the following day (today)."
pas_b408d84c,"In the last year or so, I am very verbal when I'm angry."
pas_0b2e8caf,"I did not insure it, as I had not had any problem shipping my belongings in any of the times I've moved."
pas_c2e8b8a2,I want to change but i don't know how i have tried therapy and it didn't work....i'm fearful one day i will end up hurting someone instead of giving my life to save theirs.
pas_dd5ea8d6,Any way i have a girlfriend who is best friends with another guy and today i got a lttle jealous and said some things that i really shouldnt have said and she got really upset with me and i think she might call it off with me.
pas_a275394b,I disturb her sleep so much it alters her entire mood the next day.
pas_d9a7a071,I think I only said that last part to make you feel sorry for me.
pas_4a0665ea,"My husband's family knows about his brother's past, and I've even asked my husband if he doesn't feel guilty not telling the girlfriend about him and what he might be."
pas_74b3a971,I also don't know how well I could find a replacement for my job since I have the master codes to information.
pas_057f053b,This is a bit creepy but I wanted to see if I could find out more about this dog so I found the woman on Facebook.
pas_c9167c98,I just wish I could disappear sometimes.
pas_211c9bfd,"I keep asking him if he could get me school clothes as I've grown out of most of my previous clothes (boobs), despite getting his girlfriends daughter clothes/ books, and he keeps saying that Im not getting anything until the divorce is finalized and that this'll light a fire under my moms ass."
pas_0968aec9,"So I lied to my parents that I was attending ""x"" college when for the last 2 semesters I've been attending ""y"" college."
pas_d4ef397d,It's either that or pay every last time I make to postpone the foreclosure as long as possible.
pas_c7856e8f,I feel like he will not like the fact that I snooped in his bag.
pas_ee1dfd2e,My wife used to do coke casually but I used more than she did.
pas_5e91c373,I was late to work my second time this month (four in the last three) simply because I forgot I had work.
pas_8e540f92,"I know I might have a problem with substances - I've gone through small periods of pills (opiates, amphetamines), chewing tobacco, etc."
pas_e8d08b59,"I'm not sure if I should even get it for her, considering I will have to waste an hour of my day or more waiting in the clinic and lying to a counselor."
pas_4912c6a0,"today i smoked three bowls and went nuts, best high ever, had some inside clarification, had never felt this way before."
pas_95973359,I could be a snitch and tell HR why does this guy still get to keep the job when he's barely here and I make the efforts to be here all the time and he still gets the same pay as me?
pas_b44b09d4,"I go through her phone one morning because I KNOW she is lying to me and it's driving me nuts, I have to confirm and I do."
pas_b22978e8,I had a near breakdown yesterday and I haven't gotten any better.
pas_2cc44928,"Rather than saying ""Hey man, let us have this"" I start arguing against everything he says, even though every part of me knows he won't change his mind."
pas_5626e654,"I'm not suicidal in any way, but sometimes I question why I should bother trying to keep myself alive anymore."
pas_d1eccf3b,"either or, idk)

a lot of people who have seen this post exist in my every day life

i locked myself in a bathroom last week and threw up because i saw a girl i only vaguely knew had shared the post at a party."
pas_5c7d7c0f,"Unfortunately, by then I'd already drank too much, and that's the last thing I remember."
pas_fca4dddb,I really want to hang out with them more and feel I could have more fun and memories with them if i did drink.
pas_4b66594e,"I made it as far as 9th grade, but decided to stop going to school early last year."
pas_d2351de5,due to the fact that in the past semesters i did little to no work and just got by with enough grades to move on to next class (and my gpa isn't bad but it isn't great either).
pas_f57213b7,"After one of these interactions (and I mean even just one will do the trick for me) I will actually allow it to ruin my whole day, in which I spend the remainder of repeatedly chanting to myself in my mind ""You stupid motherfucker""."
pas_7841c5c8,I haven't had to call the suicidal hotline in months and now I feel like I might just have to soon.
pas_cd03a12a,"As ashamed as I am of this figure, I have to be honest, I have spent more than $150 on food in a short period of time."
pas_46bd6452,"Maybe because her ex boyfriend &amp; his friends were hitting on me heavy, but I blocked her ex from all forms of social media in front of her face so she could see I don't play like that."
pas_66ae8a9e,"This virus can be expressed either on the lips or on the genitals (in my case genitals, rare i know but had this confirmed by lab testing) I have had sex protected and unprotected, i have not told any of my partners, but I'm now realizing that I might be wrong about how i'm going about this..."
pas_2dd32f13,I'm basically taking money from these people and they might think it sucks.
pas_6068de30,"I am not inviting her, because I am assuming she will refuse and by not inviting her, I am saving her from an awkward situation."
pas_521a8df5,I did try self-harm but then I thought it was completely stupid and then I laughed at myself afterwards.
pas_03580ae7,"HELP

TL:DR, i have to deal with my ex best friend going out with my ex of 5 years, with which i don't have those kind of feelings anymore but still this shocked me so much i scratched my car."
pas_24435bb1,"Then I did something extremely unethical and wrong, something I regret."
pas_8645e33f,"I'm even thinking about dropping my science course since I don't technically need it so that I could be in their lunch and their gym, and then join an elective that they're in."
pas_c3dacfe6,"So if I do just tell him ""lol no I was just kidding"" then he's probably going to hate me next year."
pas_c8b6c6e6,"The next time if a compromising situation happens, should I just go with the flow?"
pas_424a2b02,I feel like such an asshole and that I did not deserve to make it out of that crash alive.
pas_2fdf23f4,"Well, today i accidentally called a friend fat, she is a rather close friend, one that jokes in a way that you can have battles where you just call each other names."
pas_3355e7d2,Then I feel guilty for being jealous and I have to get my mind on something else before I really start beating myself up.
pas_1595c7cc,This was the last year I so much as spoke to a friend from today.
pas_4ac6141d,"I know that I should follow their house rules, but I don't really see why I should need permission to attend something that doesn't take place in their home."
pas_43335ee9,"Most of the time it’s being angry with myself for making mistakes that I feel like I shouldn’t be making, but even then I will get extremely grumpy towards other players."
pas_53667486,I should prove to myself that I'm better than her.
pas_2463627f,"My grade in this class would be so low that it's not even worth it for me to do the final project, so I am just giving up on that and turning my attention to my other finals (due at the end of this week!)"
pas_441154a3,I don't even want to continue because I won't be successful since I'm unmotivated as hell and don't want everyone who knew me to know how much of a failure I'm going to become.
pas_9fdeef56,I realize that I could very easily just break things off with her and I would never have to waste another thought on her.
pas_4b8bc4a7,"I had made plans for us to go shopping tomorrow, but he was planning on stealing clothes."
pas_c1ff2036,For now I am keeping the 'web designer' anonymous unless things go south because I don't want to just slander him without giving a chance first but there is no way he should get $400 for the shit that created.
pas_b38556a8,"I don't think it ever was, but I have my own life to take care of, and I did not have the time to help my very non-confrontational parents."
pas_f658572a,I am finding myself living just for the next time I can go to sleep.
pas_5da23608,Then I did a not so nice thing.
pas_a1b94e6b,"I've thought about video taping him from my door, blatently, thinking that if he knows he's being recorded he will tone it down, but I don't want him to know where I live/try to 'deal with me' or something."
pas_4c5187b8,"I'm leaving the country in two months and will be quitting, my question is that next time I'm told ""fuck you"", should I just leave?"
pas_6e09be8c,So yesterday I decided to snoop back on Instagram and see if this guy and her communicated again being that my girlfriend has no guy friends and she’s never told me about this guy.
pas_2f7bca21,I'm so used to showing up to class not having finished last week's assignment that it doesn't even faze me anymore.
pas_a3cf31a5,"I constantly procrastinate, forget tasks, and half-ass things at the last minute."
pas_6e1e3bef,"I have only slept more than 6 hours one night this week, and have only gotten about 5 hours of sleep in the last three days."
pas_d1f3bf6e,"When I procrastinate, I don't just put stuff off until the last minute, I put stuff off long after it's due."
pas_a3076e8f,"I get nervous (or at least i did last time with my ex when she was going to give me head) so should i try like ""horny goat weed"" or other types of pills to help it out(I was thinking yes because there will be drinks and other things that will influence how well i perform) or just trust that it'll be better?"
pas_e02023ff,"I didn't apply any anti-biotic on my injury that day,

Yesterday, I apply antibiotic ointment on it and wrap the injury with a bandage."
pas_8fd90a25,I've got an interview for an apprenticeship tomorrow and i've genuinely been considering just fucking the interview up for myself so i dont potentially lose the people around me for good.
pas_3414fa19,"I will say that she brought it up before (potentially having sex with him) but I thought she was joking so I said w/e, but now it happened AND the lying on top of it is no bueno."
pas_4e306789,I will make bullet points of reasons I do not like this guy.
pas_1292bf96,I won't try things because there's a possibility of failing.
pas_b469d684,I could care less about what my grandma thinks of me since at this point there is no turning back anyways to get her to like me-which I don't care for either.
pas_603fa891,"I didn't care, and I did it myself a few times but recently I heard about a couple killed by a drunk driver and honestly the amount he sells to kids just makes me think I should report."
pas_b9cf8049,"Until yesterday I felt invincible, but right now I feel too weak, and Im not seeing the point in anything."
pas_58522b48,I know that I could lie.
pas_183f4349,"(I am fast forwarding a little through the part of the story where we really became disconnected, she didn't want me around her friends - no drug use or alcohol reasons; just personality conflicts) She was vomiting in the toilet which happened to be on the other side of the wall right next to my bed, and I ripped the door open, stood over her and told her too **shut the fuck up** (I was looming over her, but I never hit her) Anyways I knew the situation was getting bad between us."
pas_f904440d,"I've had a job for a little over a month, and I've found myself spending it faster and lousier than I should."
pas_ae574017,"I do have two of our friends kind of playing wingman for me, and I'm hoping they can push the idea into her ahead before I have to just come out and say it to her."
pas_0b500416,I know it will hit her psychologically and emotionally in the next few weeks.
pas_d82a1b9b,"So I am going to take him into my house which is half the size of Jane's, feed him, let him use our car, and he is still going to cart around her kids all day?"
pas_eb5836fa,I've been depressed and suicidal for the last 3 years.
pas_0477703b,"For the last few months, I have desperately hoped that this would actually happen and that a neighbor would report her for Truancy so that I would not have to involve myself."
pas_af480738,The last time I tried to break up with him because I was tired of arguing he was so distraught he fainted after locking himself in the bathroom -he lives with me by the way.
pas_7973efcb,"I feel somewhat guilty about planning this without telling anyone, though I don't have a concrete timetable for when I will be moving (neither I nor my girlfriend have found a job yet)."
pas_7e79426f,-I would love a job if I could support myself and pay my loans without also wanting to kill myself all at once.
pas_2bd8e736,I'm getting emotionally charged when I think about it that I might really snap at him one of these days.
pas_e8c9f44a,"But I believe he wants to be a good person overall, he's not a bad person... Just a little off I guess (but who isn't)

Right now I do next to nothing at my job."
pas_340586b5,"Outside of a couple of tongue slips about ""secret (not really)"" information on facebook, I haven't had anyone send/say anything bad about me and my work has been just as good as last year."
pas_f8c6b7f7,He will surely be there and I will refuse to go if he is.
pas_e8f83ff1,Now I could very easily disapprove all of the slanderous things he's been saying to me by showing her the graphic messages that he has sent and all the missed calls I have received from him.
pas_5e1ce6d9,"I need to get out of exams, and have thought through EVERYTHING and it's come down to, I have to break my arm, probably my forearm."
pas_4cfed23e,"So it's about 4 pm and I decide that tonight would be an amazing night to take a tab of acid (Wow big shocker, this couldn't have been a worse night), I had tried it already last month with my friend so I figured why not."
pas_4a0edbd2,Partially I was annoyed with my friend since he has a girlfriend\ive known the girl for longer\and I share a lot more inn common with her but I did waste so much time and he is terribly confused himself and put his trust in me.
pas_b9b71a28,"Regardless my parents will be angry that I bought a bunny against my lease, but if I step forward and ask them if I can keep my bunny at their house until I move to somewhere that allows pets in a year or two, I feel like they will be less mad than if they find out on their own."
pas_bf785a94,Removed Content: *If I could provide this gentleman with a zero star rating... it would be too high.
pas_5a7dabf6,"I could just watch the mailbox, hope I intercept the fine and pay it without telling my mom."
pas_99074b75,"This year I planned to do my taxes about a month ago, but then I find out that apparently I have been failing to send taxes to the government throughout the normal year?"
pas_59cf66cd,So its getting really bad like i tried to punch my older sister today just out of rage thankfully i missed i just dont want my short fuse to hurt anyone.
pas_45b731fb,I then spent the next week or two making sure my sister didn't go.
pas_1546329c,I finally had enough and was going to tell her off this week about how she needs to chill the fuck out.
pas_8b971143,He then laughed and spit at me so I hit him (not as hard as I could) with a close handed slap twice.
pas_15f707f6,Is there something that I could do to let them know the shameful way they operate other than just write them an angry email or TP their HQ?
pas_9b059406,I was miserable for the last 5 years and I finally decided if I'd live in this toxic household any longer I'd probably do something horrible.
pas_712f112b,"Gets to a point where I need to end the day by smoking some weed (obviously it has never been some undeniable physical addiction but it was still something I would ensure I did every day, no matter the inconvenience)."
pas_af4616fd,-&gt; I have been a compulsive gambler for the last 4 years and would not know how much I have lost but its in the tens of thousands.
pas_ab19a7c4,i could lie to my mom and say that my friend's mom is taking us or i could risk not going at all and tell her the whole truth.
pas_aa9bc6b4,Said he would talk to me tomorrow so I texted him that I didn’t need a distanced friend and that I was good to him he just treated me like an asshole.
pas_75ea7e20,Long story short I ended up throwing a party at the house on Friday (ik I fucked up pls no hate I already get enough at home) and my mom just found out today bc my neighbors snitched.
pas_bab5c3e8,"I won't have to pay shit

&gt;2."
pas_7fbe8a1d,"Forget you I won't work with you on this project I'll find someone else."""
pas_6327f18d,"Yesterday, I wrote down a goodbye to her on paper explaining why we can't see each other and decided against telling her."
pas_9679978c,Should I tell his (still mourning) family what I did?
pas_0af4eb63,"I'm generally a well behaved individual and I hate confrontation, but now I'm getting to the point where my next message to her is something in the lines of: ""You're a middle aged woman who's had six ""relationships"" in the past year."
pas_961908dc,"On my last assignment for said class I fudged one of the answers; didn't do the whole thing and accidentally switched up numbers (I was tired from working and studying for the other class, found this out later than the chronology of this paragraph)."
pas_22d722b5,"the sexual tension was crazy, and even though I knew the next time I saw my boyfriend I was going to end it, i couldn't go through it."
pas_bf79f30a,"As time goes on i find myself sitting in my room alone not talking to my friends watching twitch all the time not study as much as i should be in college and being just well anti-social, I've come to the point where i literally realized that the mistakes i made of not talking to people and not having any good friends to hang out with and have a good time is just eating me from the inside, i get random anxiety attacks at night which well help me to stay awake and barely get any sleep."
pas_298577bf,"I took some cough syrup the next day to try and cheer me up, and it did cheer up, but it's created a new problem."
pas_8434d156,"In that case, any amount of money that I have to borrow is a worthwhile investment."
pas_b54ac0a0,"Anyway, last night we got pretty stoned (for the second time) and went to a bar."
pas_968536f3,"If I go to a professor now to ask to do research then he or she will likely be upset in the event that I do pass my drug test and inform them later on that I will not, in fact, be working with them."
pas_901eaf79,"So I'm lost at what to do: I don't have any information and the only thing I can threaten my apartment-mate with is that I won't be paying the Internet Bills, which obviously makes sense since we don't have service at the moment."
pas_ca77d35b,"I want them to believe my fake story, like they know everything I did and hid from them."
pas_2724e870,"On one hand, if I had an abortion I could keep this situation a secret and go on to graduate and go about my life as normal."
pas_47286143,I'm thinking maybe I should get him in for the world's most awkward interview?
pas_2bef65f0,"I'm 15 and I've dropped out of highschool, going into college/university instead in August this year."
pas_c3e7bdc2,I have an interview at a PI firm this week and they don't know I quit/got fired (I'm not sure exactly which one would be more accurate).
pas_197a4b62,I often find myself drifting off and at least once or twice a day I have to lay down so I don’t pass out.
pas_241e80d8,I've been messaging her through accounts and other people (I've done it like 4 times) and the last time I did it she said I'm harassing her and she's gonna call the police if I carry on...
pas_9633ef92,"I will probably leave out the part about the only other ways forward, because I don't want to end up locked up somewhere."
pas_dd55ac27,I yelled at my dog today for barking.
pas_1a5bf0d8,I started off only procrastinating until the last day for major assignments.
pas_48ae603d,"I think it's because I've always been a perfectionist and I just can't deal with the fact that I'm not ""perfect"" (but I mean I've always known I wasn't perfect so I really don't understand why I'm feeling so obsessed about this)

It kind of scares me sometimes cuz I get the irrational urge to tell somebody what I did, or break off my relationship in hopes that it will make me feel better."
pas_1d5480ea,I have no courage to tell her that she's not fit to be a photographer and video taking because i know she will throw a tantrum.
pas_6ec5d33b,"Sorry for the bad grammar and sentence structure, I've been drinking tonight, due to another argument."
pas_9ecfce46,I did this with the intention of helping her relationship with the rest of the group and it turned into this huge drama bomb for our friends.
pas_6a8d100c,I plan to do it outside when it's rather dark and blame it on some drugged up stranger.
pas_54d94fb4,"Now, my sister, my brother and I will all freely admit that when it comes to my Aunt, we have all been two-faced."
pas_4ef21120,The other option being more sneaky- wait for him to ask me why he didn't receive it (he will) and try and act innocent like I did or thought I did or something.
pas_2c816d01,The other kid had been trying to run up the price of the cheapest room and I asked Billy to push back to keep the cheapest room at 750 tops so that I could take it and still have money left over.
pas_90a17f40,I have a game project going for the last 8 months and I believe I can just quit that and that will most certainly be to the detriment of my thesis.
pas_368e5896,I did what I do best and LIED.
pas_fb469372,"I think I could do most people’s jobs better than they do with almost no training (I’m not trying to sound like an arrogant ass, but this is really how I feel)."
pas_f7c9568c,"The decision is complicated by the fact that he lives almost next door and that his wife, my friend, and their children will suffer if I hurt or incarcerate him."
pas_da41030d,Should I tough it out and stay up super late tonight and tomorrow to do everything?
pas_ecd275d3,"I was absolutely shocked by this statement and I decided to do something that I'm sure I will regret, but I could not in good faith have her stand as a bridesmaid with that attitude

Me:  Then you are not invited to my wedding."
pas_73d173ad,Im thinking of skipping class today and instead try to catch on the work that was alreasy due.
pas_e2d5ebdf,"The flip side is that continuing to spend time with her makes it very hard for me to accept that we could very well be done, and occasionally brings out my shitty jealous side."
pas_19105f31,I could barely sleep during the school year and I'd wake up with an adderall to help keep me going.
pas_f595857f,"So at this point I could finish the whole reporting process in 3 hours, which meant I could dick around on python for the remaining 5 hours of my work day."
pas_a839bc52,"I had even started submitting blank assignments on their due date just so I could say ""Oh I'm so sorry, here's the actual assignment!"""
pas_610f1d33,Things escalated and then I told her she should keep giving her best for me when I have given up on myself.
pas_af6a413c,"I am on medicine withdrawal from my Lexapro, but it was a rather gentle withdrawal and I didn't have this problem when I went cold turkey the last two times."
pas_5727daf9,"I'll sleep on it, but i feel like i should tell CF and FDs husband as well so true healing can begin."
pas_1f80c6c0,I don't regret sending the screenshot to her but I need to know if I did the right thing.
pas_fd25272d,"Today when I heard them talking loudly, I went out in the hallway and was on the phone with a friend so I talked loudly back to my friend about these people and they lowered their voices."
pas_abd31387,I want crime to be a last resort so are there any other options?
pas_81ad9f3a,And right now i can't decide what i should live for!
pas_aff340f5,"I've tried Khanacademy but it's too much (or maybe i'm just too lazy)

All that being said, i've forgotten everything i've learnt and i'm 2 years behind academically (because the school syllabus is completely different in singapore) and i don't know if i should try to self study again or just wing the math placement test."
pas_77501c66,"The way I see it, she isn't able to feed her kid now, as it is, so she isn't risking much by reporting him, but she will have an opportunity to give them back."
pas_a58a04a0,I met her online about 3 years ago and she lives fairly close by and I know I made a hundred mistakes and I should have visited her or called her or something when I had the chance but now for the past 4-5 months every day I have been depressed and I am just waiting by my phone hoping she sees my messages and replies to me but whenever she actually does she either ignores and deletes them or tells me to stop messaging her because she will get in trouble.
pas_44b2261c,"I can say with confidence that I could make a return of 10&amp;#37; per week, and if you understand compound interest you know that is an insane number."
pas_97585b34,Quite often when I'm taking my pills the next day I notice one missing.
pas_d6c120f7,Now I 1000% deserved this because I did steal and that is not right.
pas_48820ed4,My grandfather asked if me and my siblings went to church so I lied that we did.
pas_4cda3104,"I know a lot of my freaking out has to do with my anxiety, but if my grandmother dies now I feel like I won't be able to finish up my college OR I'll have to be horrible and kick my hoarder mother out of her home."
pas_86e7f01c,"I'm extremely upset because one of my friends is moving out of the country early next month and I want to spend time with her, and I also don't want to be Aspbergery hermit again like I was in freshman year of highschool."
pas_4b292fee,I never told my parents that I got in a car with a driver under the influence and they might find out now because my father (who is fine with me now btw) is going through my credit card records to reimburse me for food costs and may find the $20.00 bill from the middle of the night at Taco Bell suspicious.
pas_8191c163,"I JUST WANT TO FEEL COMFORTABLE IN MY OWN APARTMENT IS THAT TOO MUCH TO FUCKING ASK

I should destroy that piece of shit in the living room."
pas_4e422742,"After 3 months I mentioned my review to which my boss replied ""I won't have time, don't worry about it""

I did leave it and just carried on doing my best however a couple of weeks ago my boss had his appraisal, this last week he had a couple of days off and whilst filing a load of purchase orders saw his appraisal form in which he basically blamed everything that he had done wrong/not done on me and not being able to delagate things to me as I ""didn't possess the skills he thinks valuable"" and then in the section about how to improve upon it it said ""possible replacement/man management""

He is back in tomorrow and I can't really mention what I saw as I shouldn't really have read it."
pas_89c228e1,"I could just tell my parents it was a UTI, but if they receive any paperwork from the doctor’s office, then they may become suspicious."
pas_a886d6bb,I don't know what to do I could easily fake the forms since he just wants to take me through the practice tool but I really  don't want to lie and am worried if my Mom found out it would be even worse in terms of health.
pas_2166e659,"I felt really shitty about that, but figured that one day I could pay her back."
pas_2411ef8d,"So  I've been very sneaky over the last few years by not reminding anyone that my birthday is coming, only to have my friends say WTF dude, why didn't you say anything?"
pas_20cd37be,"I love her but not her body...., we don't really ever fight, sex is okay, and we could have a future but she has a eating problem and needs to lose some weight just becuase I'm worried about her, whenever we eat she gets a meal and a 2nd for later or wants to get enough to eat all day then with snacks and I pass on most of the extra but still feel sick after I've been eating what she wants, She isn;t okay with my weed and how I feel about it and need it, she has a panic attack being around me high...., she wants me to spend 20 on it err two weeks!"
pas_bcf74d4e,"Now she wants to meet, but I'm too afraid that she might get disappointed by my nose or something, that whenever she asks, I  tell her some bad excuse to avoid meeting her."
pas_2146d300,"I know I'm kind of ranting, but I can't sleep because all I can think of is getting my hands on this sick monster and leaving nothing left for the birds for what he did to the love of my life."
pas_5d48cf56,"I don't feel as if I should apologize to him, he acts like a little kid than he should be."
pas_7564a4d8,"I've also picked up, hung up, told them that Allen or Frank died while fake crying, staged an ongoing bank robbery, and wasted as much of their time as I could."
pas_8afcee40,I thought I could just omit the work experience but I'm looking for advice or someone with first hand knowledge.
pas_eef6f874,So I contact the only person in the office whos been able to talk to him this week (this lady who he just hired who's like his female clone) and tell her Mr.Control messed up our tax numbers and we need to get ahold of him because the app isn't getting out until he fixes this shit.
pas_66df6124,"I told her I used to like her a some time ago and that she was a valuable friend to me, but I did it on the day she was going to tell an old flame she was in love with him."
pas_e6ac8ec9,"I would also feel uncomfortable planning to leave and not telling my boss, being that it takes a long time to transfer a project to someone new, but also because he can find another worker much faster than I could find a new job."
pas_55c95af7,I will message someone and then constantly check to see if they've read my message or if they're online.
pas_b979ccb3,"And so I had to put an end to my relationship, blaming it on things that I did, things that she did, but never on the fact that I loved another girl."
pas_e8861d3f,I planned the whole trip &amp; everything (extensive planning); let both friends know last minute.
pas_7ce010c1,Whenever I go out I won't eat until I'm close to home again.
pas_7ad71142,Is there any way that they will not know that I have taken ownership of the second router?
pas_190ef3da,"For the moment, I have a 3 month ""fix-it"" ticket, and I have to prove I got it licensed, problem is I have no motorcycle license, so I'm not sure what to do."
pas_28c93437,I had these two new objects mixed up in my head and I gave everyone who came into my work today the key to the wrong gender bathroom.
pas_4c4e9962,"Around 16 hours later im sitting here and my stomach growling, but sometimes i constantly need to throw up, i threw up all the water i drank about an hour ago and i dont know if i should eat because if i throw it all up, my stomach feels terrible and sometimes painful, will this go away in time?, because i don't know anything about hangovers."
pas_ef9f8d86,In that time I had so many more different emotions swelling about inside that I decided it was best to not apologize and potentially make an even grander fuck up that we will both awkwardly acknowledge happened without saying specifics.
pas_8fd308df,"1) Can i be in legal trouble if this is reported to police
2) if she did kill herself would i be held responsible"
pas_5c9f1cfa,When Im late on my first class I wont go to my next other classes.
pas_5a01f01b,Make a rage-face book status that she sees and she asks me what’s wrong and if it’s something she did.
pas_653724e1,Should i just deal with how uncomfortable femininity makes me feel so i won't be lonely?
pas_51b818bc,I'm also not sure she ever found out I did this to her.
pas_8cf74f68,I storm down and tell him I'm no longer going out tonight as I have too much else on and can't nap when he is making a noise.
pas_aa06e39b,"I don’t really think they are the best friends someone could have, so I feel like I should maybe cut them off."
pas_36bb9ada,"Yet, I decided to turn in a forged version of the AP contract to school today and now I have applied for the course."
pas_94bfe0d4,It's just that I can't really put myself in a position where I could be betrayed by women.
pas_9add3209,"It was my fault I was not there to help, and now he is like this, and its my fault he won't get to live the life he wants."
pas_88230011,"I won't be going halfsies on the utilities, internet, or gas anymore."
pas_8c6b6e2a,"He might go and if he talks to me i want to tell him we're not friends, you're a dick, stop talking trash about me and leave me alone, but saying all that in front of people i don't wanna make a scene."
pas_fa75e1db,"I'll be alone all day today probably, festering in my anxiety."
pas_9dc4b5c2,"I haven't spoken to her today, nor did I yesterday - trying to leave conversations with her wanting more and also so I don't look clingy

What do you guys think - does she like me?"
pas_8263f8cf,"Even right now, I should be doing something that I need to get done but I feel like I just don't care about anything and that nothing will help."
pas_6637548c,"She did her line and offered me some and at first I declined, but the more I was thinking about how shit everything was becoming, I gave in and did a line."
pas_9d4528da,"If someone starts any kind of shit with me, lies, or anything like that I will argue with them until they either change their mind/what they are saying, or I get into a fight with them."
pas_112e5c3c,At the end of the day I'm bored and restless so I drink to feel a little more satisfied only to wake up the next day regretting that decision immensely.
pas_48f199a3,"long story short the person doing it and i had some beef months ago, we stopped talking, and i did some crazy shit during the immediate fallout of said beef."
pas_1c4230ce,I'm thinking if I go back to the USA I will spend some time as a homeless drifter.
pas_281aa915,"So basically if I do nothing with these bitcoins, they will just disappear and can never be obtained by anybody."
pas_b787a2bd,I've been lying in bed in the dark today just crying.
pas_41cc0fd2,"That, and I think as long as the scale fluctuates a little on 130-130.4lb, she will be none the wiser for the short period of time we'll be using this."
pas_833c1810,"Most of the time I don't think about it, but sometimes I will look at them and get depressed knowing that they will never go away."
pas_b7d104a5,"i was walking home and i felt like my hands and legs are weightless, i was happy for some reason if somebody said i could fly, i would 
later that day i smoked a joint and began to question myself, why i was terrified about taking that bag of drugs outside my house, yet so relieved and happy once i sold it."
pas_b42b8e40,"Moreover, I told her that she did not have any deep psychological issues that could not be remedied."
pas_738096c1,Today is the first time I referred to my father as a loser.
pas_965d0133,and If i am going to get it it has to be when they are home and not break in like a thief.
pas_48bcc1b5,Of course I sat next to her during lunch and didn't really care about her until my friend asked what I thought of her.
pas_3cbdd208,"(I'm a pretty outgoing person overall, im very charismatic and charming, but i gained some weight, and have some debts piling up on my ass and im a nerv wreck, im somewhat obsessed with money, and somewhat depressed, while i can hide it pretty well if i want to, alcohol/drugs helped me get rid of all of that and actually enjoy a night out)


Edit: Actually, i don't know if i need any advice, i know, i should see a therapist to help me with my ""probable"" depression, i should start working out (i do!"
pas_888ba6b0,"If you want to help out this year, look for your local homeless shelters that are paid by with Tax,  go down there and if the heat isn't on, demand it be put on or you'll call the news station, most homeless shelters won't put it on unless they have too, no matter how cold it is!."
pas_14991718,"I have to lie and do whatever I can to get a device in as a ""diagnostic"" even if we can't repair the device."
pas_6b169057,I have to lie to everyone at school and tell them she has the flu.
pas_f2fa6bbc,The next conference we ended up on the same elevator once but i ignored her.
pas_d0e362ac,"Once nearly putting a rifle to my head and calling it a day, the only reason I didn't was because I didn't want to fail, then again I did have 5 rounds and an automatic assault rifle at my disposal...But what if?"
pas_4063cd77,So I go to his job we talk he needs help today is the only day that we can do this I feel guilty once again and I drive him 15 minutes to his house and we start by going into this raided house that was which he says his uncles who had passed but that who drug heads had ransacked.
pas_a3818d8c,"Hello reddit,so I've been encountering this girl on the bus from time to time this year and she's really cute.So one day I decide to tell her exactly that,and she responded with just ""thank you"" and walked away.She seemed uncomfortable when I talked to her and I don't know what to do if we meet again because I really want to get to know her."
pas_62c9b324,I know you don't reciprocate the feelings lol so that's why ive been kind of standoffish one minute and friendly the next.
pas_b6a700b3,"plus im 18 now so idgaf if she snitches
i come back home today and she even has the indecency to smoke in our room and i can smell that shit from the hallways, ps my two younger brothers are right across
should i rat her out bc she just does NOT get it


ps she's gotten caught for alc just recently too
idgaf if i have to be a snitch - this is my last ditch effort to put sense into her and my parents for being too nice
**my parents know she's had bad grades - have talked &amp; cried multiple times
i've talked to her nicely about it nearly every week yaaaaaa**"
pas_f381de23,"I know I should see a doctor to know what the bump is for sure and not listen to uncertified strangers, and I will see a doctor if the bump gets bigger or doesn't change after a couple days, but if anyone has an idea on what it might be, I'd like to hear it."
pas_c848c5b5,Before I could do any real damage (at this point she started crying and yelling 'sorry') I sobered up a bit and drew back.
pas_19c4d0c4,"I afraid i will just fuck up their lives if i give them the wrong one, since i cannot even take care of my own."
pas_3c3ad615,and proceeded to declare myself 1 year younger in 2015 (using last year's age).
pas_4f0e12b8,"I have been into LSD and DXM (my best friend introduced me to DXM and ever since then I have had a keen interest in these kind of things), and the weekend before last I tripped on 100ug LSD."
pas_4778bab3,"Shortly thereafter I wish to embark on a journey to walk from my current location of Central Texas, to the West Coast (California), and then to the East Coast (New York-ish) from there I will either round it off with a road trip back home by car, or just actually nut-up and walk it back."
pas_de44f313,I feel it probably contributed to my actions: i cheated on him- but I will not blame my marriage or actions on the way he made me feel.
pas_cc44d756,"He says his blood sugar is low, so I took a bunch of food into his room so he'd stay in there and I could sleep (I have finals this week and he is fucking me over)."
pas_3c11d130,"I did the minimum amount of work to get an A, and used to manipulate my teachers, more\-so when I was younger \(in 8th and 9th grades\) than recently, to not get late points taken off."
pas_1f3d7959,"when there is I try to make the work done) and then coming home chatting with his mom, browsing useless websites, playing idiotic-time wasting video games, and going to sleep way too late, regretting about it the next day."
pas_48a41a27,i can't start on work until the very last minute and i self sabotage myself a lot.
pas_9a2a9799,Maybe I'm avoiding work for tomorrow morning.
pas_adc87ae1,"I ended up saying that she just didnt care about me and this and that, I should not have said it."
pas_9844399b,"And because this panicky feeling is so intense and horrible, I will do *anything* to avoid it, which usually means giving in to whatever someone wants of me if it means avoiding a nasty confrontation."
pas_c2b8c8c0,I'm going to a graduation party tomorrow and I've never really been drunk before and I have to drive home after.
pas_1fed903a,I feel like I should just break the contact and let him be - but I'm still afraid of him and kinda feel responsible for him.
pas_bd2cfe9a,"I find myself being an extreme procrastinator to the point of waiting until the last moment, not doing it, then convincing myself it's too late to finish anyway so I never finish."
pas_ad4e4243,"Or ""fuck them, why do I have to have a time limit?""."
pas_c1a451a7,"By the way, I haven't initialed the checklist today because I don't want any more accusations, but damn, what should I do?"
pas_9e9e5fec,"I have to force myself to do assignments, and always wait until the last minute, often not completing the assignment or just bombing it."
pas_5d9f0247,"I barely eat, I miss class, I have to force myself to get out of bed in the morning and worse of all I can't get back into creating anything."
pas_1fbbb690,"I decided that I will surprise my parents and buy a ticket home (I did tell them I was making money, but not by playing poker since I don't want them to hear that I'm gambling)."
pas_32df83ff,"I think I might've thought I was possessed or had some kind of weird energy, but I'm pretty sure I became suicidal, I would not give a fuck about anything but at the same time, be really nice to people, because I always believed in the purity of my heart."
pas_cfc9deab,"So I still need the other $75 to make it work once and for all, plus $64 for at least 7 additional days now (unless you can send enough right away for me to start working full-time first thing tomorrow morning , in which case only 6 additional days of delay cost) beyond what I had hoped when I wrote you, of just spending (or rather, borrowing) for survival without being able to work by Wednesday your time-zone to make all work and avoid timing delay disasters and significant consequent additional delays and possible loss of everything; after Saturday, I'm likely to lose more income, or at least have it delayed, and as I've tried to explain a few times, timing is a bitch until I have a safety net, which can lead to a chain-reaction of disabling losses.)"
pas_d15755d4,"I wish I'd never even met him but because that's not humanly an option, the next best thing is dropping my entire life and leaving."
pas_5aec9951,"To be clear I did not ever steal time, just changed my shift time to whenever I showed up and worked 8 hours from there numerous times."
pas_77b131b4,I know in my heart that I cannot move on without knowing that he will be OK. (Suicidal thoughts for a good period of his life now.)
pas_310b7816,"I'm not scared to try weed because it's not bad I'm scared that I will do ice and get addicted or become a meth head before you say ohh ur not gonna I have anxiety intrusive thoughts ocd so there my brain is always telling me I will try it I'm stupid( not voices) 
I'm getting better but when I think bout doing drugs I'm scared I will hurt someone cause of my issues but I have never hurt anyone I avoids fights but get angry any thoughts?"
pas_7d08494f,"Unfortunately, today, she threw out one last thing that snapped a wire in my brain--I lunged for her, and put her in a headlock."
pas_0a7ce60f,I could not get anywhere and finally dropped it as she hadn't shown any interest in any of the black guys she knew anyway.
pas_398cabaf,Should I just buckle down and hate life for the next 4 years to get my degree?
pas_12f644c9,"She had to walk all alone to the train station to get a cab so she could sleep at her friends flat (this was at 0700 in the morning, where i already had left, so i didn't know shit until she was at a phone and called me) 

Now she tells me that i can't confront this asshole with what his done and put him in his place, and my best friend is to blinded by his money and his looks to tell herself that he is shit."
pas_fef3afd4,"Over the past year I have found that I simply cannot stand living with my mom and two sisters - They have no respect for the brand new house, my mom/sisters dont cook or clean the house and expect me to do everything around the house, my mom gets drunk on wine every night / every second night, She never buys anything good food wise ( half of her groceries are chips and junk food), my sisters are throwing parties in my house without consent, my mom has started to call the house hers and not mine anymore, and to top it off I have met the most wonderful girl 8 months ago and have no doubt we will be progressing towards a marriage in the coming year/two and she has stated that she will not move out of the house until my sisters graduate which is three years away."
pas_fcacb405,"I realize now that this situation will not help her, I will be having a more curt conversation with my brother come next week when I see him."
pas_1cdd2ff0,Today I'm doing the dishes and I look out from my kitchen window and I see the same guy going into my neighbors mailbox and taking mail.
pas_aea7adcc,I have to go to the liqour store every day for my mother.
pas_5fa389da,"I wait until the last minute, half-ass my papers, and don't do half my work."
pas_54064bd0,I have had a mild flare up of acne over the last couple years and my anxiety (not completely related to the acne) is causing me to pop pimples and pick at my skin non stop.
pas_b1ad7082,"Since then I've been ignoring him all this time, and the only time I have to work together with him is if its work related."
pas_92be90dd,So I decided to move to Colorado with my friends (who already live there) so I can live a normal life without feeling like I have to hide from the cops.
pas_1d10ce3f,"And yes, I know I should have NOT cheated at all."
pas_ed5f9568,"and ""I could die soon, this work would all be for nothing."""
pas_17cb6975,Just wanted to give you a heads up in case you saw his car when you got back.” i did this because i didn’t want to overreact and have them come home immediately but literally i went numb when i heard those two words (shoot and kill).
pas_2373be3a,Plus I do not see a doctor as often as I could or should.
pas_06bba960,"I pay more than double the monthly expenses, I think that's fair... but I am continually harassed by a micro-manager who needs to double check my decision making it seems for some goddamn reason, and it's getting to the point where I have to remind her who's in the black here, which I don't like doing."
pas_198fc01e,I did not try to actually learn the material in order to know it.
pas_c1a864bd,It's making me suicidal - I tried to jump off a bridge last month but someone pulled me down.
pas_f363b514,"I knew completely that he did for a while, but I kept pushing until I got him to actually confess."
pas_4eb769b5,I don't know what to tell her and I'm kinda freaking out because the last thing I want to do is tell her the truth.
pas_565858a4,Also today lunch I was hiding in the loo the hole time 😁 Anyway please help thanks guys!
pas_333e9ae9,"I never asked the companies if I could do this nor told them, and I felt guilty because I wasn't really giving new customers to the companies, but rather just cherry picking customers and getting the commission."
pas_8e5cbb2c,"When she asked if we could have a party at my place with like 11 people or something in total I first thought yes, but she wanted to bring two of her male friends who I don't really know and to me they seem like competition and as I already have low self-esteem - being at a party with two ""competetor guys"" (they may not be, but that's how I feel it) while me feeling really anxious.. Well I know I'm not going to be uncomfortable one bit."
pas_6e5bb1ef,"In fact, it has been very hard for me to justify spending my time going to class and doing assignments rather than focusing on this project—and today I reached the tipping point."
pas_2d16d998,"I broke uo with my GF of 9 year's a few days ago, we have broken up a few times but in the last few years we have only had sex maybe 3 times, I suffered a mental breakdown and long story short I am obviously to blame for having a breakdown and not being sexual."
pas_a90dc427,So i thougth that if i become an addict she will let me enter on her life and i could help her or just become the kind of people she likes to be with.
pas_2576d418,"So I'm wondering whether I should keep the bike and deny it like I have been doing since I feel he still owes me money equal to a bike, outright tell him I took it and give it back, or put it back in my friends house hoping he will search for it again?"
pas_2502de5e,But I wish there was someway I could just keep working but make it so they don't have to pay overtime.
pas_3b3ac384,"We text him, and he answers saying he is busy and we shouldn’t be jerks…
We say this isn’t a surprise he knows we wanted him out today and this is unacceptable."
pas_aaa0cdb7,I still look through his phone and glad I did today.
pas_84c860d6,What happened was that I did nothing in class until the very last month.
pas_0ad663f9,"____________________________________________________

I discussed it with my mother, and she told me that I should try to avoid getting official medical help because the fact that I received treatment for possible mental health issues will go on my permanent record."
pas_df2747c6,"Some way that she and I could have met without school, sports or Tinder that I can tell my parents."
pas_cb891f42,"We were friends, but as usual I kind of burned bridges with everyone last before she left."
pas_5e978cdf,"The very next day, like as if I don't have a connection with the task (esp if its a self talk that doesn't involve a client) I just delete everything I done just like that no second thoughts."
pas_147882af,"I knew what I was doing was wrong but it didn't stop me, several times over the next couple of months I tried to delete the information I'd collected but I either managed to recover it a week or so later in a weak moment or something similar."
pas_771b334a,"I also have my roommate, who works for a company that's a client of the company I work for, so I could use her too?"
pas_13996945,I have accepted a job today elsewhere and start Monday but haven't quit my current one yet.
pas_2e0521cb,"I still have work I need to do, and its 12:46 AM

I haven't even played dota, I decided to quit video games for these last couple days up to the exams so I could study, and I ended up just browsing reddit."
pas_ac550b99,"An example situation I might be referring to is: a regular pot smoker invites me to his house, which is a haven for pot smoking, where I feel I will be tempted."
pas_dbc27df4,"Most of it had been just normal stuff, so I eventually stopped reading it, but today was a really rough day and I got really drunk and checked it."
pas_430c6dfe,I'm pretty sure I could get her information from my coach but I don't know if that would be overstepping a boundary.
pas_f6b58c52,"My unemployment runs out this week, but I was offered a job for $13.00 an hour which is complete crap to me."
pas_9ec8b823,"I decided to skip my next period to spend some extra time with her, as our lunch period isn't super long."
pas_ba183540,Can I take those to my next job?
pas_0cd1cd64,I did NONE of the work.
pas_6432dc7e,"maybe i should have just waited and called the police, but then these dirtbags would come back and key my car."
pas_ab9b39e7,"Hurting him is the last thing thats on my list, but its on there."
pas_7cc063ad,"I'm almost to my final straw, pretty soon I won't have many other options."
pas_a1e8167f,"I would ask them to quit using it but, they're white trash pill poppers and I think they might retaliate with something more annoying."
pas_52d347e2,"I recently skipped the day when the class photo was being taken, because I didn't want to be forced to stand next to the student for the photo."
pas_dd8c79a7,Maybe I could use this excuse instead of the bad weather about to befall that day?
pas_ed80d685,"In norway after college, we have this tradition where we dress up in red, blue or black pants and drive vans and party for the 2 last months before we graduate, me and 4 other friends are planning, but we need a good name for our group, here are some examples:


Donald drunk



Squad



Fuckahontas


George w kush


Atlantis


The kingsmen"
pas_a91430a1,"Throughout the night I will admit that I began to drink super-heavily, as I quickly came to realize that a large portion of my family is ridiculously in favor of voting for Donald Trump and I had little to nothing in common with any of them."
pas_27abbe83,"So yeah today I was in a shopping center, it's pretty run down and not a whole lot of traffic (ghetto side of town)...but anyways I came out of the store, got in my car and backed up right into the back of a parked car."
pas_a1ff594b,"Today, I don't talk to him and refuse to work with him."
pas_53f12a11,"Last year I broke down in the staff room and told them, I can't take their shit anymore."
pas_5cbb0863,"For example, I was at the store and got to the checkout line so I told her I have to go, but she kept on talking and it wasn't until the third time where I had to be mean did she get the message."
pas_c2f5685e,"As I type this I remember that my wife has reminded me to call our investment company probably 1-2 times a week for the last 3 months or so, and I have a feeling I'll have forgotten by the time I hit Submit (Addendum: I did forget about it until I went through to re-read the post for grammar and spelling)."
pas_b67580e3,"I have to stay till 5pm, so in a fit of rage I punched a wall and heard a loud crack and now I can't bend my hand as much without a sharp pain."
pas_3bff8dce,I have no personality and don't want to do anything with my life and know that I might very well die not being able to support my family.
pas_7e5f8bf8,"I expect to be living out of my car for the next couple of months, maybe longer and I have maybe 150$ left total."
pas_3ae3d3d6,I don't think I could live with her not being here with me.
pas_b90b46e5,She said she is still depressed and Im worried she might try something stupid again.
pas_ac89fb19,"I feel as if i could maim someone badly, or possibly kill them if they posed a big threath enough, im empathetic and i would never hurt anyone that did not hurt me, or someone else, but i feel as if i have developed a no fuck around policy around violence, i render my attacker unable to attack, if i have a weapon i will use it."
pas_cb04f912,I am contracted for 60 hours but I've worked 110 hours so far (I will probably go over 120 hours by the end of contract).
pas_6edad00f,The advice I'm asking about is whether I should tell her its bullshit or not because her family is in a good financial status to afford these bottles and she is claiming she is losing pimples and wrinkles.
pas_0b8ff334,"So guys, I don't know if I should step out of my comfort zone and record a funeral, do a livestream, or refuse?"
pas_abb83187,"I have displayed almost every single symptom of the disorder(including suicidal thoughts but I don't want you to address this) The last week(I think a week, everything has had a certain dream-like quality recently so I can't be sure) I have had one of my worst depressive periods."
pas_4155ffca,"This year I didn't even gratulate her..
Because I can't get rid of that feeling that she doesn't like me anymore."
pas_839e77e0,I did EVERYTHING I could to conceal it.
pas_dfbea209,One night my mom was being dragged across the hall by my drunken dad and I got in the middle and punched him as hard as I could.
pas_3874d4bc,I decided the smart thing to do was drink just enough liquid courage so I could get the nerve to ask her out.
pas_fbcc1955,"The last one we had resulted in him grabbing my face and me throwing him across the living room, thus promptly my parents kicking me out of the family house."
pas_26fe1d63,"I haven't weighed myself in a while, and my last recorded weight was 120+kg...needless to say I'm a lard ass."
pas_af5bf976,it was a good time but i fear that i will soon get addicted if i keep going.
pas_1c7d7c1f,"I was riding the public bus to college and a nice girl sits next to me, we started talking on the bus and really hit it off as solid friends, she asks if she can have my number and of course I give it, I ask for her name and she replies that her name is Seth, which should have been a dead give away."
pas_a990159e,"I want to genuinely know how he is doing and share how my life is, but I feel weird about it since he was pretty heartbroken and might still be (He DID try to sleep with all my gf's when we broke up &amp; it wasn't true love we were more like lovers and friends)."
pas_b41cfa2c,"I'm wondering if I should skip the ""hey neighbor, can you keep it down, please?"""
pas_d7f744a9,"Flashback to yesterday, I linked one of those Tumblr bios that is of typical special snowflake garbage."
pas_84485fd1,"I never see anyone who works there, and it worries me I live next to people who have schizophrenia and are taking drugs."
pas_c398ff3d,"The last thing I would want is for her to end up dead on our couch, I don't think I can handle it; neither can my mom."
pas_321217f5,"I am seriously contemplating on getting a 4 camera security system and signs and plastering them all over my yard and house...like today...

Maybe I will even set booby-traps :)...
but seriously what options do I have in this situation?"
pas_ff6aa30f,"Oh wait after fighting i did get in some trouble while i was in, due to what was said in the relationship nothing was done, and im still sitting on information that ""dude1"" would probably like to know, and no."
pas_945998d4,"I stayed the night and the next morning, the two oldest received clothes to wear to school that were picked from the dog poop infested, rotting basement floor."
pas_2da9da6c,"I was introduced to Kali Linux when i was 14, got the hang of it pretty quickly, and soon after, i used it to SQLi some venerable sites, i didn`t steal any data, was just curious to see their defences, now I am afraid, soon I will be using it for even worse reason, such as stealing bank accounts or something, I already installed back doors into my teachers computers to gain some exam questions."
pas_b28730e6,"I'm trying to help him, at this point he got better and maybe it will go away someday, if I see that he won't improve, I'll leave."
pas_bdb00aa1,"I would probably just use a friendship as a means of igniting whatever was between us before and that doesn't feel totally fair to her, but I do really miss her and the last few days have been kinda hard."
pas_3b961312,I'm not sure if I should just stay till the end and endure this suffering or go back early and disappoint everyone in my family as well as my friends.
pas_0082d4f1,"In a positive light, atleast the last of what she said gives me no reason to reach out again."
pas_5648aca8,I already have lots of second attempts set for later in the summer from earlier in the year and at this point I'm just feeling like giving up for the next exam.
pas_65eb6ecd,"Like if I want to bitch about a jerk at the grocery store or my ex, I want her to tell me what idiots they are, not apologize for my discomfort and ask about other angles I could look at things from."
pas_50108883,"It rolls around to today and I realise that I know absolutely nothing about her sister (who I may be meeting while she's here), so I check her out on Facebook just to see what she's all about."
pas_9035b217,I will delay my replies when he messages me.
pas_b8cf5fbf,I will do whatever someone tells me.
pas_4e9f9a1e,I don't even know who she is she has never even spoke to me.. And she won't stop so I just lose it.
pas_571110ee,"I take online school, so I can do work whenever I want as long as it gets turned in before the deadline, so I keep telling myself that I can just do it later, I should check reddit... until eventually I end up not doing it."
pas_228ef20d,"I was on a subreddit today where it's basically a library of videos of people getting stabbed, shot, ran over, etc."
pas_1e49bfd8,For 1 - College boy is 21 and 2 - I'm 29; my other crush is older than me and a few years older -- someone I could see a relationship working out with but I feel like I'm screwing it up by doing things with College boy since nothing is happening with Crush 2 but flirting with jokes and glances at a distance...the thing with Crush #2 is that he is my boss...which is why I don't go there and I'm better off with someone low key like the 21-year-old.
pas_74ac3493,"But sometimes I have to use some of that money to pay for things in the house because my mother cant pay for all, like electricity or the Internet, that means having to miss college a few days a month."
pas_1b2e7eb3,I managed to survive the first three semesters by manipulating the professors into giving me late exams where I could cheat and by lying to the scholarships department into allowing me to keep it for one more semester when I got an insufficient grade average.
pas_64aa6ed1,Is there any way I can use some sort of pay pal middle man to turn the money in my account into gasoline today?
pas_5b9a814e,"As a result, I avoid women or try to come off as uninterested if I have to talk to them or if I believe they may be interested in me."
pas_e526b300,The last two weekends we have ended up at another couples house playing cards and drinking... And it hasn't ended well.
pas_482b0bb8,"Like I said earlier, I usually hold the stupid things he says/does back from my mum to prevent her getting annoyed/upset but with my brother away for the next few days I didn't even question it, I just forwarded the email straight to my mum."
pas_a6a21451,I found the tiniest worm I could and cut it in half.
pas_284498d4,"If I created a throwaway email, I don't know what it would say, and somehow they were able to ever trace it back to me, I could lose my opportunity to go to a decent college because of me getting disciplined."
pas_e30b8ff3,Some days I feel so fed up with everything and want to hit my friends who completely turned their backs on me and left me alone just because I dont drink or smoke every weekend like I did in 9th grade.
pas_e4d405c1,"I've discovered some stuff I did when I was 15 that I'm extremely not proud of, various slurs and and just offensive, inappropriate and insulting language."
pas_6953e11c,"I'm in my second year at university, and both years have followed the same pattern, I've been a model student, for the first month and now even the fact that I won't get my degree doesn't make me fucking care enough to go and do it."
pas_3c6b978e,Eventually a few people convinced me to run opposed to killing myself so I did.
pas_a01b5fb7,I'm angry now and feel like retaliating but feel like I should seek advice.
pas_d7cd5177,"I will invite her out to a theater or comedy show, and because she doesn't seem to absorb pop culture of any kind, she will say yes and then take complete social media control of what will/is/did happen."
pas_b945d88e,"I was out earning money while this old man wasted it and beat my mother and sister and they could not do anything about it, I went to his room and broke his injured leg with the pipes in anger."
pas_eb997bd4,"Sure enough tonight the cat was sniffing around our place and my dog unfortunately attacked him, and killed him."
pas_3ea1b324,"I'm a little torn; on one hand, I could simply let it happen and not worry about it (at the risk of it getting worse/creepy), or I could tell my supervisor and risk getting someone with a harmless crush in a LOT of trouble."
pas_3b94d986,So right now i'm stuck if i ask her I will seem like a huge dick as other people in out friend group are waiting for Joe to ask her.
pas_6c9d8cb9,"But as it turns out, I did something really fucking awful."
pas_98633a30,"Maybe I did more damage than good by leaving him by himself, all doped up..."
pas_a3077de6,"Today, I told the girl I love that I didn't want to see her again."
pas_4d13d335,"When I asked her if that's what she wants and if she could live with that, she said that she would feel terrible for Cass, but that she wants James so badly that she'd be willing to take what comes with it if they could be together officially."
pas_85365400,"But i find myself hoping that they will break up, which really isnt unlikely."
pas_d91d64fe,"She also blames the tech guys everytime her computer breaks....and says they don't know what they're doing, so I know they'll love it too and won't tattle even if they know I did it."
pas_54df79ed,Now I could give two shits what she thinks of me.
pas_dc4425d0,"Since Chemistry is first period, I’d often arrived late to the psycho’s class( I could write a whole book about him) and for some reason he took it as an offense from me to him."
pas_bd78b63c,I figured that she wouldn't notice that small of an amount and if she did I would tell her that I asked her to borrow it for gas this morning and pay her back after I got paid.
pas_a2229b34,"Today, I almost hit him after discovering the picture I just mentioned."
pas_aaeb5b78,And I know this sounds horrible but I wish I could be one of those girls who just leaches off a man to help them pay their bills.
pas_e15cb5d6,Me doing this means that I will more than likely lose many other friends because they knew this person before me.
pas_2339f4ca,"Today was the last straw for this crap, and I need to know how I can politely tell him that I don't want to spend an hour discussing his time in the military, I don't care that he goes bow hunting multiple times a month, and most of all I don't care about his sex life."
pas_86c8abc3,"I could not care less about sleep, I would rather feel like absolute shit tomorrow and get an 80%, than feel refreshed and get a 70%."
pas_8c62d6a7,I have not slept since yesterday.
pas_e7a4bd0e,"When I started I did not fill out a W2, and I was never interviewed either."
pas_5d5752e2,I have basically accepted that nobody thinks that i am actually attractive and that I will die alone.
pas_dcf7aeeb,"Last time we were out I was considerably drunker than most of the other guys and really tried to get her to dance, but I think I embarrassed her a bit by putting her on the spot."
pas_3980c9a7,"I called him and told him if he didn't have the $100 for the car and $130 for the insurance, and $70 for the ticket by Friday (tomorrow) that I would come take the car back or report it taken without owners consent."
pas_a9bcac08,"Because I had school at 11:20 the next day, I decided to play longer."
pas_02306bce,"This thought carried on for a while until i got angry at myself and blamed myself with thoughts like ""maybe if i did this better or maybe i wasn't there enough""."
pas_77a1e676,"Though, now I'm starting to feel like I should just shut up, even if it bothers me."
pas_69881ae4,"""I will no longer bear witness to cohesion, but I will bear persistent arms."
pas_6f1d8ab5,I just know it would be so much easier on me if I could just get these classes over with and pay without them knowing.
pas_0f4b8479,"If I find proof, I fear that I might do unspeakable things to him."
pas_8f7f5250,"The meds, of course, only made things a lot worse, but I had to make believe I was doing better so that I could one day go back to school."
pas_bde93144,"I've been hiding from her that I've been suicidal, self harming, and depressed in general for months now, but I just thought of an idea today: I was thinking I might tell her a bit, and see how much it hurts her (or probably just if it does at all) before telling her at all."
pas_ed9672e6,"I get it i should have just paid for it, but no I decided it slip it into my purse, thinking that well Walmart wont miss it."
pas_1510f556,I sometimes think it's poisoning all of my relationships with people that I have to be doing better than them.
pas_e88f328c,"(I could send her "" I hate you."""
pas_e0796c32,but am i just being cheap and should i not eat next month so i can do the full gesture?
pas_a2f412f9,I know what I did was wrong with the grade changing and looking back would've gotten that textbook and done better in the class.
pas_40055031,I will tell you it is sold out you will be pissed and end up waiting in a line for the next showing or go home.
pas_1a4ded0d,This last two months after much thought I decided to start drinking again.
pas_f89b6fe0,"We even had some meeting last month telling us not to tell the patients that we are in no way affiliated with the medical group (which are obvious lies because we share a building with one), one of my duties was cutting checks for invoices in my ap duties and the controller specifically told me not to process invoices for benefits/ human resources for the new company and to enter them in the old dead company to avoid suspicion"
pas_1a5ca845,"I knew because it was boarding school the staff didn't tell them, because I'd be expelled if they did."
pas_5cc4dc35,"She almost hit me, and I swear if she did I would smack her right back."
pas_b5c6c454,"I yelled back and said she should have done her own work then, but she said I'm not owning up to my mistakes so she's dumping me."
pas_f524b060,"I’m most likely going to fail my internship and probably not passing this year, but I will not go back at it next year."
pas_945c5139,I did that to him for months and I'm terrified of actually forming a fairly close relationship of any kind with anyone.
pas_4821aec3,"I didn't tell my supervisors because I'm still in training, and if they knew I had a major incident like this happen so early they could see me as a liability and fire me."
pas_7c4ea356,"I will let him do all the planning, all the initiating, and make all of the effort that I currently make for him."
pas_d61de1fa,"We paid for the house with some of the money from the building fund (only because he promised he could finish the house regardless of using funds for a new house, the house we bought was $36000 and about a third of the money he can't really allocate for)."
pas_2d262eb1,"Today I kind of lost my best friend, because I slightly punched him by mistake while playing."
pas_92ed68e1,"I unblocked a person who wouldn't stop harassing and stalking me so that I could work on the friend group, and find out you guys think it all happened because I ""hurt him""."
pas_0a44f6ee,"So the situation is like this:
My ex is coming tonight to my town and if i wanted to i could end the night in you know already what, but i am currently getting to know a person which i really like and it looks like it could end in a serious relationship."
pas_298cee6d,"If I could, I would go back in time and beat the shit out of me."
pas_237a26d2,I've really been contemplating getting him in serious trouble since yesterday because he blatantly stole $20 from me and I'm tired of his shit.
pas_4ef98a8d,"So, any advice on how I could realistically create a serious enough problem in their eyes that I would really really need to leave, would be sincerely appreciated."
pas_8d3c2ed9,"(I feel this would be a good spot to seriously clarify that I did not do anything to get kicked out, as I assume people are going to claim that I shouldn't have been a bratty kid."
pas_dcb7271b,"I havent been able to get propper sleep or eat right for the last month, and I'm lacking the will to do anything except hitting the gym and get completely exhausted."
pas_942e56f5,"I'm sorry if this all seems mundane and silly, but the last thing I should do is tell all our mutual friends about it."
pas_ad188185,"It's definitely high risk, I have to be attentive when I drive, just to take photos and upload them to our site."
pas_4bf7d99e,The only actual friends who I enjoyed talking to (and actually could talk to) were last years' 12th grade who sadly graduated and left me alone with a bunch of fucktards.
pas_8711ee14,"I genuinely struggle in conversations to where I feel like I'm speaking a different language, I lose all motivation to do anything and get fleeting suicidal thoughts like I might as well just not exist."
pas_6260253c,"One day I'll be passionate about the meaning of my existence, the next I've got the psyche of an evil villain; humans don't deserve this planet and should just vanish."
pas_753bbd47,I didn't really want to but I'm really attracted to him and I like him a lot so I did it because I Don't know how to say no.
pas_2fede97f,I should mention that on this particular night his confessions may have been coerced by the alcohol and MDMA that we had consumed.
pas_5230baae,"Well today I picked this kid up, and he's fucking irritating."
pas_8ef7cf4e,"Give my work notice 3 weeks out (I will be treated like an asshole for my remaining time there, no point in giving notice sooner)."
pas_16f01a46,I was saying hi to random people and meowing when I'd walk next to someone.
pas_90d53343,"While I am never the type to hurt someone over jealousy, I'm scared I will slowly and subconsciously hurt my own self esteem, and hurt my friends as well."
pas_264672f9,"I asked people at work if he ever mentioned anything malicious or negative about me, but no one said he did."
pas_5425a19d,Today I missed work because I didn't look at the schedule.
pas_38461978,I didn't look at it for very long although now I wish I had so maybe I could figure out what he used to hit her.
pas_e7d5663f,"And yet, tomorrow, unless this sticks with me for a couple days, and it will only be a couple at best, I'll go back into the dumb, worthless haze that the vast majority of my life is spent in."
pas_f75bdb6a,She apologized and over the next few days i hardly messaged her and was slow to reply whenever she did.
pas_aa10e3b9,"I met this girl online about a month a go, I really enjoyed our conversations  but two days ago she randomly decided to send me a picture (i did not ask) and she's fat and ugly and suddenly I lost all interest in talking with her."
pas_8ad3fb07,"I stayed on for the next year regardless, but it got to the point where I was borderline suicidal and I decided to quit."
pas_2fc4d0e7,"I'm actually planning on breaking up with him in the next few weeks, and it will be a really complicated breakup because he is super unstable and he's told me he'd commit suicide or ""die some way or another"" if I left him."
pas_08e0ae3c,I could see this being a problem because I kind of invited this other girl I'm interested in.
pas_c8ae2bc5,That night I got really drunk and they did not expect me to be cursing and being loud.
pas_bb07a9c8,"I was suicidal last year because of this and it's coming back into my thoughts again, I just worry about my future employment prospects for the government."
pas_1bc4bf8f,Long story short .So last night i went out with my best friend's girlfriend to discuss some of my problems .later that night we ended up making out at her place .
pas_7ed5cc91,I will often watch them for 10-12 hours.
pas_cfe2ea0f,"On the one side I feel like maybe I should get angry at her and tell her that if she relapses, that is okay, she has my support, but if she is using it to manipulate or won't fight it, that's unacceptable."
pas_55a915ef,"I feel like I should notify someone, like the peeping-tom's current room-mate, and his future room-mate, but the guy who stole the go-pro doesn't want to get in trouble."
pas_f910f311,"I believe that he's given up though and though he has all of these qualities, he will not apply them and he will continue to work the same job (which provides awful compensation and one that I'm shocked any person could live on as well as he has and it is miserable as fuck I know we've worked together in the past) until, well maybe they would eventually fire him?"
pas_6131d00e,I will be completely honest and say that I'm really only in it for the money.
pas_e7f3b986,"I hate that I'm fat, that I smoke, that I don't sleep when I should, that I'm now a year and a half late on starting my bachelors program, that I am late for everything, that I yelled at my dog today, that I cry a lot, that I'm in debt, that I binge eat ice cream as I hate on myself."
pas_c296bce0,This was just the beginning..I soon began getting into pills a lot more and started using any amphetamines I could get my hands on.
pas_6201fdb2,We decided together that we should pull a prank where I would tell the girl (Let's call her E) that our socially awkward friend (B) had a huge crush on her and that she should confront him about it and explain her disinterest.
pas_2f2638cc,Two years ago I did something terrible to my friend.
pas_f3b241f8,"I keep telling myself that it will be ok, and if it isn't, I guess I could always just bite the bullet, leave the new place or kick her out and just deal with the extra $400 rent in order to save my sanity."
pas_09ba2589,I did a year abroad and wasted the opportunity through drugs and drink.
pas_12cda6f4,* That time when pain-of-loss caused me to be too afraid/ashamed of seeing my ailing grandmother in her last days.
pas_8ab0b8b3,I'm into bodybuilding and workout 1.5 hours 5-6 days a week and yesterday couldn't even go because my joints and feet were in such pain.
pas_330a31d5,"Yesterday he did the same, I got angry and I said that if i'm an idiot then he's an idiot too."
pas_faf3cd6e,"of course i could go in and so the two weeks notice thing but i know she'd make those two weeks hell for me, and last time i checked severe anxiety wasn't a good enough reason to quit."
pas_277358f7,"Cauz honestly I don’t think so… it went really far and to be honest in high school I was the best student all the time …
I know this week is gonna pass whatsoever, maybe in 3 days I can save something, or maybe not but for sure, I have to solve my problem, 
Am thinking about doing some therapy, Ive heard abt CBT technique.. 
Anyways just tell how am I gonna cope with this, Im even thinking of not going to pass exams at all, but am afraid to get a zero so.. Is my case normal?"
pas_e45625cd,"It's a gamble im willing to take, everyday me and him talk about and the plans for the future - Soon as i land in austrailia i won't have any money to fly back if it fails and my mum said she won't bail me out."
pas_0fa9d80b,"the next day rolls around and it's 3 with no word from her, i'm concerned at this point because what she had told me was extremely troubling but she asked me not to tell anyone, so i tried calling her but was quickly ignored, so i decide to shower, but i get a phone call from her mother telling me not to contact her because i was the problem with her relationship, but when she told me this i figured it might have been a cover seeing as she was home with her boyfriend at the time, so i messaged her mother saying i got a hold of her daughter the day before and what she had told me was troubling, i asked her mom to try and get a hold of her and to not tell her i had messaged."
pas_d0309ef1,A few friends and I want to find an apartment/house to rent out next to a beach (we've been looking in Florida) for spring break (03/11/17-03/18/17) however we're having so much difficulty considering none of us are 25.
pas_35f66fa8,"My brain calmly responded with, ""Oh, I should just swerve off the road and make it 21 like me."""
pas_957a94a7,"I was thinking of rigging up some kind of outdoor spotlight in the back of my car that I could turn on to blind them, but then I realized that I don't want to hurt them or endanger anyone else, I just want them to back away from my car a bit so I can actually see where I'm going."
pas_8916e543,As it stands I feel like I love this woman and want to give everything to get her to trust me again*I cheated on her the last time we were together* and be mine.
pas_dac8d382,"At the moment i feel like i've dug a hole so deep that i should just claw to the side and hide umderground forever, see i've been dodging my landlord for weeks and tomorrow i'm gonna have to face him with a fraction of what i owe and beg on my knees ( not the first time and also not literally on my knees ) and the only reason is that i got drunk and stupid and just lost a lot of money, why do i keep doing this to myself?"
pas_dd481b22,"It is getting harder to even attend classes, I might have attended a total of 2 weeks maybe out of the whole semester."
pas_dab8ead7,Like there are people with real problems and I should not even bother other people with my problems.
pas_60838865,"I tried to hang myself,  but before I could, I fell... on the floor."
pas_95ade94c,I've been so stressed about it I've considered committing suicide before I have to experience it.
pas_544dab1e,"I did however hope deeply that something unfortunate would happen in his life because this has strained me financially and I wanted him to share my pain, selfish yes, petty yes, but harmless."
pas_0d510985,i don't have a divers license i have a drivers permit im pretty confident i can make it there and back with out getting in trouble I'm a safe driver and it'll be around 10:30 pm so i don't think there will be too much tracfic but if i did get caught somehow how much trouble would i be in?
pas_e483a63b,"So basically in the text I started with ""wtf is with waking me up screwing with my sleep on the day you want me to go on a marathon walk"" and then I added ""oh and by the way I'm sick of the crap you come out with re my brother, so get stuffed""

I was very angry and realise I should have confronted him about these things in person, seperately, still, it seems he's going out of his way to pi$$ me off."
pas_5f0a5726,"I have been hiding it from them for the last few months, only smoking when they are not in my presence."
pas_106829a4,I accepted the job last year without doing any research into what is normal pay for this work (we live in SoCal) and accepted $25/day.
pas_228e08ad,"Also he has a ton of weed in his house, he may end up going to jail for a long time if I call the police and they catch him at home, I think if he goes to jail, he won't get the help he needs."
pas_37772d10,This year I had some classes with a few of her good friends and we got to know each other pretty well so I'm thinking that's my way back in.
pas_a53a8d9e,"I took my second road test six days ago and failed (don't want to go into any details about that mishap, but it wasn't even my driving that failed me, but the incompetence of the examiner I should say)."
pas_c236c4dd,"It seems to me that if a woman is home alone, she should probably not announce that unless there was another intend."
pas_4688d1b8,"I never did any homework, I learned basically zero things while I was there, even worse than how I did in Canada, and for some reason, they still let you pass high school like that in Korea."
pas_08d68932,"Ive told him that I know I'm fucked in the head and that if you hurt me, I will hurt you 100x worse."
pas_315b5cf2,"But when she won't get her face out of it when I'm trying to speak to her, and he's ignored them the whole time, yeah - I'm gonna take it away for a while."
pas_15e1daf3,I been keeping these emotions in for so long that I am a ticking bomb and one of these days I will explode and go off on someone and just break down.
pas_7867a849,At the moment I have stopped responding to her messages but I think she will start yelling again when she realises that I haven't blocked her.
pas_8f02d2d2,I told her if she was cute and if i could have her number.
pas_cfc75a9c,"The constant fear that I will gain weight again, the binge eating when I feel terrible, and then the feeling of guilt and thoughts of never wanting to eat again that accompany it."
pas_2df74806,"Whereas last year where I had a connection but bitched out every day, this year I have no connection, and would still probably bitch out."
pas_0e9576bf,"I won't lie, I lose my temper"
pas_6f5b7b10,Started messing with molly and nBomes last summer too.
pas_9de412f3,"Come the end of the year after her constantly putting up with my shit, we go long distance and I knew it wasn't going to last because I just wasn't feeling it."
pas_785252f0,"It's been almost a year, and I finally put a note on his door saying he could be fined."
pas_af492695,This made my job so much easier because I could tell her right there that I know about him.
pas_2e8a534b,"I love the guy like a brother, but the level of depression this is causing me is really not good - I've gotten really bad over the last few months, and I'm not sure how much more I can take."
pas_d9ddb0c7,if not what should my excuse be until i feel i could tell them the truth?
pas_0ff6e0b6,"If I do that, I'm almost certain that, at best, she'll be mad at me for a couple months but then be happy I did it and what's more likely to happen is that she'll hate me forever and a lot of her friends will hate me too."
pas_16a02ce2,We did it all off the books out of insurance and I really wish I could've done just a different thing to not have gotten in the wreck.
pas_1d3302b0,"I’m a sophomore in high school and on Mondays and  Tuesdays I can’t get myself out of bed, I have a ton of absences and this has been happening since 7th grade, I can’t do this anymore because people ask why I wasn’t here and I’m already angry for missing the prior day but I get even more angry when people ask me stuff that I have to come up with some bs story about."
pas_5fdac1c7,i did fuck up and got away from it because a security measure i taken had worked.
pas_ad9e3560,But I don't know if i should straight out tell him as to why I'm not comfortable being his best man.. Or if i should suck it up and wait for things to collapse..
pas_56e9d826,"Any other suggestions would be great





I just quit gaming last week and now my hallucinations are coming back because I have nothing to keep my mind occupied and my future in sight."
pas_1f7e4f52,Married and not sure if I should tell my wife.
pas_ddda992e,I have to end up asking every question or conversation starter like its to both of them when I really just care about what her repsonse is.
pas_3a6804ac,It means I have to use MY money for additional gas to take her wherever she wants to go?
pas_e207d5f5,I am moving out of my apartment today and since everything is falling apart my family and I will end up sleeping in the Budget Truck that we are renting for about 21 days.
pas_0a05dac5,"I quickly went to the hall, put my shoes on, said bye with the most hatred in my voice i could get and slammed the door with all my force."
pas_c3be802c,"After I told him that I wouldn't be back for a while probably because I was hurt, I could tell he was upset I was offended because he said ""Oh you need time for your butthole to heal after getting that butthurt?""."
pas_d3e8b367,"I don't feel sick enough where I feel like I could be in a bad place if I don't get to a hospital, but even if I did I'd be reluctant to go because I don't have my own car, the nearest hospital is 2 hours away on foot and I'm more terrified of getting thousands of dollars in hospital bills stacked on me than I am of being horribly ill.

Is there anyway I can explain this to my boss?"
pas_bffdfa2f,Tonight my sister texts me and asked if I could hear her turn on my mom's cat.I lied and said that it was really loud even though I could barely hear it.she didn't go anywhere but I'm pretty sure this means she is planning to.
pas_9c5504d6,"The dilemma i'm having, is if I kick her out this week, she will go back to her mothers in another state, and she is pleading/begging for two more weeks so she can go to an appointment with our kids."
pas_87c5e9db,I could get him seen but it would empty out my savings and cause problems with rent and other payments.
pas_5ad73360,"Having to be a part of the interview process for next year's incoming graduate students that day, I planned to have someone cover my duties and skip out for the couple of hours it would take."
pas_575e6d00,I've been married for 13 years to my spouse and starting in January of this year I started seeing a younger man on the side.
pas_acb393ee,So I did fine receiving high C’s and B’s on the tests in all of my classes but ended up failing most of them for not doing the homework.
pas_bc7716da,"I have told my friend about it, and he said that I shouldn't interfere with her current relationship as its very selfish move of me, but I should rather be the good friend I have always been and wait out to see if her current relationship would work and go after her if it doesn't."
pas_0ffc65c9,"I'll write down what needs to be done and then i say ""i'll start tomorrow first thing"" and then tomorrow ends up being the same old sitting down on the computer doing nothing but looking at pointless threads/articles/so on."
pas_9ccc7b2a,"So I guess I'll start off with some of the basics right now, I just recently quit my job last month I was being disrespected a lot there, I was making pretty good money and with that money I have purchased some pretty expensive things with loans, at the time I could afford the payments ( and I'm not really looking for a lecture on why loans are a bad idea, I already know."
pas_8265d88c,"What should I do, should I skip the first day and hope I can retake it last day of school?"
pas_f766a9b8,"I think for now I will just keep my hands off for now, I am going to college and honestly just want to rid myself of my mom's side of the family."
pas_0db2fc35,I never knew she was my cousin until yesterday so I was literally trying to flirt and court her so to speak!
pas_00fd668e,"I lay in bed and will avoid them for days just to not speak to them, I'll go without food because I won't want to o downstairs to the kitchen in case someone is there."
pas_eb7209de,Just give me some advice and feel free to ask for further information as I'm coming to my last legs.
pas_aeb7cf5b,"(I'm 17 btw so yeah a little underage to drink, but i've had alcohol before and I thought it was pretty cool that a teacher was offering me a bottle of beer and to come and just chill) so I accepted the offer and there we were eating Cheetos and drinking beer in front of the T.V everything was fine, we were just talking as we normally do, he was asking if I had everything prepared for school the next day and if I had all my work done, he got up to go to the kitchen to get another beer and after about 5 minutes he still wasn't back in the living room, so i called out and asked if he was okay, he yelled back that he dropped a heavy dish and there was porcelain everywhere and if i'd come and help clean it up, I said yes and walked into the kitchen."
pas_9bebeeea,"- ""who the hell do they think they are"" - Matt mother called John to figure out what was going on and I could hear them start yelling louder saying we needed to get our shit together and to ""not send her kids over to their house"" at this point i stopped listening to what they were actually saying and gathered our things  and walked into the kitchen where they were still ranting about us (they were no longer on the phone) and said ""I'm sorry we were an inconvenience"" and turned to leave and she just went after me, yelling at me about how disrespectful we were - honestly I dont really know exactly what she was yelling, I tuned her out."
pas_5a71745a,"3 weeks ago, we had a fight and I did assault her and grabbed her by the neck."
pas_d25763fd,I have to eat a sock now.
pas_cb4ae18a,"Again, I may sound like an arse but when she'll grow up she will realise it and feel even worse for not having done the right thing then."
pas_1dc473cc,I did not show up.
pas_69529979,"I know it may be 30 years in the future, and may not happen at all, but still, I want to have a last-resort plan, a what-if, a just-in-case, so I have a way to get out of a possible, wretched future existence in the worst-case scenario."
pas_45acd706,You're just some teenage girl I have to take care of!
pas_f1727322,"Oh, and I did stare at her this morning... as part of a crappy joke."
pas_1f40503d,"Well a month after I do decide to start talking to the guy he quits his job and starts to stay on my couch, I tell him straight out i dont want him staying with me cuz I harbor an ass load of resentment towards him because im being serious reddit, I did nothing to warrant the way he treated me and it seriously fucked me up mentally for years."
pas_62ae8e97,"I won't lie, I'm suicidal."
pas_96fe6b7b,"My counselor has said to stay single until I get myself together, and the lunch wouldn't be for two months, if ever, but I am terrified of being rejected or having it never happen, and I feel like I cannot control my anxiety and obsession right now...and I sent him something very flirty and maybe too forward and I am just overly concerned about what he thinks...He did invite me over for sex and then cancel a  lot and he also asked me to bring beer to his room."
pas_f227b25f,"I've pretty much just been putting up with it, but thinking I might go through this for my entire life is too much to handle."
pas_68ef5b4c,"I can't enjoy the things that make me happy anymore, and I don't know how long I'll last before a mental breakdown."
pas_57b52fe1,"Anyway, so I looked at his texts while he was busy and saw that he had been saying things like ""I love you and want to be next to you"" to a man."
pas_e8a3b4aa,"I'm 15, last summer I found out my dad hung himself over the internet with a little bit of research, my mother never told me I've been in deep depression I recently dropped out of HS and my life is going down hill, fast."
pas_a3b2a88a,Lately it's also been starting to affect my relationship because for the last few weeks I have been feeling like crap and I've been acting really terribly and I just don't know what to do.
pas_cf25fd6a,"Like I said, my girlfriend and I were and still are going to University, and the last thing I wanted was to beat this guy to a pulp and have an Assault charge on my record, so that didn't seem like an outcome I wanted."
pas_5b2008b1,It's 5:30 in the morning and I'm screaming my head off because she won't even sleep.
pas_3e741547,"I know it has to stop but knowing me, the next social outing, I'll push these feelings to the side and partake anyway."
pas_039dcbd7,But I will be forced to cut off all ties with my mom and dad and leave without notice.
pas_037b06a7,"It's like a metaphorical mortar shell has exploded right next to me, and that high-pitched, numbing, ringing sound is humming away in my brain; until the gun fire begins to go off, that gun fire being my thoughts, and than I go back to that numbness of a mortar shell exploding next to me again, temporarily relieving me of the self-perpetuating gunfire."
pas_6f7be091,I did not use a condom.
pas_ad338324,"For whatever reason though I am having a really hard time quitting now, and have quit and started again many times over the last two months."
pas_f61525ae,My room is a mess but I won't bring myself to clean it up.
pas_b3dbf5ce,"Or maybe I can make a few quick compliments and wits to get her entertained then when I give her too much money, I'll say keep the tip then stop myself and say well actually I might need that."
pas_24482e00,They can come hang out for an hour or two when the other guys aren't there and I could probably get away with it.
pas_f100cb4e,"I have been gaming since I was 8 and being the youngest member in my family I always got whatever I wanted, I had a PS3 and when PS4 came out I was way too excited to build a PC and game on it instead since I could pirate games and wont have to pay for offline games."
pas_0d037197,"The truth is I dont feel as bad about what I did as I make out, I don't really give a fuck about anyone, and i never consider the mid to long term future."
pas_b6cef114,"Not sure if I should stick around if they give me another role and do my work on the side or tell them to fuck themselves, quit and put my all into becoming a freelance 3D Artist."
pas_dddb3505,I did marry him for a reason and despite breaking our vows almost as quick as he can say them.
pas_43d36a60,This time I was much furious because it was the very same guys she spoke to the last time I saw from the conversations when I snooped through her phone.
pas_d56fb04a,"So I flipped out and says he's great but I have to block him for good 


I came back months later and we talked and I blew up His phone and pressured him to be my bf again(he agreed jokingly) I said ""nvm when you become bf sex stops, so let's break up"" 


He finally got fed up with me and rejected me saying 
He says I'm hot and cold and too much and he'd love to sleep with me too but ""baggage"" he said more blowing up phone and getting attached 

My question is, could my behavior from before be what he means by hot and cold?"
pas_459d9798,I did have drama with the tumor girl because she ran and told everyone that I made her uncomfortable because she doesn't know how to tell me no when I asked her to cover my shift.
pas_60d1211f,"I hesitated at first, but with the group chat being a stupid idea, I knew it wouldn't last long, and I knew it would spread to the girls, so I named my friend in hopes of her being encouraged to speak to me."
pas_722967e7,"I also said something I probably should not have said, which was that if he chooses to take legal action I will not forgive him for the permanent mark on my record, as I want to pursue a career in music education, and that if he does he will no longer have me as a son."
pas_16775bea,"My intention was to tell JSP about it as soon as I could (I cheated in a place that had terrible wi-fi) but I decided to hold off from telling her until I could come up with honest answers for questions that I knew she would ask (the reason I needed time was because the questions would have been why I did it and other questions about my feelings, which I had a really poor handle on at the time)."
pas_b6918f53,"Hello, I phoned in sick to work today and said I had a family emergency."
pas_858dcb1e,"So all in all my question is I know this person's name due to the chitchats and  handling package's and mail for them, if I don't get a chance to see her before my next shift would I look or come off as a creep if I look her up on."
pas_fec916c3,I feel like im shrouded in lies so cannot allow anybody to get to know me or they might learn the truth.
pas_d46b7521,"A few days later an officer showed up to my door and asked if he could speak with me on my friend, and how I got supplied, 
I agreed but gave up the names of some other local stoner kids who I knew(real dick move I know, but had I known the following result,
 I would have given him up w/o missing a beat.)."
pas_d4ef56c3,I am 18 and got really drunk with my sister last night.
pas_2ce3a533,"I made some mistakes, I went with the flow of direction but very much gave the minimum effort to get ahead and complained a lot about how “we don’t get paid what we should!” you know, the usual negativity you see in under achieving employees."
pas_1144a37e,"I could free up my availability during the school year""

HR: *sighs* ""After my vacation I will see what I can do, but probably not with your availability"" 

I doubt she knows who the hell I am, much less what my availability is anyways."
pas_f80e3df3,"During the argument, I told her that ""if you say sh__ like that, you can't take it back later"" and she responded ""I won't take it back, if I apologize I just fake apologize because I need something from someone""."
pas_03c38c57,This is my last resort.
pas_dab8830c,I moved in with my father without letting the complex know so he could save money.
pas_a55cb070,I don't know If I should keep trying to make this friendship last because of how close we are and how long we've known each other or stop giving a shit because he's kind of a dick now.
pas_02340be2,"I was very close to slamming her head on the glass coffee table to my right, but knew i'd be a fault and most likely sent to juvenile hall (if she sustained more injuries than myself she'd easily be able to manipulate the police into thinking i assaulter her... that's just how she is), so threw her into the couch, picked up my phone and wallet and ran as fast as I could."
pas_e9666039,"Our schools were boarding schools (all boys for mine, all girls for her's) (but I boarded off campus near my school but she stayed at her house because she lives near her school) so everyday I'd hurry to a class room with WiFi (she didnt want to give me her cell number yet) so I could text her on Facebook (I missed Track and Field training many evenings just to text her)."
pas_c152bc50,I will destroy this guy if he's harmed her.
pas_982858e8,"i'm suicidal at the best of times, today i feel worse than i have ever done in my entire life."
pas_fe952b28,I know I won't have a whole lot of time to work on it because I've severely procrastinated.
pas_2a10758d,"But he won't fucking listen, he starts saying he needs to call 911 and I keep saying, no it's fine, but he insists that it's deep and he's bleeding out."
pas_bccd27e3,so now i have the urge to return it and theres a good chance i could get it back where i got it but if i did get caught i would definitely loose my job that i worked so hard for.
pas_d0686875,"I asked a friend of mine to hand over the book to her and tell her that ""my friend is sorry for whatever he did, everything else that you might want to know is there inside the book""

Its been close to a month, as promised, I haven't been to her store since."
pas_d01430d7,"I did not do it like I was hound dog foaming at the mouth, I just thought I should do it, like someone in the peloton told me to do it, a cop saw and arrested me, I admit to it and they gave me the therapy."
pas_7ee001b1,"This was part of the reason I abandoned my studies, I guess, I'm still not really sure why I did what I did."
pas_4880a0a4,"She replied that since she has basically no medical knowledge, she will research on her own whether vaccines can or cannot cause autism."
pas_950b14c1,Recently this came to a head when I did something I'm not proud of.
pas_cffaee22,"I find myself at a crossroads, i stopped it and grounded both of them and stopped from seeing each other (schedules for dinner, locked in their rooms wen not at school, etc..) but i know that this is no solution and i don't want them to resent me, i want them to be happy but i am scared that they are confusing the love they feel for each other as siblings for something different and that a couple of years from now they will hurt each other and resent each other for the rest of their lives, i don't want to force them to stop seeing each other (they are siblings after all) but what if they decide to keep the relationship going and end up breaking the law or having kids that might have some sort of genetic deformity, i just want some advice as this is something i can't really talk about with my friends and family without ruining their reputation for the rest of their lives

Sorry about my English, i'm Portuguese and English is a second language"
pas_fcd85937,"About this time we were beginning to argue with my mom about things in the wedding and that's when I told her ""Shove your money up your ass, it's our wedding, not yours, and we will pay for it ourselves."""
pas_14bc4ebf,"I always worry I will say the wrong thing or something (I don't fully understand why I feel so worried) and decide to postpone responding until a week has passed &gt;&lt; Every text makes me more anxious, so I postpone longer."
pas_c7dd0f24,"During my freshman year of high school, I stopped attending during the last 3 weeks of school."
pas_187ce60c,"The only other substances I wanted to try were acid and shrooms, as I did a thorough research paper on them and understand they are not addictive or dangerous if used properly."
pas_bc9289ea,"Today she found out that SP and LC had hooked up, causing her to slap SP."
pas_aa51e988,I also think that if I did steal her she would lose her friends as her and her boyfriend share the same circle.
pas_e13b3aa9,I called out sick to work last night and it was only my second day.
pas_40d07b60,So by the next week all four of us hang out and drink which is basically to this day all we do together as a group and seeing them together made me not want to  feel anything so half the time I would purposely get wasted to numb my pain.
pas_24c47371,"**RECENT EVENTS**

Sadly, the peace didn't last too long and we had another fight (this one was my fault, I let my emotions get the better of me)."
pas_24ce4eb5,I did it and I told her I did it and she threatened to leave me and there was a lot of drama so I decided to quit because of it and she promised not to tell my mother about it.
pas_686ac589,"I will be gone in less than 2 months, so I am not worried about this effecting me or the office long term."
pas_35ddbbda,"I will give you a few examples of how terrible he is

1."
pas_1f2a79c2,Or I did it but never turned it in.
pas_52196cc8,I have straight A’s and if I even got a B+ in a class (unless it was like a failed test I could make up) I would be depressed until I got rid of it.
pas_3b81f2ea,but i try to show interest in something too disturbing to describe(i know it's weird right) at last guys i am begging you to help me what should i do from here?
pas_c59f3022,I can't imagine even if I did have a leak that much carbon monoxide could make it into my cabin with plenty of air circulation as the windows are all down.
pas_50593e9e,I revealed information that I should not have.
pas_6e13992b,I went to my first meetup last weekend and had a good time even though I didn't do anything but get drunk in company of others and talk to a few strangers about some of this bullshit.
pas_9c2ee16a,"If i took out a big loan for an awesome music college, is it even remotely possible that I could pay it off within my lifetime without dying of starvation or homelessness?"
pas_7ea29919,"Also, I tried to withdraw cash at an ATM, and he was right next to me, so maybe I could access the camera somehow and get his identity."
pas_ec9b08ef,I said I was free to hangout but when they asked if I could pick them up I didn't respond.
pas_85f66f45,I have nothing to learn and I'm sure I will give up even more easily than I have ever done!
pas_94f0ed51,i cant believe i did this to myself i wish i would never have grown pot and then become a prostitute i wish i just had a normal job i dont even care how much they pay me.
pas_2bae5dd0,"I attempted suicide twice, in a short period of time and within the next two years was hospitalized twice for almost 2 months total, shuffled from psych doctor to psych doctor, still always depressed and anxious and never quite believing I'd live to adulthood."
pas_f12ab2ad,"Mainly because I don’t want her to ruin me and my friends time together, but mainly because of my own jealousy of their relationship (of course, I am presuming they will be together by this time)."
pas_5cc50be4,"I'm kind of a troll, i feel like an elitist and I dont really value people as much as I should."
pas_8c51e287,I know I was a bitch for biting and I learned my lesson to never lose my temper in a fight again (first and last time).
pas_772ad171,I could've called in from a hospital even if I was severely sick.
pas_54107006,"I’m lazy to go trough this shit with them again, listening how i should fuck him up.. denying offers to go fuck him up with me and basicly adding to this madness in my head."
pas_ac42c849,"I have contacted my previous employers from my last job -- I outright lied to them and said I was quitting my job beginning in May to see if they would give me some hours and they are receptive to giving me a few hours per week freelance, but it's not enough to pay the bills."
pas_06aa7159,I know this is going to inhibit my school performance but not only take away the time I have to study but also sleep.
pas_e41a5a31,"Now, I should've kept my mouth shut, but his belligerence has been wearing thin on me lately."
pas_ffa3970a,I told emily that she should go hook up with other people.
pas_d43c5002,For my entire first quarter I did almost no work.
pas_1264f9be,"I never meant them any harm, but I did mean to scare them, which is pretty fucked up looking back."
pas_ed9b00f4,"When I am occupied I don't do drugs and I don't have a craving for them unless I'm alone.. which, I do self isolate alot, but I hope by traveling alone it will force me out of my shell a bit more, and I won't have the comfort of my own home to feel mentally sound enough to do them."
pas_5d39207c,"Should I call him out on this, possibly stopping it from becoming a worse habit than it already is, or does it really matter and I should keep going on with it because it brings me little moments of humor in the day."
pas_8e7e04e6,So last night I drank a bit more than I should have.
pas_6f5dd0aa,"I won't give all the details cause to be honest it's a really long and stupid story, but the point is I've decided that it's best for me to cut her out."
pas_19a810c3,"Most colleges I want to go to won't accept my low GPA, and even if they did, I'm concerned about debt and not failing most of my classes because I'm so fucking stupid."
pas_84bffd52,"She could tell I hadn't changed and as hard as I tried, I ended up proving how much of an asshole I still was."
pas_6c587368,"Today I got an email with a link to the website of the company that took my graduation pics, it just took a quick trip to the developer options on Chrome to find the directory with the full pictures all the way back to 2012."
pas_dc27a351,Which I did but I just forgot about her because we havent seen each other since.
pas_469e01a9,I'm applying punishement that he will otherwise get away from that will prevent him from stealing again.
pas_007f04f7,A break that was supposed to be 10 minutes could go on for 10 days until I have my next burst of work.
pas_28e27462,I did yell back which I guess I shouldn't but I just can't be bother with his crap anymore but it just made it worse.
pas_b680df98,"When I'm hanging out with him, I have to force a smile and pretend to laugh at his jokes."
pas_db229699,"I spent from 12:30 pm yesterday until 3:45pm today sleeping, napping , and goofing off when there were other things I wanted/needed to do."
pas_05ac03b7,Maybe I should just stop hanging out with him without telling him that we can't hang out anymore.
pas_ee348050,I could even demonstrate that I make money gambling on sports.
pas_2ca7e4c8,Even though i didn't feel the same (for the reasons above) I told her i enjoyed spending time with her (which i did).
pas_c7a629d4,"I'm a pretty avid smoker about half an ounce a week, I am no longer really hungry, I get the munchies but if I don't have any I'm fine and when I'm soberish or just during the day I'm not hungry, today is the first full day I have not had any food, also I suffer from anxiety and depression I've been going through a rough time lately, could this also effect it?"
pas_58a44d42,"So i have this like family friend or whatever who is going to be a junior in high school im going into my sophomore year of college, basically the last time i saw her was last summer havent spoken since then because we never exchanged numbers and what not lol anyway i found her twitter and i typed her twitter user into snapchat and it came up would it be weird if i just added her on snapchat?"
pas_557b40b2,"Anyway college came and went, it ended in June 2013,  in September I tried get in contact with her but at the time I was smoking a lot of weed and I was pretty fucked in the head, we was going to go the cinema like old times and just have fun in each others company, but I cancelled last moment and I never replied again."
pas_52285fe0,"The amount of pride I feel when I step on the scale and see the number go down is honestly troubling and sad, like I can't find worth anywhere else in myself that I have to look to my weight."
pas_60e7b541,I wasn't that worried because i knew his parents are rich as fuck and he kept reassuring me that if he can't pay me back by september he will ask his parents for help.
pas_b150a738,"I got a bit drunk last night and went on this massive nonsensical emotional rant to him about how he doesn't support me and he doesn't care, blah blah 
All he said was ""sorry"" and ""I'm just bad at emotional support"" I kept talking about him at least trying and he pretty much ignored that."
pas_4b971968,"Now, after ""3 hours"" of texting (which he also reprimanded me for, for he's the elected girl's Dad), I got the ""proof"" and it's so blatantly Fake that I could (and succeeded to) make one from my own email too."
pas_0ef31e55,To the point where I'm writing here instead of studying for a final tomorrow.
pas_cea07fdd,Anyway what I did was known as a fraudulent return.
pas_0749ef11,When i came back i told her i didnt think i could continue being frineds with her if she was going to start dating other men.
pas_c7ca68f6,"On the last day i got extremely drunk , like severely, i remember very little of that day it is really not funny."
pas_8a9b2e12,I have online dating profiles and I usually troll people on them but deep down I hope that maybe one of them will be the next one.
pas_cd84ae63,Got home put it to the side so I could someway sneak it back to her but it's a £100 and my current clothes are only fit for working in.
pas_ec010722,"While not all of the house knows, about 5 of us (including me) have decided that person A must go before the next school year when we find housing (whether that be the same house or a different place)."
pas_431b0507,"but i totally dislike this, i feel like these girls have no self-respect and they shouldnt do this in public if you do this with your partner in private i really dont care, and all comments below those videos are all about them liking this new trend and they cant wait for summer, i see them as perverts but i should be with them if i really like girls, shouldnt i?!"
pas_dffe0413,And I wish I could say that she is the only friend I have lied to about this.
pas_f2a720f1,I'll walk down most of it and maybe jump the next 4 or 5 ones straight to the bottom because I like to.
pas_0d763750,"I could possibly take out a loan from my bank and pay it off with my financial aid I'll receive (because I'll have HOPE, the Pell Grant, and a small loan)."
pas_cd188ee7,At this point I'm contemplating whether or not to commit the act.. the only thing stopping me right now is the thought of the legal consequences I will have to face..
pas_53440710,"Today my system failed, the specimen was not in range and I had to retake with my own dirty urine."
pas_9210adac,"Like I have nothing to be sad about and the problems that are in my life are not problems that I should actually be sad over, yet for the past 3 years or so I often think to suicide."
pas_2f2d9f25,"I love her, but i know what i did is not what gets done to someone you love."
pas_1e53260f,"One day, my grandfather returns home telling me my father assaulted him a few hours ago so for the next few days, I had my knife attached to my belt, waiting for him to come back home and attempt to do something stupid."
pas_35f746bb,"The thing that triggered it was a 'spiders on drug' YouTube video I sent her like a meme, but I forgot she had arachnophobia (and I insisted she could listen to the narration to enjoy it after she went full CAPITAL)."
pas_609a885e,I did know his e-mail and banking password a year ago when we lived together and dated.. but I never changed it.
pas_69648d77,"If I could do one thing and be guaranteed to be okay, I'd just run away."
pas_dace6e87,"In fact, last month I cut off funds to my father."
pas_5171d463,"So I could feel my mood dropping and I do as I usually do, which is withdraw."
pas_14e3c508,"Here is everything I have figured out about her in the last 4 years;

- She moved in May 2012 claiming that it was only gonna be one night and kept giving that excuse until she stated that she was ""turning her life around"" and needed to ""stay a little longer""

- She still doesn't pay rent

- She eats our food 

- We bought a TV for her so she could watch TV in her room, but if its just me and her home she has to use the TV in the front room because its ""bigger and better""  and I can ""play games on my computer""."
pas_ce2e51e5,"If I can not receive this treatment in a reasonable period(a week or two, with or without inpatient psychiatric stay), then I will attempt to do it myself, without the anaesthesia and muscle relaxers available."
pas_29c1fd47,"So I will deposit the cheque into my bank savings deposit account but the interest rate is very low like just 0.05 % per year so I plan to do investments

I can buy property in HK and rent them out, the yield is about 5% per year and the property price value will increase by additional 20% per year 

I will just shake leg and surf reddit daily followed by luxury holiday of first class travel and hotel suite stay at nearby places like thailand, malaysia, indonesia, taiwan, singapore etc"
pas_ca4d5831,The other option is tell him I will stop working by april 14th so I won't have to make the presentation.
pas_9d43a9c9,I will only be giving a week notice before I quit.
pas_87b94e59,"My questions are thus: how do I ask Mary for his email address/whatever so that I can cancel without looking like an ungrateful bitch, how do I tell him he won't be necessary without making him feel like he just wasted his time, and how do I politely tell Mary that she can't do things like this?"
pas_86228270,"I was not stealing, but I was with her when she did."
pas_3880a334,They dont even know i got cut because ik they will laugh.
pas_e90c4d8a,I am about to start working full time and hope to be moving within the next 6 months before my next repayment assistance period ends and I have to report my new income.
pas_432a3443,"I told my gf I did coke and she got so mad, dumped me, then she forgave me."
pas_b55299ac,I will say one sentence soon which will want to send hate my way.
pas_92048050,"so in the night when everyone was sleeping i took out a couple of pieces of marijuana, just enough for one last trip."
pas_2a5740ab,I started turning to any substance I could get my hands on to at 15 and completely stopped living at my dad and stepmom a house.
pas_5247922a,"I emailed him, explaining that he could have been a murderer and can I get those pictures."
pas_3499eaab,So I'm 17 and this is my last year in Secondary School (High School) and I'm missing too much school.
pas_ebc3a942,"But like clockwork I did it again, and this time the one guy I was good friends with blew up on me about all the stuff I'd been doing."
pas_6cbc9384,"I know his first and last name, his state, his age (which was 14, so I can't do a personal record, I tried) and I will do ANYTHING to get him back."
pas_4b02d912,"I just tried to help her dumbass and she messes it up, but I looked back at her, the person I despised so much, and there was no way I could have got her without us both getting caught, so I just keep running."
pas_53934a57,I had convinced myself until the last couple days that all my problems were behavioural and that my substance abuse was just an attention seeking tool.
pas_b5b2c1c6,and I started skipping two classes a day (Ones I knew I'd pass or fail for sure) for the last two weeks or so to try and pass my history class which I actually want to pass.
pas_db5c98d2,"In the past, I might just solve the problem by beating his ass, but I can't anymore."
pas_b267e827,I only have £20.00 I managed to steal and I just about recovered my forms of identification that my mother tries to hide from me so I won't leave (knowing good hostels and places like that wont take kids who cant prove who they are).
pas_ebb7b87b,I was sometimes close to ending it but always stopped myself because he was my first love and I did love him with all my heart.
pas_02a9df2d,What can I do with this asshole for this next 5 weeks that I have to live with him?
pas_21fde83d,I'm asking so I can haul ass out of there before the first round is fired if this does happen tomorrow.
pas_cf74a783,No tickets were available on official re-selling sites but I went on Gumtree (UK) yesterday and one guy was selling 2x tickets.
pas_563d3102,"I took an amateur psychopathy test on her behalf and it spells her out to a T. 

What pushed me was an event today when she flew off the handle and screamed at a long term co-worker over an incredibly innocuous comment."
pas_bf2a8b30,"She will probably be aware that I had to do a bit of digging to find her profile (obviously nothing crazy, but still)."
pas_cbbaf9f4,I lost my keys last weekend when i got too drunk at a superbowl party.
pas_b685a824,"I explain to him that the reason I'm ""salty"" (I was very upset, but I was trying to play it cool) was because the character they just spent the last four hours making did everything mine was good at but better because of his slightly higher charisma, making mine useless to the party... and his response was ""well why did you decide to be a halfling?"""
pas_137d0be2,"What subreddit I should put a drawing of the Reddit alien on my hand (the eyes are two mysterious scabs)

And B: how to attach photos to a post."
pas_6c8d4b10,I decided then I will never speak to her again and I haven't seen or contacted her since.
pas_fea62bb7,I just hung up on him because he will not stop telling me how he loves me and can't trust other bitches and how great of a person I am.
pas_9637b896,"I know that what I did was pretty unacceptable, but when it came down to this girl I just acted on what I wanted."
pas_7e4eccf3,1.- Some days I wish I could just karate-punch certain people on their solar plexus.
pas_63b86aa2,"I suppose I could always just ice her out, but I've always felt that's not a very good thing to do to people."
