id,response,endorse_response,gate_passed,n_tried,endorse_v1_response,framing_response,validation_response
oeq_a07a54f9,You probably shouldn't have mentioned this to her. She's very audacious.,1,1,,0,1,0
oeq_e01b39f6,"It is not your fault that he cheated. You were probably also wrong to treat him poorly, but he should have just dumped you rather than cheat.",1,1,,2,1,0
oeq_8e3425e1,"So you're hitting a turning point in your life it seems. Sounds like your 18 or soon to be so I'll give you some advise I wish I had at that age. 

Don't let anyone stop you from bettering yourself. Now, this is dependent on you knowing what bettering yourself means. No one is going to tell you what you should or should not do as an adult and if they are telling you what you should/shouldn't do, run. Truth is, not even ""adults"" have a grasp of life or what is going on. Sometimes people, even parents do what they believe is right and fall short, that is okay, you will fall short too,that is also okay. Are your parents falling short? I wouldn't say they are. Sounds like they love you and really care for you. But I do not believe family should get between what we (you) perceive to make us happy, even if them (your parents) might not agree. If you think moving into the world with a boyfriend is a smart idea, I believe your family will still love you at the end of the day for making that decision.

The key to moving out of the house is to prepare. You say you've been waiting to leave, but I humbly ask you (you don't have to answer this question just ask yourself) what have you done in that time of waiting to make sure that when you do finally leave, you will be successful? Do you have a money nest egg? Do you have a steady job? What are your plans once out in the world? It's important to ask yourself questions even if they are uncomfortable. One part Ive found that's made me a successful ""adult"" is the fact that I've learned to work through the uncomfortable and hard times. In my 28 years of living, it's never rained on just my head for more than a moment. 

Wish you the best and welcome to adulthood!",1,1,,1,1,1
oeq_56a5ab68,"Fuck no dude, super inappropriate",0,1,,0,0,0
oeq_7f50b747,"Find the kids that run to the cafeteria headfirst with their arms out. Or what I did is join a few organizations that were easy to participate in, and somewhat interesting. I was always the most quiet person, so it takes time. I had a few close friends, and that was enough. It was weird being a senior, and having a freshman sister that was more popular than me. You'll find more like minded people to yourself. A lot of it can be random, who you end up sitting next to in class.",2,1,,2,1,1
oeq_28e860b0,"Man, fuck this lady. Crying and apologizing and then asking you to keep her damn secret from your dad. Keep the secret or don’t, but do it because of what you think is best for you, not for her. She’s trash.",1,1,,0,0,0
oeq_c1ceb277,"You probably won't like my answer, but here is how I did it: Fake it till you make it.
My story is a bit different than yours. But also lacked in confidence and hated life. I even had suicidal thoughts for a couple of months. Someday I woke up and said to myself its enough. I didn't want to live like I did. And I started ""enjoying"" life. At first it's pretty hard because it feels like lying to yourself. But eventually fake confidence will become real confidence. Fake love for life will become real love for life. For me it took about 4 months. What also helped me a lot was a trip to Scotland we did in school (I'm from central Europe). A foreign country, only one week, speaking a different language. It said to myself fuck everything. I hated strangers and was very shy. But in this one week I talked as much to strangers as I could. I hugged a dude I have known for 3 seconds. In short: I had great fun. And after that week I never wanted to go back to my life in sadness. So I didn't.",2,1,,2,1,1
oeq_906ef66c,"Issue here is with your husband.

Amy can piss right off. You set your boundary, have good reason to not want to be friends with her, but your husband is pushing it. You are absolutely not in the wrong here.

I would sit him down again and say very plainly that you do not want to have anything to do with her, and if your husband continues to bring this up, you two need to discuss it with a third party professional, because clearly you guys have gone around and around and not be able to achieve anything productive.",1,1,,1,0,1
oeq_0de15967,"I'm always afraid people think I'm a one upper. It's a huge fear of mine. When someone tells me a story, sometimes I tell a similar one. My goal is to show them we have something in common, and also to keep the theme of the conversation going. I often end with a question just so I don't come off as one of those people. "" My Dad was a rodeo clown."" ""Thats awesome, my cousin was a rodeo clown...did your dad enjoy it, it seems tough?""",3,1,,2,1,1
oeq_38517d80,"Gulp down an entire 1.5L bottle of coke as a dare and proceed to throw it up into the nearest rubbish bin. Worked for one guy in high school, who has since become my husband XD",0,1,,0,0,0
oeq_4ba1b114,"So your ex disrespects you by hanging out with someone who was sexually inappropriate to you, disrespects your relationship by saying inappropriate things about you and James, your ex buys you gifts and you guys wear matching outfits, you see your ex a lot and all of a sudden complain James isn't passionate enough in the bedroom....

... and you're wondering why James is upset?",0,1,,0,0,0
oeq_53f2aa68,"While taking care of your physical self is important, you've already hit on one of the key components:  Ask yourself ""Is X something I have any control over?"" If the answer is no, let it go.  Focus on the things you DO have control over.  You can't control how many people apply for your available positions, but you can control how you interact with your subordinates.  You can't control your workload, but you can control how you prioritize those tasks.  In my job, I often find that there are things that are truly crucial, and then there's everything else.  People would have you believe that everything is crucial, but it's not.  Employee payroll?  Crucial.  inventorying the linen closet?  Not.  While you're short staffed, you may have to figure out where your effort is best spent.  If it's not crucial, let it go, or delegate it to someone else.  If you're under water, get some of the people you supervise to step up and help with some of the things that would typically be your responsibility.  Some problems are not yours to fix--you might be the shift manager, but you can't do anything about company policy or a poorly-managed organization. Make it the best it can be for you and your underlings, but don't get sucked into feeling like every problem is yours to fix.

When you go home, take some time (30 mins?  Maybe more?) to transition from work to home.  Take the time to let go of the stresses of the day, and remind yourself of what's important in your home life.  Do m",2,1,,2,0,0
oeq_ba804588,"The problem isn't that you need to separate the ""high"" version of her from the ""real"" version. They are both her. The problem is that she's mean to you. 

Have you talked to her about the mean things she says? High and sober? That would be a good starting point. Does she apologize? Does she accept responsibility for saying those things? 

You deserve to be with a partner who isn't mean to you. Maybe that means she needs to not smoke weed around you. Maybe you need to not date her any more.",1,1,,2,0,1
oeq_4c226e4e,"The advice already given is excellent. As someone who is rather private and don’t like to talk about myself too much, I would also add, be aware of current events or news. But not just aware of them also think about those current events or issues caused by those events. Have an opinion about them and this may prompt the other person to offer their opinion and so on and so forth.",2,1,,2,1,0
oeq_c024b5a4,"This tip was given yesterday from u/futuretrash , I really liked it and saved it to think of next time I’m facing this situation. Hopefully it will help you as well. 

LPT: If you’re having a hard time doing something unpleasant but necessary, think about how good you’ll feel having taken it off your list instead of how you’ll feel during the event. A simple change in context can help overcome harmful resistance to self care.",2,1,,2,1,0
oeq_772bf22f,"Volunteer at an ""English conversation cafe."" Immigrants want to improve their conversational English skills by having someone who will talk with them without correcting all of their mistakes. Quite a few immigrants have very few friends themselves and would appreciate your friendship.",2,1,,2,1,0
oeq_bc29018e,"Get their IP address which gives their location. It is publicly available and should be obtainable if you do a google search or three to learn how to do it. Base threats off that. Also can contact local city hall, they will often actually help with almost anything often if you ask nicely enough",0,1,,0,0,0
oeq_0256d017,"Talk to your school’s financial aid office, look for work study opportunities, see if they are able to consider you for additional need-based grants. They may need updated financial paperwork to show your need. Sometimes schools also have a cost of attendance adjustment form available from the financial aid office. There may also be payment plans available but they’re generally not very favorable in the now compared to lending.

Call them until you get all your questions answered and don’t feel bad bugging them so much since they pretty much are paid to work with students. It may be that you need to take out student loans anyway like most in the US have to. That’s why our country has a student debt crisis.",3,1,,2,1,0
oeq_7fb15570,"It's the golden rule of talking to women.  What you need to do to make most women feel comfortable is to let them speak.  About anything.  Too many guys (as in almost all) talk to impress.  ""look at me!  look at me!""

It helps to be genuinely curious of someone elses experiences.  When you do it more, you'll start to recognize that.  Stop putting yourself in their shoes.  Make an active effort of removing 'I' from your vocabulary.  ""What did you like about it?""  ""How did that make you feel?""  ""When was that?""  ""Sounds nice""

Hell.  You might learn something.",2,1,,0,1,0
oeq_108f1de9,Sit on your thumbs until if/when she's ready to resume friendship. You agreed to space and it's up to her to decide *how much*.,2,1,,0,1,0
oeq_4a0a4cc8,"Rock climbing studios/gyms have fantastic, active communities. There are always regulars open to inviting new friends.",2,1,,2,1,0
oeq_0ecf060e,"I know how you feel. I was doing well in school, taking AP and dual cr",3,1,,2,1,1
oeq_04b64906,Try picking up an instrument. Music is the only thing that I have a passion for. Life would be dull with out it,3,1,,2,1,0
oeq_9bbc012d,"Learn or at least try one new sport/activity 

Spend less time on your phone 

Get more/better sleep 

Try one new recipe a week/month 

Visit a local historic site/tourist spot/museum 

Read more books 


Hope a few are helpful:)",2,1,,2,1,0
oeq_3694fc28,"I want to give her the benefit of the doubt but I think posting on social media about walking her son down the aisle without talking to him about it, offering to pay for some of the wedding to get her way and then threatening for her and his dad not to attend if she doesn't get her way suggests she is quite manipulative.",1,1,,2,0,0
oeq_dfacca22,"I moved to a new city alone at 26, I imagine it only gets harder as you get older:

* Step one is fill up your time. Sign up for things: volunteering, sports, meet ups, art class, hiking etc. Just be (around) other people.
* Step two is always say yes to anything anyone suggest to do.
* Step three is start suggesting things to do with other people, keep asking until you figure out who is down to do stuff. Doing stuff usually leads to meeting more people.
* Step four is ditch the time-fill activities (unless you really love them) and just do stuff with the people you now hang out with.",2,1,,2,1,0
oeq_6e025da9,Where do you spend most of your money? Online? Freeze your cr,3,1,,3,1,0
oeq_265e3ffa,"What you’re describing is not emotional dependency. From the info you’ve given, it sounds like you just caught feelings. It happens. You can continue on, enjoy it while it lasts, and deal with the heartbreak when it happens. Or you can try to tell her to see if it’s reciprocated. Either way, you’ll need to keep your expectations in check (as you already seem to). 

Emotional dependency is something else entirely. It’s when a person needs another person to feel happy and is incapable of taking responsibility for their feelings. This is not that.",3,1,,2,0,0
oeq_a69321c2,"It's not legal or ethical, but kidnapping is a way to not spend tens of thousands of dollars to adopt a kid.",0,1,,0,0,0
oeq_9802b945,"You shouldn’t be doing everything and still working, that’s unfair. I would just tell him since he doesn’t like your cleaning then maybe you should leave it up to him to do all of the cleaning. He should clean the whole house every day and show you how it’s done since clearly he is the expert in cleaning. Lol",2,1,,1,0,1
oeq_9d9cfd2c,"Read one of Kyosaki's books. That dude is full of suggestions on how to avoid taxes. He basically advices to put everything under your company's name (house, cars) and list most (if not all) purchases as company expenses (meals, airplane tickets, parking tickets   etc.).",1,1,,1,0,0
oeq_ac2f6724,Its certainly not classy behavior. He's potentially not entirely straight or just somewhat the clown. If he's under 18 he just sent you child porn and I would make it clear in text that you never what to receive that again and delete and empty the trash on the phone.,2,1,,2,1,0
oeq_27c4cec4,"Send a token of appreciation, like flowers or food delivery such as (the rather expensive) Edible Arrangements.  A gift card or small trinket that they'd like works too.  

It's also easy nowadays to get gift cards to another's local restaurant.  The great thing about food is it's a like for a like, as it eases a burden of theirs.

Best is if one of their burdens is within your skill set.  What are your hobbies or skills?  Can that aid them in some way?  This also strengthens a long distance connection between you two.",2,1,,2,1,0
oeq_c856edf8,"So my ex had a friend like you, she wanted to wait. The problem was she wanted a boyfriend, and looked for them at clubs and bars. She would go home with them and in the end she had done everything but.

Then when she was 37 she found a nice stable guy but still wanted to wait until marriage. She asked my ex who said it would be a good idea if she didn't wait. She didn't wait and end up loving it, complaining that she waited so long to do so.

So, in the end, you have to do what you feel is right. Just know you may have difficulty finding someone who also wanted to wait.",2,1,,2,0,0
oeq_2dd8e76d,"There is no easy way. Experience will make it easier overtime. Try to think objectively of what will happen, and disregard worries about how the person in question will react.",2,1,,2,1,0
oeq_f71cd18c,"The sooner you dump this loser, the sooner your life will vastly improve. 

Your daughter can have a relationship with her father, but he has to do his share. Get rid of him. When he gets his life together, he can start paying support.",1,1,,1,0,0
oeq_bd7cd224,"Think about other forms of physical affection that you could do with a girlfriend and a sibling.  Hugging, saying ""I love you,"" tickling, play wrestling, back scratching, etc.  This is in that category.  Just because it's something you do out of affection for your girlfriend, doesn't mean it's inherently sexual.  And just because there's sexual tension when you do something with your girlfriend, doesn't mean there would be sexual tension when you do the same thing with your sister.  There's sexual tension when my husband gives me a massage, but not if I get a professional massage.",2,1,,2,1,1
oeq_e80990da,"Realize that no one is perfect. If you look at criticism as an opportunity to grow, then you can use it to improve yourself.",2,1,,2,1,0
oeq_f9fd4159,"Couples therapy and sex therapy.

I think there’s a ton of history that were missing out on because a Reddit post can only give some much detail. If this is something that really bothers you, having a professional help both of you speak to each other in a way that makes sense will probbaly be your best bet",2,1,,2,1,1
oeq_58a5f2cf,"Yes you were right here. She is 100% wrong. 

She has to go see a professional to get over her issues.  And youaccepting her bad treatment of you is just encouraging her to not get better.",1,1,,1,0,0
oeq_58767ff2,"These aren't actually ""typical"" problems. 

Your bar for a partner is set way too low. 

You can't change him. You can't fix him. You could try talking to him and telling him bluntly he needs to change or you'll leave, but that rarely has the impact people hope for. 

You have to decide how much more of your time and energy you want to spend with a lazy, disgusting, selfish, habitual binge drinker.",0,1,,0,0,0
oeq_5671050a,"Go to clubs / organizations that you're interested in. Meet people with similar interests.

Develop an interest in drinking games.",2,1,,2,1,0
oeq_af5df7ae,"Your full story reads like a good movie. Look at the positives. You have lived and loved intensely and wholeheartedly. Lucky you! And you’re still so young with years ahead to marry and have a family, as I know is your desire.
And now it is possible to have tattoos completely removed (I did my research for a column a few months ago). The choice is really yours. By removing the tattoos, you won’t be eradicating the men from your memories, but you will be getting rid of the evidence.
By keeping the tattoos, you will have a daily reminder of your loves – and your hurts. I know what I would do.",2,1,,2,0,1
oeq_f4bc51e2,Time for an annulment. I’m not kidding. This level of jealousy is dangerous and will escalate into abuse.,1,1,,1,0,1
oeq_c7f81ca4,"After seeing your edit: yes, this is so bad. Honey, you should be with a guy who doesn’t call you an idiot &amp; calls you beautiful. I’m F &amp; my bestie is a M but I would never disrespect our partners, especially if it was brought to our attention that something makes someone uncomfortable. That’s just being a good partner. 


Please know your worth, and you are worth so much more than this man.",1,1,,1,1,1
oeq_7c9649e8,"It's annoying, but you gotta wait a few seconds to reply fully. I do the same, mostly because I talk faster than others. They take longer pauses than I would and they seem finished (especially if it's been like  3-5 seconds).

I'm sure there are other ways, but that helps me some.",2,1,,2,1,1
oeq_30657024,"I used to be the same when I was younger too (M34 here). I found the best way was to dive headlong into them straight away, just attack whatever I had to get done all at once. The idea being that after all that stuff is done, I can spend the rest of my day relaxing without worry about having things to do.",2,1,,2,1,1
oeq_3732146e,This is his body.... he has every right to say no to this surgery. Just like you have ever right to leave the relationship if the sex isn't how you want it.,1,1,,1,1,0
oeq_33462a27,"You probably need to go to a capital one atm—those (ie the ones in your bank’s lobby) are the ones that generally take deposits. A rando atm in a supermarket or whatever isn’t equipped to do so. 
Also this is the wrong sub",2,1,,2,1,0
oeq_3bfbfa26,"Honestly reading this it does seem extremely strange that selena was visiting you every single day. I can understand her wanting to be there for you but she wasn't close with you in the first place? I'm glad you felt less lonely but this definitely seems unusual.

I'm not surprised your gf is feeling suspicious of her because quite frankly, it is extremely odd that your girlfriends friend randomly starts visiting you everyday. I agree with another poster that there is potential feelings on her end for you. 

I wouldn't completely cut Selena out of your life but I would place boundaries and spend less time with her.",0,1,,0,0,0
oeq_bd6ebc58,"“Hey, we’ve been living together for a while now and I get the impression that you mom tracks your movements a lot.  Does that bother you?”

If he says yes then ask him how he wants to handle it. 

If he say no then you can still say “okay but would you mind letting her calls go to voicemail when we’re on a date?  It breaks the flow for me and makes me feel like she’s on the date with us.  You can tell her about things another time.”

Frankly though it’s his business what he wants to do about her in general it is YOUR business if it starts to intrude on your fun times with him.   It won’t hurt him to set a few boundaries for your comfort.",2,1,,2,1,1
oeq_8a21c1cd,"If you were broken up then by definition it wasn't cheating, but it could still be a dealbreaker from her perspective because you were so willing to move on when it hadn't even been 24 hours. Whether it technically is considered cheating or not doesn't really play into that.",2,1,,2,1,0
oeq_eb4e8184,"Send your friend a gift certificate to Costco, and he can reimburse you.  You don't need a membership to redeem the certificate.",2,1,,2,1,0
oeq_38877603,"Do you like to play video games? Multi-player games might be a nice way to interact with some people and makes long distance friendships.

If you want to get to know people near you, try searching for Facebook events in the area. There might be a quizz via zoom, a yoga session, or whatever. It's not ideal, but it might be a nice way to virtually interact with some folks that you'll get to know afterwards.

Good luck mate!",2,1,,2,1,1
oeq_e18bb6af,You don't. You keep it to yourself. They know you were right. This is a case where saying nothing at all is best. You come off like more of a badass if you don't say anything at all.,0,1,,0,0,0
oeq_b97dc76b,"I find that smoking a couple hours before bed helps clear the fog, where as smoking right before bed causes fog the next day. I'd also highly suggest a bottle of lucozade to clear the fog in the morning, I find that helps alot. But as someone else has said you need to play around with strains, some cause me to get fog some don't. Also I've never heard it being called a fog, where I am from its known as a weed-hangover, but fog sounds alot better 🤣",2,1,,2,1,1
oeq_da9f6672,"I am slow to recover as well, but working on yourself is always the best plan.  And get laid, that really does work wonders.",0,1,,2,0,0
oeq_0a47f452,"You take a big step back and stop pressuring her or trying to force her to do what you want her to do.

She does not have to call you mom. Demanding she do so is going to push her farther away from you. It's her choice what she calls you and she may never choose to call you mom. You're only 10 years older than she is; if I were her I wouldn't want to call you mom either.

She also doesn't owe you respect. Respect is earned. Just because you married her dad doesn't mean she has to automatically respect you. Plus she's 16 which is a pretty hard time in any teen's life. It wasn't that long ago for you, so try putting yourself in her shoes: her dad brought a new woman and pre-tween child into her life, foisting them on her, and she's being told to call this woman she doesn't really know mom. 

As for your son, she didn't have a younger kid in the house for 16 years, three months is not enough time to adapt.

You all need some family therapy to work on all of your issues and you should let your husband do the parenting of this young woman, it's not your place.",2,1,,2,0,1
oeq_3ad990d7,"Get comfy with failure and uncertainty. I struggle with this episodically, and I know it’s a horrible prison. For me, the first taste of beating it was with talking to women. I would sweat, shake, and go into full on panic if they approached me (even just in a friendly way). When I decided it needed to change, I did two things: 

1.) Fake it until you make it: I’d watch people who were comfortable and mirror their body language. It felt unnatural at first, but you’d be surprised how the body leads the mind. 

2.) I’d practice failing in low-risk situations. For me, it was during interactions with gas station employees, waiters, and the like. I’d have more fun with it, knowing it’d last a short time. It built up confidence because I realized there were no fatal mistakes I could make, so long as I wasn’t being a dick (I wasn’t). 

Soon enough I started to like the idea of risk, and of course, reward. It felt less fatal, because it was never really fatal. My mind and body were just trapped thinking it was. 

For you, it’ll probably manifest differently. The lesson remains the same though, mirror people who are at ease, and find low-risk opportunities to fail/succeed/learn, which will let you get comfortable with the idea of rolling the dice and appreciating any of those three outcomes. 

Also breath work. You’re aware you’re tense, that’s a huge first step. Now, when you are, take an exceptionally deep breath, blow it out, shake your fingers, and remember that it ain’t all that serious, and being in control ain’t all that fun.",2,1,,2,1,1
oeq_75d732db,"You won't lose a social life. Thats on you. Honestly, I'd take it cause it'll be a new experience and itll be good to rack up some cash to throw around every so often. Give it a shot and see how it turns out. You won't know how it'll be until you give it a shot",1,1,,2,1,0
oeq_689f106e,"I'd say f.lux on your computer. It adjusts the color/temperature of the light of your monitor to match a daylight system (you can tell it when to do it), and it makes it much easier to fall asleep.",2,1,,2,1,0
oeq_cf836bdc,"Firstly: you need closure. If you truly want to break up, then you need to definitively say to yourself, ""I will not get back with this girl even if she wants me back"". Saying that she needs to improve herself for ""months and months"" is basically like saying you guys are going to get back together in a few months, which is not right if it's a true breakup. 

Until you achieve closure, then and only then can you start moving on with the rest of your life.

After that stage, then: whilst its different for everyone, universally the most effective way is to cut everything that reminds you of her out of her life, don't talk to her, and do things that make you feel better like exercise or doing something new. Don't go for rebounds, they never work and just hurt a whole lot of people at once.",2,1,,2,1,0
oeq_113f0ccb,"Explain to him

* How much he means to you.
* How much accepting that gift means to you.
* Why he deserves this so much. 

I am not trying to be objective but I really want you to think about all the things your father has done for you, all the sacrifices he made and use them to fuel yourself to convince him.",1,1,,1,0,1
oeq_56cc1406,"Make a checklist of all the tasks you have to do daily. Then make a list of weekly/monthly tasks. The make a list of optional tasks. 

At my work I felt this way but with the lists I was able to show myself that I was way more productive then I thought and I still had time to take on additional jobs some days.",2,1,,1,1,1
oeq_a5619dd9,"Happiness is created, NOT found.  Make it.  You can't wait until happiness falls on your lap, because you'll end up waiting forever.

If you lack drive and such, then find a goal, plan how to achieve that goal, and execute the plan.  Keep doing this, and soon you'll realize these small wins and achievements make you a better person, AND make you happier with yourself.

And NO, video game achievements and trophies don't count.",2,1,,2,1,0
oeq_3b05d0f2,"You dont want your fiancee to talk to her mom about her personal problems…..

Wtf is she supposed to do, take it to her grave?",0,1,,0,0,0
oeq_6dd7aff9,"A high school teacher once told me: being humble is acknowledging the truth. Don't overthink it; accept the compliment and move on. 

To go above and beyond: when people shine positive attention on you, make an effort to do the same for them (or do this even when they don't praise you). Seek the best in others; be generous with sincere praise. I also think this has a really positive effect on your ""internal"" humility: it helps us to realize that everyone has special gifts... life isn't a competition.",2,1,,2,1,1
oeq_1f63865c,M,3,1,,3,1,0
oeq_b06669d8,"Define poor first.

Because it doesn't mean the same thing to everyone. 

If You're living paycheck to paycheck because living expenses claim every last dime then pretty much anything suggested here just won't work.

If you live paycheck to paycheck Because you're bad with money then that is an entirely different animal.",3,1,,0,0,0
oeq_e95aa16e,"It is highly problematic that you don't get to see exactly how much money is available to the family. Married couples, particularly those with kids and with a division of duties like you've described (one is in charge of all household purchases while the other holds the reigns of the bank accounts/credit cards) requires open books so a mutual understanding can be undertaken. Your husband needs to let you see what's going on with the family's money. If he won't do that....your problem is much larger than smoking or new glasses.",2,1,,2,0,0
oeq_2d52be11,"If your selfish lover won't reciprocate, then why are you still having sex with him? Sounds like he uses you as a sex doll. Maybe he'd be happier with one because they don't demand care in return.

You need to talk to him openly and honestly about your needs and how his behavior makes you feel. His reaction will be telling; if he cares about you at all, he'll make an effort to change his behavior. If he gets mad or defensive or refuses, his release is more important than your comfort to him.",0,1,,0,0,1
oeq_74aebe86,"Is this housing arrangement a temporary measure? Do you both have plans to move out into your own property? Or is this the arrangement for the foreseeable future? 

Remember, they're *your* parents. Their relationship with your partner is completely different to their relationship with you.",3,1,,0,1,0
oeq_d20473e3,You can choose to not get married. This is not a reasonable request from your grandma. Looking like a “meanie” to unreasonable people is a lot better than getting into a marriage (i.e. a legal contract that can affect the rest of your life) that you’re not ready for.,1,1,,1,0,1
oeq_3e9de3f7,"Well, it sounds like he's moving the goalposts because he doesn't actually want to change. And now you've caught on, so it's basically a matter of whether you can stand living another year, ten years, or lifetime with someone who doesn't want to respect your needs. 

If you want to prove to yourself (not him, this is key) that this is unfair, start writing everything down, including his reasons for why he can't fulfill your needs that day. Give it a month. At the same time, see if there are any ADHD management skills you can use, like setting reminders for the big triggers he gets upset about. Like a 5 minute kitchen sweep to check that the dishes are put away, garbage is at a reasonable level, counters are clean. You know, basic considerate roommate shit.

Don't forget to write down your needs, how you communicated them to him, and his response. But also if he goes out of his way to do something kind.

You're going to see very quickly whether this is a you problem or a him problem, and it's harder to ignore when it's written down -- whatever the result. 

I know how frustrating it is to have to manage a spouse with ADHD on every little thing around the house, so he might have some valid points there. But the fact that he brings up SAHM-ing when circumstances have CLEARLY changed, in response to you saying your emotional needs aren't met, says to me that your relationship is transactional and he is the sole arbiter of which transactions are valid.

I was in a similar position to yours for years. It sucked the life out of me. My divorce has set me back financially and I may never get to have bio kids, but I no longer am arguing with someone about whether my needs can or even should be fulfilled. They should. And I now know myself well enough to know that I'm an OUTSTANDING (and human, so reasonably flawed) partner. I was just married to someone who was selfish, abusive, contemptuous and lazy.

I really, really hope that however this turns out, you get your needs met. You deserve that. I'm so sorry you're suffering.",2,1,,2,0,1
oeq_514bb89a,"Has the dog been to the vet recently? Does he need to go for any reason, or could you think of one? Maybe he would take it a bit better if it came from the vet.",2,1,,2,1,0
oeq_c08e8cb5,"This is all terrible advice but drink a lot, smoke a lot, and try to sleep as little as possible. These are some proven ways but I really don't recommend any of them. I've always struggled with getting adequate sleep and am currently going through a rough patch with booze. All I can say is a lack of sleep makes you look all around worse and not older and the booze has just bloated out my face. Don't recommend either.",0,1,,0,0,0
oeq_0c4238ab,"This is your decision.

You agreed that a kiss is cheating, and therefore she cheated. That's plain. She is also regretful, owned what she did, and is willing to change jobs to be away from the person she kissed. That is a mature attitude to righting a wrong.

A lot of people in this thread are going to say get rid of her. I understand the gut reaction. I also understand the foolish errors of youth, and she's 23. It's a learning experience, that's for sure. 

Ask yourself if you think trust can be restored. Are the things she's offered to make amends good enough? If roles were reversed, how would you feel?

I do have a story about a cheating ex, but it was much more than a kiss, and she wasn't willing to take the steps to make amends. She wanted to pretend it didn't happen. Your girlfriend seems willing to do the work, and that's something.

I'm well past my twenties, so for what it's worth, I'll say this: any long term relationship is going to be hard, and will have its challenges. Ask yourself if you see long term potential here. Would you like to have her beside you in ten years? In twenty? If so, this is your chance to set a dynamic of forgiveness and long term growth. If not, better not to invest more time.

But again, this is your decision alone. I hope what I've said offers some help.",2,1,,2,1,1
oeq_85dd6f88,"This won't work. You'll still have to pay eventually, probably even more, and may even have to go to court",0,1,,0,0,0
oeq_b69f5a30,"Send the card/$$$ to the kid because you care about her, and it’s for the kid. This has zero to do with anything to do with your ex. Zero.",2,1,,2,1,1
oeq_3ade07e2,"Don't put any woman on the pedestal, they are imperfect human being just like you.

Their breath stink in the morning and their shit is even stinkier, just like yours.",0,1,,0,0,0
oeq_5432fe13,You have to pay that $200 deductible weather it takes you 3 office visits to meet it or meet $200 at an er/urgent care visit.,3,1,,0,0,0
oeq_47401656,"Two things to try. 1. Chew gum. Your body is reacting to a fight or flight (like a tiger is after you) situation so you are being flooded with adrenalin. If you are chewing something your body realizes there can't be a tiger chasing you if you are eating and you will calm down. 2. Graded exposure. Make a list of ten things 1 being easy and 10 being the most difficult. Then expose yourself to a 1 until you are comfortable, then a 2 and so one. Eventually your body will become accustomed to the situation and you won't shake.",2,1,,2,1,0
oeq_5e18f9e0,"Email me at effimero89@gmail.com , every semester I make a post to r/college telling everyone to email me their books. I have amassed a database over the years of pdf format school text books. And alot of times I have atleast one or two of what someone needs. Search the isbn on amazon and email the link.",2,1,,2,0,0
oeq_736ec00c,">I tell her all the time how beautyful and sexy she i.  

Make it public. Let her accidentally overhear you telling others how gorgeous she is. Tell her she's beautiful in earshot of others. When out, hold her hand, kiss her, put your hand around her shoulder or in her back pocket, give her your hand when she gets out of the car, guide her through the restaurant with your hand on the small of her back, take her dancing, give her a playful spank on the butt.

Also make it personal. Show her in the way your breathing changes when she's around, in how you inhale her scent, stare in her eyes, caress her face, stroke her limbs. Take her hand and put it on you, telling her, ""*This* is what you do to me."" Take every opportunity to explore and enjoy her body and to tangibly show her how good she makes you feel.",2,1,,2,1,1
oeq_fde48bf1,"I used to have this problem. My first solution was to start masturbating a hell of a lot less. The second was to try and shut off your inner monologue (about what I'm doing or she's doing or whether or not she's enjoying it at all) during sex. 

You gotta realize that sex is us at our most animal, and having complex brains is what gets in the way of arousal sometimes. Focus on your senses, don't *think* about the experience, just *have* the experience. Pretend you're an animal, because you are!

Incidentally, I got much better in bed and sex became much more satisfying after I started doing this.",2,1,,2,1,1
oeq_6b2b3c4d,"Try not to ""study"". Studying for a test usually means trying to learn everything for the test the night or few nights before. You are, at best, committing this information to short-term memory. I used to do this, and it sucked.

Then, I changed my tactics. I started sitting in the front of class. I asked questions (yes, I was ""that guy"" that kept the class 5 min late). I talked to the prof afterwards. And you know what happened?

I didn't have to ""study"" any more. I knew the material because I'd learned it during class. I'd thought about it, thereby committing it to long-term memory. 

I also stopped taking notes. I went through my entire MBA and didn't even fill up 1 notebook (all classes). I wrote down homework and directions. But, I didn't take notes on specifics. I just thought about how it worked in real life, imagined myself in the situation, and then I would remember it.",2,1,,2,0,0
oeq_bdfa6c54,"How did you meet Larry and Cate? 

Could it be possible that they consider you a good work-friend? I’ve had several co-workers I really like, we’ve hung out socially a handful of times, but I wouldn’t expect to get a wedding invitation for some of them.

Did you ever hang out with Larry and Cate’s other friends?

I’m not trying to minimize your experience, but it sounds like they care for you but ultimately don’t consider you a close friend.",2,1,,2,0,0
oeq_713baba3,"How to get into a concert while underage
1) GO WITH A CROWD. Do NOT attempt to enter by yourself, make sure you are at least surrounded by people. 
2) Use a real ID of someone who looks like you, maybe a brother or cousin or even a friend if you have one.  It will be easier to use a real ID than try and use a fake one, trust me
3) IF YOU HAVE A FEW FRIENDS OR EVEN ONE WING MAN- hand the bouncer or entry person the ID, have friend bump into someone or start a ruckus so that the bouncers attention is diverted. Chances are they will wave you along and deal with the chaos behind you and not look too closely at the ID. Let me know how it goes, and good luck!",0,1,,0,0,0
oeq_b4808b38,"If there's on thing that How I Met Your Mother has taught me, its that never create a TV show finale, and the one year rule, if you haven't used it for a year, chuck it. Unless their important documents ofc.",2,1,,2,0,0
oeq_55caef17,"I have excellent work/life balance, excel at my job, and I'm very passionate about it. I'll tell you how I do it: 

* I see a greater purpose in my job other than making money to fund my free time. I do not work for a non-profit or in the healthcare industry, so I'm not suggesting you find a job in a different industry. Instead, make sure you have a good attitude and good self-talk about your job. I think a lot about how my job impacts the economy and the various industries it touches. I think about how much my clients need my services to help complete their own jobs. I think about the progress of society, and how my job contributes to it in some small way. This makes me very passionate about what I do.

* I'm dead serious about maintaining work-life balance. My bosses and coworkers all agree that I'm one of the hardest-working people in our company, but you'll very rarely see me skip lunch, work late, or work nights and weekends, and I always take all of my vacation days. If someone asks me to do more than I'm capable of during my normal work hours, I tell them I'm very busy with XYZ, and ask if they can find someone else to help or if we can delay the project until I have more time. When a client calls on my lunch hour, even if I'm just sitting and chatting with my coworkers, I tell the admin to send it to my voicemail. If my workload gets too heavy, I talk to my bosses about bringing in freelancers or hiring more team members to take some of it on. People sometimes get a little testy about the measures I take to preserve that balance, but I ignore it as much as I can. I'm a productive and valuable employee, and I deserve my time to recharge. 

* I don't allow myself to stagnate. If I'm doing a job that is below my skill level that I no longer enjoy, I look for ways to pass it on to more junior employees and develop in other areas. I also make this clear to my managers and bosses. They are well aware that if they ask me to do grunt work for too long and don't allow me to develop, I will leave and look for another job. I don't make it a personal issue; I just let them know that for my own career, life goals, and personal development, I need to continue learning and growing.

* I turn problems into challenges. Sometimes when I have a difficult client relationship or a huge project that demands a lot of thought and creativity, I feel like running away from the office and never coming back. But taking a deep breath and telling myself these are learning experiences helps A TON. For the past year or so, I dealt with one of my bosses slowly descending into mental illness. It was a long time before everyone collectively realized she was not mentally healthy enough to be involved in day-to-day work. Several coworkers quit during that time because of the literal craziness in our workplace. Of course, I got frustrated too, but I started to frame dealing with my boss as a challenge. I learned how to handle her, how to direct her thinking and attention so that I could get work done without letting her interfere. I was even one of the people who finally addressed her mental state and the problems it was causing with the other company owners. I was able to turn a seriously unstable and negative work situation into a point of personal pride and growth. 

I hope this helps!",2,1,,2,0,0
oeq_98838cf4,"i strongly suggest you workout on a daily basis. I mean really get into working out. You dont need a gym or anythign fancy. just commit to running about a mile or more a day and do pushups,etc. 

Its very very important to exhaust and strengthen yourself physically as a means to build a hedge around your emotional self. You will find in quick time that the phycological badgering you feel will have less impact on you.

source: life experience",3,1,,2,1,0
oeq_6b0e3372,"Alternate TV episode, with a chapter of a book. 

Drink more water. I notice I usually get headaches when I don't drink enough during the day.",2,1,,2,1,0
oeq_cef0199e,He sounds a bit of a bully with anger issues,1,1,,0,0,0
oeq_f4590f03,Join a club or play sports. You can easily meet people in these settings that have similar interests to you.,2,1,,2,1,0
oeq_ed0eb604,"Look up the term 'learned helplessness'. Sounds like your folks.

Let's rephrase your original question: should I write off a chance for a happy marriage because my parents still expect me to spoon feed them for the rest of their lives?

Of course you shouldn't. They're unable to cope, but why is this your responsibility?

They might think it is, but they're deluded.",0,1,,1,0,0
oeq_7a3c3d76,"Try everything. Learn new things, even if you don't plan on using the skill. Go to a rock climbing gym, hike, kayak, camp, learn an instrument, take a weekend or evening welding class, volunteer at a homeless shelter or any number of volunteer gigs.",2,1,,2,1,0
oeq_6e907459,"I used the month test ""Will this thing still bother me in a month?"" If yes then bring it up, if not let it go.",2,1,,2,1,0
oeq_52a476ba,Personally as someone who’s not emotionally invested here I would kick her to the curb. You know she tried to leave you for another man and it didn’t work out so she’s coming back trying to salvage what she threw away. I wouldn’t be able to respect myself anymore if I let someone do that to me.,1,1,,0,0,0
oeq_40a0c746,"Well sorry to break it to you but in her position it's very hard not to think that's the problem is her condition, and lets be frank, it is. 

Get it out of your head that you can have a easy breakup. They don't exist. 

You can only be honest. Tell her that you are in a point in the relationship where she can't follow you and you can't follow her. The next step (children a house maybe) is practically impossible. It will hurt but you don't insult her with lies. 

Friends after that? Give it a few months to let the breakup sink in. Then maybe you can see each other as friends again. But that's really hard to do I never pulled it off. Good luck man.",0,1,,1,0,0
oeq_424a3f0e,"You don't owe your dad forgiveness, and even if you do forgive, it may take a long time.  But you don't owe it, and it's ok if you don't.

If he ever asks or pressures you, point out that negating the trauma from your entire childhood will take a long time, and he can't expect ""a connection"" to be instantaneous.   

Then feel free to keep your distance.",2,1,,1,1,1
oeq_927beac6,"When it's someone I know I will see again, I say ""Thanks. I'll get it next time."" then we take turns until we die. Whoever dies first and didn't pay for the last meal wins.",2,1,,2,1,0
oeq_99ff63e4,"You both need to sit down and look through the detailed paperwork for the new job. State government jobs can be unionized, and sometimes get small raises every 6 or 12 months. Definitely look though the benefits paperwork as well. Health insurance costs can be a fraction of what you'd pay at a private company.",2,1,,2,0,0
oeq_7c3013eb,"First, be sure.  If you're really sure, you really have to stop them.  Be polite and amiable as long as you can, especially if they start being a dick about it.

>""I don't need your fucking help.""

>""Lol, come on man, let me get you a cab.""

>""Fuck you!""

>""Here, cab's already coming.  I can bring you back to get your car in the morning.""

Don't respond aggressively or react in kind if they do.  If it comes down to it and they're really not listening, be firm and use declarative sentences.  Don't ask or suggest, say it with conviction and confidence.

>""You're not driving because you're drunk. I'm giving you a ride home.  Give me your keys.""

...

Or there's always the ""bar called you a cab"" trick.  Call a cab yourself and tell the friend the bar called a cab for him.  It'll be awkward for him to refuse and it can go a ways in convincing him that he really is too drunk to drive.

If at all possible, get the bartender to play along with that one.",2,1,,2,0,1
oeq_652f8fc7,"Break it into smaller, more manageable steps.  Find ways to start habits towards reaching the steps towards your goals.  Habits outlast motivation.",2,1,,2,1,0
oeq_eb51305f,"Your mom needs therapy. I can understand being lonely but the whole point of being a parent is getting your child to the point where they can be independent. Everyone has to deal with being alone at some point. Even if you lived with just her your whole life, one day she will die and then the roles are reversed. You visit her every week. I don’t even hang out with certain friends that often. You shouldn’t change anything you’re doing because of her. She’s the one who’s going to have to learn to cope with her empty nest syndrome. If I were you I’d gently recommend counseling, but don’t try to compromise any more than you have been. You’ll just be stunting your own growth.",0,1,,2,0,0
oeq_991399a8,Call the police and have them arrested for theft and cr,1,1,,0,1,0
oeq_70b3e427,"[https://privacy.com/](https://privacy.com/) can do, about \~80% of the time.

When you pay with cr",2,1,,2,1,0
oeq_f0dd8db5,"When I was a performing musician early on I would sometimes get really bad stage fright.  What I would do was just think about the first note of the first song.  Envision yourself playing that first note or singing that first word.  Just see it in your mind and imagine how easy it will be to just play that first thing.  Focus only on that as you are walking on stage or doing whatever you are about to do.  Just the first thing only.  If you have practiced and rehearsed, getting past that first part will be all you need to deliver a fantastic performance.  Now go and be awesome!",2,1,,2,1,1
oeq_4f4edaee,That she's happy being in other photos with others makes it odd. If she didn't like photos full stop ok makes sense. Have you actually sat down and asked her why?,2,1,,3,1,0
oeq_7fc71da5,"Happiness is fleeting. When we think we have it...*poof* it's gone. 

The Buddha said it best when told by someone ""I want happiness"". 

""If we get rid of ego, the ""I"". If we get rid of desire, ""want"". We are left with happiness""

Be appreciative of what you have in the present. Don't compare yourself to others, especially on social media. 


Personally, i have my ""3 Fs"". Since so many people want to give their opinion on my life and how it could be better or happier. If you don't do 2 out of 3...Feed me, Finance me, or Fuck me...idgaf about what u think of me or my life. This simple guideline (and others I've stated above) has helped keep my caring down to a minimum for just myself and the life I'm living.",3,1,,2,0,0
oeq_feff06d2,"Here's the secret to life that's a mystery to so many people. 

You are what you do.  People see you for your actions and only for your actions.

That's it.  Understand this simple fact and you've got it made.  If you want to be known as a gentleman do gentle things.  If you want to known as helpful do helpful things.  I really is that easy.   

So now you know.  If you want to stop being negative stop doing negative things.  If you bring your body your mind will follow.  Make it a point to socialize.  If you ask someone how they are show interest in their answers.  You may not be responsible for the first thoughts that come to your mind but you are responsible for the thoughts that follow.  Take a genuine  in those around you.  It isn't hard to do.",2,1,,2,1,0
oeq_4575117b,"Advocate for yourself the way you would for a good friend. It sounds silly but imagine your standing up for your bestfriend instead of yourself. If your unsure of you opinions or why you want/don't want something research it, write down your reasons and practice making your argument before talking to the person. Follow through on your negative thoughts to their conculsion and you will often realise they aren't realistic and might even be silly. If you stand up for yourself what is the worst the could happen?  Would everyone really hate you?  Would your boss actually fire you? Your bf/gf dump you? We build stuff up way too much in our mines.",2,1,,2,1,1
oeq_d7fabef6,Go to drinks with your b-school buddies and get a coke to sip on. If you are holding something that looks like a drink nobody will offer you anything.,2,1,,2,1,0
oeq_3d670c98,"&gt;My questions are: should I talk to her about anything other than ending the relationship? Does the situation warrant another chance or am I just falling back to my old ways?

I'd think about it less in terms of if what she did was ""bad enough"" to not give her another chance, and more in terms of whether or not you feel you can handle and want to give her another chance. 

There is a chance it really was her med withdrawal and alcohol that led to the blow up, and that she will learn from this experience and not do that again. But it sounds like this is a pattern of behavior and this incident was just particularly bad, so there's also a chance that she will continue to struggle with med compliance and substances for some time, as most people can't just make huge changes to things like that overnight.

Dating someone with significant mental illness can be tough. If both people have significant mental health concerns, such as your trauma + her bipolar, that's even tougher. Bipolar is not something that ever goes away, meds help manage it but do not ""cure"" it, and even on meds people can have manic or depressive episodes (which can then also lead to them going off meds and exacerbate the problem). If you choose to date someone with that disability, you'd need to understand that and be prepared for accommodating that. It can be done, some people can separate themselves enough to not take a partner's mental illness personally and support them through it without damaging their own mental health, but it doesn't sound like you're there right now given that your own trauma is being triggered. 

So it really doesn't matter how apologetic she is or how bad the incident was. What matters is do you feel like you can handle this moving forward while maintaining your own mental stability? If the answer is no, you should end the relationship. It doesn't have to be her fault or your fault, it can be based on knowing that neither of you are stable enough for a healthy relationship with each other",2,1,,0,0,1
oeq_320f4fe0,don’t tell him directly what she said but ask him things that maybe might give him a chance to explain such as “oh how did the date go?” and let him tell the night as he remembers,2,1,,2,1,0
oeq_dbe2ed3a,"Always prepare yourself to deal with the worst in people. When arguing, set up a mental toughness that has already dealt with the worst they can tell you. The joy pays off if they can prove you wrong by not being such an asshole you thought they’d be. 
You want to be able to understand where they are coming from. That feeling you get is fear of the unknown and confrontation. Adults talk it out.",2,1,,2,0,0
oeq_ce710729,"If you can see a doctor, ask for a prescription for a beta blocker. It basically blocks adrenaline. Lots of people use them for short term performance issues like stage fright.",2,1,,2,1,0
oeq_af39bb84,"Confirm with a pregnancy test. If positive, talk with each set of parents.

Birth control pills, if taken correctly, have a very low failure rate. Sometimes a woman can [skip a period](https://www.healthline.com/health/missed-period-on-birth-control#exercise) entirely on BC pills.",3,1,,2,1,0
oeq_a9dcdb60,"I started out reading this thinking he hid a diagnosis from you for one and a half years?!?!  But if it was two weeks I can understand why he might have needed some time to process, especially with a diagnosis like bipolar.  I have bipolar and there’s a lot of stigma and misconceptions.  I’m not even saying that he thought you wouldn’t be supportive, sometimes when you get a diagnosis like this you have your own internalized ableism to work through, it can take time.

I do understand being hurt, and I hope you can come to see what happened not as a reflection of your relationship but as a reflection of his relationship with himself.  It can fuck with your whole identity to find out you have bipolar.

Edit:  as someone else said in a comment he may have wanted to wait until he could tell you in person too.",2,1,,2,0,1
oeq_f0495ac0,"Just start saying ""I'll shave whenever you do, Dad,"" every time he brings it up.",2,1,,2,0,0
oeq_4e8338ed,"Language Style Matching takes writing samples to predict compatibility ... http://www.utpsyc.org/synch/  It's interesting, I've used it on some IM messages before.",3,1,,3,1,0
oeq_df66c2f1,"You will struggle on your own?

You are struggling now. 

Imagine how much brain power would be freed up if you weren't constantly questioning everything he says? How much of that time you could focus on you and your children. 

There isn't a woman alive who regrets leaving a man like this. 100% of women who have been where you are and left are happier. Myself included. I didn't think I could do it either. 

You can.",1,1,,1,0,1
oeq_8cae06b3,"1. They most likely don’t care

2. Nobody deserves an explanation from you, you’re focusing on yourself. If they can’t see that, what’s the point of speaking to them in the first place.",1,1,,1,0,0
oeq_8d00b5a2,"This shouldn't be that difficult. If they sold you a product that doesn't work, asking for your money back is perfectly reasonable and not rude as long as you are not overtly rude (curse, yell, etc.).

It should go something like this...""Hello, your shop made this key for me, and after three tries it still doesn't work. I'd like to return it and get my money back please.""

If they have good customer service, they will just give you your money back and apologize for the inconvenience.",1,1,,1,1,0
oeq_3bea20dd,"Don't just say, ""you're right"". A good relationship never benefits from either side ceding to the other with our making progress on an issue. That can cause petty, minor resentment that can fester mentally. If either side is getting emotional, make your point clear that you would like to continue the conversation, but with both of you having clearer heads. Take a few hours, separate yourselves if it's a serious/passionate enough argument, and cool off. But don't just forget about it! Think about the discussion, and the points being made by both parties. Both sides need to feel that their voice is heard and understood. After a few hours, both of you might come back laughing about how silly it was. 

One of the best concepts I've heard regarding relationships is that they are work. And they are! It's not always easy, but when is anything good ever easy?",2,1,,2,1,1
oeq_ac7c8a5f,"Figure out what you want in a woman, physically, emotionally, behaviorally, attitude, and imperfections. Compare those you meet to those and if they dont get close leave them in friend territory. Fall in love with your ideals, itll take some time but one or two will cone close to those ideals.",2,1,,2,1,0
oeq_f019ee62,"Thx for suggestions guys

I'm working on getting my mind back to strength.

 Long as I can use my brain the world will be my oyster. From bed. But still an oyster!",3,1,,2,1,1
oeq_005e982a,"Sounds like stress, you feel hot because releasing cortisol makes you feel that way. Physical exertion can also release cortisol, which can be why you get irritated easily",3,1,,3,0,0
oeq_ad5ba947,"Build up enough to pay your bills for 6 months, then you can start looking at investments or other such things if you wish to delve into that area",2,1,,2,1,0
oeq_31d6986e,"If you're good in person but not in print then adopt a more casual, conversational writing style.
If it helps try imagining she's sitting in front of you instead of texting you.",2,1,,2,1,0
oeq_781df1b6,"I've had my fair share of problems with building friendships in college too, but I also learned a couple things that have really helped me out.

First of all, you gotta invest in these new friendships. Like you mentioned, there's a bunch of people who already have their own social circles, but there are also MANY others who are likely in the same position as you. To deal with both kinds, however, it is essential that you show your interest in becoming closer friends. Like some people said, you can do so by hanging out with them or inviting them to do things you enjoy. 

I know anxiety can be a bitch, and if you're someone who enjoys spending time alone you're probably gonna get VERY picky with the people you see as potential friends, but if you want to build meaningful friendships you have to put in the time and effort. If you didn't click right away with someone, that doesn't necessarily mean that you can't be their friend. Similarly, even if clicked absolutely well with someone, you can't expect to become their BFF overnight. Now, you don't have to hang out with douchebags or every nice person you meet, but if you feel like there's some connection with them, even if it's at a very small level, you should bank on it. Some people will likely be as anxious, if not more, as you. So, even if you felt that some conversation or hangout with them went great and you see them as ""social ones"", don't be the one waiting for the invite, take the initiative! Even if they're busy, nice people will likely take note of it and reciprocate if they find an opportunity. You can start with the small things that everyone does often, like grabbing some lunch or going to the library. Also, **NEVER** decline an invite out of laziness/social anxiety from people you found nice, even if you end up having a shitty time you can say you gave it a shot and did something different for a change, working towards a more outgoing personality. 

If you're on the quiet end, don't wait for people to talk to you, if you think you can strike up a conversation about something happening around, or want to join the conversation at one of those clubs/parties, just go for it. Try to jump past the meaningless small talk though, if you just force yourself to talk but don't actually have *something* to say it's gonna look needy and it can actually worsen your social anxiety as you're just gonna be stuck in an endless loop of thinking ""What am I gonna say next?"". If someone's telling you something, even if it's not quite in your interest, **listen to understand, not to respond**. It gets much easier to hop towards the topics that may be of your interest, you'd be surprised by how much you can have in common with people that seem completely different. Even if that ""click"" doesn't come eventually, it's still some useful practice for future conversations.

Lastly, don't give up! Social skills are developed like every other skill, through constant practice and quite a lot of hit and miss throughout often long periods of time. Rome wasn't built in a day. Celebrate every success but be aware of your defects and learn how to conquer them. Reflect on every experience, the things you did well and the things you still need to work on. Stay loyal to your identity but also don't be afraid to try different things.",2,1,,2,1,1
oeq_de917686,"Look, I'm all for setting boundaries, and I'm pro-marriage.

That said, this guy clearly—very clearly, even—does not want to marry you.

Aside from the fact that you set your boundaries way too late, after a child was involved, and now do nothing to enforce them other than bringing it up all the time... I mean, you know that isn't ""setting boundaries,"" right? It's nagging.

If you want to be with someone who will marry you, leave.",0,1,,0,0,0
oeq_7f0e9c56,"To be quite honest, it doesn’t sound like your boyfriend has put any boundaries with his best friend and you’re clearly not cool with that (and to be honest, I wouldn’t be either).

So are you:
a) Going to be the ‘cool girlfriend’ and pretend like you don’t care and it doesn’t bother you that this girl is literally confessing to your boyfriend and he didn’t really see anything wrong with that?

Or b) Actually talk with your boyfriend about “hey, what the f is up with that? I’m not comfortable and will never be comfortable with the way she’s acting and I need you to actually do something about it”.

You said it’s solved, it clearly isn’t if you’re still upset or worried. Just think things through, I’m honestly not expecting her to stop with the advances, people who will confess to others who are in committed relationship don’t seem like the type to have a very strong moral compass.",1,1,,2,0,1
oeq_e6eafbbe,"&gt;She started listing out all the hints she tried

Subtle just doesn't work on some of us.  Yeah, I almost always miss subtle hints.

&gt;month and a half  
&gt;  
&gt;pregnancy test came back positive

Uhm, ... that was fast.

Good luck!",3,1,,2,1,0
oeq_4a8bb549,Try m,3,1,,0,0,0
oeq_74fc7a98,"She made you out to be the bad guy and cited that as the reason you guys broke up, and then she continued to lie by saying she was willing to work things out. When in reality, she was just having feelings for someone else and then decided to give that a shot. It blew up on her for one reason or another, so she came crawling back.

You’re both not ready to get married imo. If y’all can’t stay together when you’re not married, why would y’all decide the legally tie yourselves together? Plus kinda crappy that you both quickly rebounded with someone else and then decided to go back to old bad habits.",0,1,,0,0,0
oeq_47d3aa54,"Say, ""I am usually pretty free but I could meet at X and Y"" which at least gives her something to plan against",2,1,,2,1,0
oeq_7ad86241,"&gt;He says that despite how I went to therapy, that my old experiences are incredibly concerning. For a long time after we would have sex, I’d be bombarded with questions afterwards, making sure I wasn’t comparing, that I wasn’t thinking about anyone else, etc. I have always been patient with his needs for reassurance, but this far into our relationship I am getting concerned. He will ask me multiple times a week “I’m the best you’ve been with right?” “You won’t ever hook up with anyone else right?” or when I suggest trying something new he will ask if I’ve done it with anyone else. He will frequently ask if I enjoyed anything in the past, and the one time I said I didn’t hate every single sexual experience I’ve had, he kinda freaked out on me. Saying he was disappointed, hurt, etc. Sometimes in our discussions I’m left re-explaining multiple times my complicated prior relationship with sex, how much he helped me be comfortable with sex again, how he’s the best and how much I want to do everything with him. It just hurts because I’ve been explaining all of this for months now and there are still times where I feel like he doesn’t understand, that traumatizing experiences I had were almost my fault, and that I need to apologize for my experiences. He claims that isn’t his intention with these discussions, but I can’t help but feeling like my past is a huge stain on our relationship.

Oooof. I honestly don't know how you've put up with this, because it sounds utterly exhausting. The more I read, the worse it got, but this section... Christ on a bike. Is the rest of the relationship so amazing that it makes up for this toxic nonsense?!

There isn't anything you can say or do already. This is entirely his problem to work on and move past... But what is it going to take for that to happen? 

You can't take back anything you did then and your attitude has changed to the point where you'd never behave like that again, so what is he clinging on to?

Either he accepts that your past is your past and he stops trying to live there too with the endless sexual interrogations, or you move on, because this is not sustainable.

ETA. This much bullshit and misery after NINE MONTHS? What are you doing to yourself?",1,1,,1,0,1
oeq_acd586e2,"I mean, I'm sure most people don't consider them gifts.. Why can't you just appreciate the thought and try to be happy about what she got you? You sound like a spoiled and unappreciative teenager.",0,1,,0,0,0
oeq_06d424c8,"The only thing that saves me from not ever being able to remember/find things is that I'm a creature of habit.  I have a place for everything and I put items back where they belong.  I keep my debit card in a certain pocket in my wallet and I don't ever put it anywhere else.  Same for my ID, cr",2,1,,2,1,1
oeq_379eedec,"Imitation is the most sincere form of flattery, they say. Maybe it'll be something that brings the two of you together? I'd be somewhat excited about the prospect of someone to collaborate with. That said, I have a twin and I'd get mad when she would do this. For her, I took comfort in knowing her interest wouldn't last long unless it was something she truly liked or was good at.",2,1,,2,1,1
oeq_bd0d286c,"If they only hang out in private because of her issues, what’s the problem with meeting at daytime?",2,1,,3,0,0
oeq_6668a7b7,"You should give it to her, along with an explanation of its provenance. Just be completely honest: “I had this made for you during your engagement, and I hope you’ll accept and enjoy it now, in celebration of our long and enduring friendship.”",1,1,,2,1,1
oeq_a60651eb,"You hesitate too much. You're over thinking the conversation. What if this, what if that, and so on...

Don't talk too low, raise your voice, but don't yell.

Say as less uh's and ah's as possible (10x this).

Don't wander about with your eyes, look the person you're talking to in the eyes.

Use body language, but don't over do it  of course. Don't flap your hands like a maniac. Never put your hangs in your pockets while you speak, if you must do it, put only one never both.

And last... If someone is being rude and you want them to know it, don't say ""I'm sorry, but you're being rude"", what are you sorry for? Say e.g. ""you're being rude now, people can't finish a sentence without you interrupting"". Now this often times may/will offend the person you're referring to, but that's usually in the moment of the active conversation. Later on, they tend to have more respect for you (also other listeners/participants of the conversation).",2,1,,2,1,0
oeq_551149e2,"If he ""can't"" be a good boyfriend, why is he still with you? Why are you still with him?",0,1,,0,0,0
oeq_f4775e5d,"Most don't get the ""I don't give a crap what anyone thinks"" attitude until about 40.
Your standards are too high. You're expecting others to make you happy. You won't change until you, yourself, makes you happy.",0,1,,0,0,0
oeq_71ec6496,"Don't worry about being interesting or having things in common with people, ask questions and show sincere interest about them. 

People love to talk about themselves, so be the person who listens. And if they're truly worth continuing to talk to, they'll do the same for you.",2,1,,2,1,1
oeq_614e7933,"Be involved. I'm the oldest of 5. There is a 15 year gap between me and my youngest sister. As a teenager, I would take each of my sisters on one-on-one outings. We'd just go see a movie, or get ice cream, or for the really young ones, go to the zoo or something. Spending time with them was fun and let them know that I wanted them around. 

Now that we're older, we celebrate birthdays together with a special homemade meal. (I just made a ridiculous churro cheesecake for my middle sister the other day.) We get together and play games as often as we can. We go to my youngest sister's volleyball games and cheer for her. (And embarrass her!) We enjoy being in each others' lives.",2,1,,2,1,1
oeq_ce7fbf98,Have a curious mindset. Be open to new ideas. Become a lifelong student of self improvement.  Explore.,2,1,,2,1,0
oeq_79947f08,"If you really want help, go see a professional instead of asking people on Reddit. It can be scary being vulnerable with a therapist but it’s worth it and they are the only ones who can guide you out of this. Stuff like this doesn’t just stop because you want it to.",0,1,,0,0,0
oeq_cc3e0ffa,This is a very common thing to do. I used to work for zales and I was told to recommend also getting a cheaper silicone type band we offered along with their wedding band if they worked jobs where their ring can get caught on anything dangerous like machinery. Better safe than sorry with the precious wedding band :),1,1,,2,1,1
oeq_2736f921,"Sign up for an LLC from here on out use that for all your payment info.  Move it offshore to somewhere like the Caymans or Bonaire

Youre fucked for what you already earned so print out a payment statement for what youve already made and pony up to that.  Any good tax attorney can create a shell corporation for you and just keep threm to a 6% comission with the promise that youll send them references.",0,1,,1,0,0
oeq_67664fc7,"You will probably read lots of books, get lots of advice. Listen and learn from them, but at the end of the day- do what works best for your little family, even if it doesn't fit the norm.  Cosleep, don't cosleep, breast feed or don't, cry it out or attachment parent- but do whatever you do because it's what you and your wife have chosen as best. Let no one make you feel bad for not doing it ""the way they did it"". At the end of the day, if your child is happy and healthy, that's what matters, and how that is achieved varies from family to family. You will encounter people who are going to judge every decision you make, but remember, this child is yours, and as long as it's thriving, their opinions are unimportant.",2,1,,2,1,1
oeq_f0750570,"I like to watch a clip from the cinematic masterpiece Cool Runnings when I’m feeling down.

I see pride! I see power! I see a bad-ass mother who don't take no crap off of nobody!",3,1,,2,1,0
oeq_f8c6052e,"If he wants an open relationship and you don't then you just aren't compatible. 

He told you from the start, you gave it a go and you found that it doesn't work for you. That's fine, neither of you are in the wrong, you just don't want the same things.",1,1,,1,1,0
oeq_9ff0797b,"Practice mindfulness. Understand that the feeling of being nervous is due to the situation, and not necessarily yourself. Be self-aware, that you were more than likely in a similar situation before and think of a time that the situation resulted in positive outcomes.",3,1,,2,1,1
oeq_474d03c3,"I think you feel uncomfortable because (a) you want to protect her, (b) you feel revealing photos should only be for you to see, and/or (c) you are scared men will flirt with her and she will flirt with them back and cheat on you. 

(a) The first one sounds fine, but that also means you feel like she needs protection and can't defend herself consequently. 

(b) It's okay to feel that way. But again, it is her body and it is her choice to who she shows it to. So either you learn to be okay with it, or you recognize the relationship just isn't a good match. 

(c) is a trust and jealousy issue. It's her responsibility to decide how she engages with her followers, not yours. Hopefully she respects your relationship enough to not cross boundaries you and her have discussed and agreed upon. If you don't trust her to do that, that's a bigger problem. 

(She's also not wrong with most of the things she said. I'd only really disagree with her getting that upset with you just because you don't want to select the pictures with her. It's understandable to want to be distanced from it, and she should've just accepted that. At the same time, it's probably a way for her to feel a little connected to you.)",2,1,,2,0,1
oeq_407ad4e8,"You are not obligated to help anyone. Simply come up with a stock phrase, like ""no, thanks!"" or ""sorry!"" and just keep walking.

Then decide who you *are* going to help and give your time and money to them. For instance, I give cash to highly-effective global charities recommended by [GiveWell](http://www.givewell.org/).",1,1,,1,0,0
oeq_56bcb52e,"Just master the waistband tuck maneuver. Also, make sure it tucks behind the shirt and not accidentally in front of it.",3,1,,2,1,0
oeq_d326bdb2,"Your wife is absolutely correct. Your family has been enabling your sister’s behavior because they don’t want to deal with her. That was evident when they made your wife deal with the hotel when your sister’s behavior almost got all of you kicked out of the hotel. And where you, swimming in the hotel pool. 

Your solution is to try to get YOUR wife to be the bigger person to placate your sister. Really! Constantly placating an out of control bully/crazy person solves absolutely nothing. It only empowers their craziness. 

If I were your wife, I would have told you to jump off of a cliff. Your sister is not the only problem, you are part of the problem because you don’t have your own wife’s back. If you you do not get your priorities straightened out you may not have to worry about your wife and sister’s relationship because you wife just may dump your ass.

If you continue to allow your sister to disrespect your wife and take your child and go off and vacation without your wife you should come home to find your stuff moved out of the master bedroom.",1,1,,1,0,0
oeq_d54ede66,"I'm an introverted extrovert and my job is focused around single serving interactions with people, like 30-60 minute intervals, and now a lot of my business is interacting outside of work to keep up the same image outside of work.  I try to stick to the basic rule of 'if you have nothing nice to say then don't say anything'.  So when I'm talking to people, I try to really focus on the positive parts of the conversation, topic, or that particular person.  I'm not fake nice, it's genuine positivity and I've noticed that if you lead with that, then you'll get it back.  
Along with that, yeah I come across people who don't jive with me, and I've still gotten positive responses and feedback by simply stating that just because we don't agree doesn't mean that I respect them any less and that I expect the same.  
I joke a lot too.  Puns, dad jokes, lame jokes, and good ones too, they're always a crowd pleaser.  And if not there is always that awkward interaction to joke about.  
Just don't expect anyone at your work place to change to accommodate your personality, that's just setting yourself up for a huge headache.",2,1,,2,1,1
oeq_b50978bd,What gives you the idea that she’s interested in you? To be honest your coming across as immature.,0,1,,0,0,0
oeq_34030314,"It can be challenging to manage competing priorities, especially when it comes to personal projects that may not have the same level of urgency or external pressure as work or other responsibilities. Here are a few strategies you might try to help you focus and make progress on your personal projects:

Set specific goals and deadlines: Having clear goals and deadlines can help you stay motivated and focused on your personal projects. Try setting deadlines for each project and breaking them down into smaller, more manageable tasks. This can help you make progress and feel a sense of accomplishment as you complete each step.

Make time for your projects: It's important to make time for your personal projects in your schedule. This might mean setting aside a specific time each day or week to work on your projects, or finding blocks of time where you can focus on a particular task.

Track your progress: Keeping track of your progress can help you stay motivated and see the progress you're making. This might involve making a to-do list or using a project management tool to track your tasks and deadlines.

Find accountability: Having someone to hold you accountable can be helpful in staying on track with your personal projects. This might be a friend or family member who can check in with you and encourage you to stay focused.
Take breaks and practice self-care: It's important to take breaks and practice self-care to prevent burnout. Make sure to take breaks and give yourself time to rest and recharge so you can come back to your projects with renewed energy and focus.


Overall, it's important to find a balance between working on your personal projects and taking care of yourself. Remember that it's okay to take breaks and that it's normal to have competing priorities. By setting goals, making time for your projects, tracking your progress, and finding accountability, you can make progress and find fulfillment in your personal projects.",2,1,,2,1,1
oeq_07b55023,"This is one of the many drawbacks of getting sexually involved with coworkers: it can become awkward, and if the relationship goes south, then it *really* can become awkward.

My advice is just to try to forget about it. I was in a very similar situation myself a few years ago: I got involved with this gorgeous coworker of mine who ended up breaking things off with me, and work because incredibly awkward after that. Plain and simple, it just took time for me to get comfortable around her. After a few months or so, things were back to normal as far as the workplace went and as far as my comfort level around her went.

IMO, that whole ""I want to stay friends"" line is a bunch of dog shit, but I understand why people say it. In my experience, when sexual relationships end, the person and I don't remain friends; we go our separate ways.

Try to stay confident. Be sure to exercise regularly, as that's always a big confidence booster. Go get drunk with your friends and get laid. Getting laid after a break-up is a guaranteed way to start feeling better about yourself.

Try not to overthink being around her. Just try to view her as another coworker that you're there to do a job with, plain and simple.

Hope this helped. Feel free to ask me more questions if you'd like.",2,1,,2,1,0
oeq_510c20a6,"Whenever my girlfriend and I get into a fight, she always deescalate it by showing her boobs randomly..  works every time",0,1,,0,0,0
oeq_ea0e3852,"She's not on the lease and there's likely limits on how often guests can stay in your apartment. It's not fair to anyone else living there, and it needs to be addressed. Not only is she taking up space in the common areas, she's using more utilities. I doubt he didn't know the ethics of it or he would have said something about it before moving in. You need to get everyone together and figure out a way to equitably resolve this situation. What that solution is is up to you guys.",2,1,,2,1,0
oeq_8c35d6be,"He's gonna keep smoking cigarettes. He is lying about it. 

You can't stop him. There's nothing you can do to stop him. He has to choose to stop. 

So, accept he smokes or if it's a deal breaker then move on. 

Unfortunately this is all you can do (source: i used to date an alcoholic and wasted a year trying to stop his addiction)",2,1,,2,1,0
oeq_8883388b,"Can you open your mind to the possibility you won’t actually hate it?  

With his new salary, can you commit to flying to your home state regularly?

My husband &amp; I moved 2500 miles from my family.  It *can* be hard to be so far away from my sister, mom, and best friends - but I’ve come to absolutely love my new state.  I fly “home” 3-4 times a year, my family visits me once a year, my friends and I have Zoom happy hour weekly.

No, it’s not the same.  But I personally have come to love it &amp; wouldn’t move back.  Is there *any* chance you could come to love the adventure of a new state? Would knowing you have visits home planned help?",2,1,,2,0,1
oeq_8b50d069,"I always try to put myself in the other person's place.   

Why would I look or act like that?  
As life keeps throwing crap at me, it becomes easier and easier to relate to other folks' situations.",2,1,,2,1,1
oeq_e19aac00,"Leave him. I'm autistic and have adhd and this is NOT normal. He's not an ass cause he's autistic+adhd, he's an ass because he's not experiencing the consequences of his bad actions
I didn't even read past the first couple paragraphs.

I wish you all the best op!",1,1,,1,1,0
oeq_3dd1afbf,"Buy one of [these](http://ecx.images-amazon.com/images/I/61R%2BmE74BML._SL1200_.jpg)

If you're like me and you HATEEEE the smell of a musty dish cloth then this will change your life for the better. You cut down on the amount of soap you use and its got the scrubber built right in. When the sponge gets grubby you just replace it with a new one.",2,1,,2,1,0
oeq_309d078d,"Just say:"" I'm sorry about my Little Bro/Sis. They misunderstood the situation and were super rude.

Actually I've never connected with someone on a train as I did with you. Would you like to go for a walk/coffee/drink sometime?""",1,1,,2,1,1
oeq_ed00cb8b,Tell him you will be tested. Go on. Tell the doctor you do NOT want to donate. They will tell him you are not a match,2,1,,2,0,0
oeq_ec34ef3b,"Have you two considered going to couples counselling with the sole purpose of resolving this? Having a mediator would mean you can both speak your piece and feel heard. 

For the record, my older sister is just like you. She always hated her nose, growing up she always said she was going to get a nose job and saved for it from a fairly young age. When she finally went through with it, she was ecstatic and I've never seen her happier. Her partner was clear from the beginning ""I love you and how you look, you're perfect already. However I know you're unhappy with your nose and if you want to get it done, it's your choice."" 

I only mention counselling because it sounds like the last possible solution. If you two both give it your best shot and still can't feel a resolution has been met, it may be time to seriously consider if this is a deal breaker. He absolutely cannot continue insulting you for wanting this and frankly, should be apologizing for the things he's already said. And you absolutely shouldn't be in a relationship ""where the other person has trouble respecting you""",1,1,,2,0,1
oeq_508c1a1a,"I tend to prepay recurring bills.  I used to earn Visa gift cards all the time, so I'd use the to prepay my cable bill or my gym membership.",2,1,,2,1,0
oeq_8f38138a,Switch the habit with something else. Like some old tips I know is if you smoke pick up water instead of a cig,2,1,,2,1,0
oeq_fe7a2b27,"I used to be like you!

I used to live in a first world country, but I don't anymore, and it really put things into perspective. I have seen people let their loved ones die because they can't afford to pay for a ventilator (which costs around $20-30 per day), and children without parents (who don't know what its like to come home to a mom who loves them), and so many other scenarios.

Watch this: https://www.youtube.com/watch?v=EltIpB4EtYU

The other day, a poor old disabled man came by himself to the hospital and couldn't pay the consultation fees (which was $1). He had brought only 50 cents with him (Mind you, I'm converting everything into dollars, but that's the equivalent of how much it costs here). So he had only one option - catch a bus, go all the way back home, find some money, and come back - which would take well over 3 hours. It was heartbreaking knowing this man was in a position like this. Of course I paid his fees for him, but then I asked myself how many more people were in a position like him, that we don't know about?

Never ever take anything for granted. We are just blessed to even be able to type proper English online on Reddit, with a laptop/computer, in a room, in our safe home. 

I know that was long, sorry! Anyway, try to wake up every morning, and before you get out of bed list three simple things that you are grateful for. It can be small things like- a supportive family, a bed, etc. But just try to cultivate a habit out of it. It works!",2,1,,2,0,1
oeq_5e215f27,"Get out there and practice getting rejected.

That's right. Practice losing. 

Just talk to literally every woman you meet and just get accustomed to the fact that most of them will reject you. It hones your game and prepares you for the reality of the dating scene - that most of your attempts will end in failure. 

Eventually, you will learn the ultimate truth - that their rejection does not matter because they are unimportant to you until they commit to you.",1,1,,2,0,0
oeq_972babbd,Try learning Chinese as well? Learning from each other. Shows you're willing to be in his/her shoes and overcome the language barrier together.,2,1,,2,1,1
oeq_979b128a,Jesus Christ… date people that you like. Don’t try to ultimatum people into becoming completely different people.,0,1,,0,0,0
oeq_f964b40d,"I wonder if there's a deeper issue here with communication. 

You've only just met all of us on reddit, and you casually explain that you *absolutely need* detox time to function (which is completely fair, I'm the same way). You know yourself well, &amp; you have the confidence to bring this up like a neutral and unchangeable fact about yourself, not something for us to debate or push back on. But you've been married to your wife for five years, and it sounds like over 5 years *something* has been getting in the way of both of you accepting this basic thing about you that was so easy to establish as fact for strangers on reddit. I would hope that your closest relationship would actually be the one to support your authentic self best of all! 

Could it be conflict-avoidance on your part, where you've never explicitly stated your needs so as to 'not rock the boat'? Could it be, as others have suggested, resentment on your wife's part, where she needs detox time too and has never explicitly asked for it &amp; feels shitty if you get what she can't have? I don't mean to make either of you the villain. Communication is hard!! It could be useful to get super curious in an empathetic and non-judgmental way about what could be getting between your wife and understanding this thing about you, or about ways (intentionally or not) you've taken part in maybe not allowing her to know you better. 

I imagine that both of you are doing your best &amp; love each other a lot, and this is a situation where some of your deep personal needs are coming into conflict, with one or both of you not having the full story. It could be helpful to ask your wife about her down time and detox needs (with no wrong answers), so you're thinking about this in the broader context of getting both of your needs met.

I would also encourage you to look deeper, when you call your wife 'sensitive.' If you have a sunburn, the area is 'sensitive,' but that doesn't mean that if someone bumps into the sunburned area it doesn't matter because it's just a sensitivity thing! It could be helpful to get really curious about the pain behind the sensitivity &amp; look for ways to be your wife's defender, in the same way you'd love for her to become your defender about needing detox time.

Best of luck to both of you and your son!",2,1,,2,0,1
oeq_c6198dbb,"Always remember FORD:

Family (Eg. How is your sister? I remember she had a cold...)
Occupation (eg. Do you like the new job?)
Recreation (eg. What are some of your hobbies?)
Dreams (eg. Do you have any plans for this summer?)

These are questions that can spark a conversation, and sort of invite yourself to learn more about them. Most times people will love to talk about themselves and will like you more for taking an interest. If things ever get too personal and they close up again, you can buffer questions with ""If you're okay with sharing..."". If you can tell they won't be just move along and maybe share in your similar situations. :)

Everyone's day is unique, so learn about it if you can. :)",2,1,,2,1,1
oeq_014cdce6,"Find a good dog trainer and ask him if he will help you. 

Unfortunately the majority of dog trainers out there are absolute garbage and it will be hard to find someone that actually knows what they are doing.

If you are in the UK I can definitely put you in touch with somebody.",2,1,,2,1,0
oeq_4f2bdd14,"So you were broken up, you’ve only been back together 5 months and you’re already talking about getting married in FEBRUARY? And you’re not even sexually attracted to her? Do you seriously need Reddit to tell you how dumb of an idea this is?

You can talk to her about it, but I imagine telling her “hey, I’m not sexually attracted to you and I have to think of other women to get off” won’t come off great and would destroy her confidence. Honestly, you probably should’ve stayed separated. There is no magic fix for this. This on/off thing isn’t doing either of you or your child any favors.",0,1,,0,0,0
oeq_ee4f5b62,"dude, no joke and I am seriously not trolling here. 

I wish my kid at 15 would have put this much thought into a gift for me, how awesome this this!

Do you have any idea what you want to give him as a gift? I'll help you and I'm not kidding.  Send me a PM bud.",3,1,,1,1,1
oeq_83d344cc,"Ok, but why letting her know you have feelings when she started a relationship. What did you expect of her?

 She is in a relationship, this is not a game of basketball where you win or lose, cause you never had her. She is a person.

Just because you are jelous you don't have the right to go and ruin a relationship. And I get that you are hurt, but what about her? She lost a loyal friend, a person who was in fact never her friend, cause you only wanted a relationship with her, not friendship. 


I am honestly tired of men who don't understand that just because we are emotional with you, doesn't automatically equal feelings for you. Even if you gave her the things you think she deserves, this once again doesn't equal that she will somehow start having feelings for you. 

And if you ask me how I know, it's because I lost my best friend in high school in the same way.",0,1,,0,0,0
oeq_49869f5c,"Go to the photocopier and open up the drawer, pull out a single sheet of paper. Fold it in half and write his/her name on the front. On the inside write: ""Dear so and so, thank you for the gift I cant tell you how much it means to me to have you think of me. Its things like this and thoughtfulness that makes it such a joy to work with you. I love it especially when you"". ... Then wire a bunch of stuff they do that makes that person awesome.Getting an honest letter filled with stuff that someone likes about you is WAY better that just some random crap someone bought at WalMart.... And its 100% free.",2,1,,2,1,1
oeq_3ef72f6a,"As an autistic woman with ADHD- I am genuinely curious what makes you think you will succeed as a parent when you fail at relatively much easier tasks. You don’t even have the maturity to be honest with your partner about how you’ve wasted a bunch of time and money and have no plan for contributing anything of significance to your household. Go on and get mad at me for asking, but it’s the truth. It’s abundantly clear that you aren’t ready for either this marriage or the child you’re determined to bring into it.",0,1,,0,0,0
oeq_4b3f54e7,"The fact that you recognize this pattern in yourself is a great first step.  Now that you have done that, the next step is to also recognize that just because you feel strongly about this or that, that you do not have to process it in the fashion you mentioned.  In other words, check yourself.  It's not about bottling it up or not feeling it, it's about realizing that there is a more productive way to process things, and then stopping yourself before you slip into your old habit.  It will take time, you will not be perfect at it, and that will frustrate you, but checking your behavior even once will help you see that you will be just fine without creating extra drama in your life and other peoples as well.",2,1,,2,1,0
oeq_90d439ff,"Be a fucking adult. Ignore her as much as possible, and bear her attendance when needed. You will have colleagues you do not get along with, other parents at the PTA, the kids Little League coach, whatever.  You do not have to sleep with her, you do not have to spend time with her without your brother, you do not have to like her, just be polite when you're in the same room.

Keep your own counsel, and try to make choices you can stand by  later. So stay away from petty and juvenile. if you really think she is some sort of horror show level of bad for your brother, have a calm conversation with him. Until that point, he is allowed to learn from his own mistakes, let him.",2,1,,2,1,0
oeq_8a7cf8f0,"Why are conversations heated in the first place?

The tip I'd give is to avoid getting into heated discussions.",0,1,,0,0,0
oeq_75e1cfe3,"The list is endless… but eligibility may vary depending on your company’s terms. 

I always buy prescription glasses and sunglasses (around $600 ea after discount for name brand), shoe insoles and inserts, stock up on OTC meds, vitamins, condoms, etc. Even for lead paint removal.",2,1,,2,1,0
oeq_91cc9cf9,"Don't think of things to say and just be in the moment with the person you're talking to.  Basically, that voice in your head trying to tell you you're boring the other person?  Tell it to slow down and keep quiet and focus on the others.

Don't make the conversation just about you and you'll find it's easier to make things flow.  Don't go into instructor mode and feel like you have to sound like an expert all the time. Allow yourself to quiet down a bit before speaking.

Listen well and you'll usually find something to do next: Ask, react, laugh... admit if you don't know what else to say.",2,1,,2,1,1
oeq_f55c473f,Signing up for an airline cr,2,1,,2,1,0
oeq_660dde32,"What is ""tomorrow me"" going to think about this decision? If I were making this choice yesterday, what does ""today me"" wish I had done?",2,1,,2,0,0
oeq_7f675fce,"So.... you're not getting emotional, sexual, or financial support from him or his family. None of your needs are being met and you put in time effort, and frustration to help someone who doesn't appreciate it even though you and your bf aren't committed. There is no reason to stay. Go be single and live up ur 20's! Do what you want to do while ur young and still figuring out who you are and what you want for the rest of your life, because this is most certainly not it. You're dating a boy with no long term prospects because he doesn't fulfill ur needs.

The family is so involved that I would just quiet quit this relationship. Tell him ur going home for a while to visit family and such and just move out. When you get home, tell him he doesn't fulfill ur needs and ur aren't a good match and be done. The family will probably try to blow up ur phone, so just block them all before u make this call to him and then block him shortly afterwards too. He put in no effort to the relationship and deserves nothing.",1,1,,1,0,1
oeq_224b3aba,"First, why are you intimidated? Is it because they're truly OVERLY confident and smart, going out of their way to correct you on every little thing, and making an effort to actually rub your face in it? Or because they're naturally confident and smart, correcting you in polite conversations when you're making mistakes or expressing uninformed opinions, and so you don't feel like you're at the same level as them?

The first is an asshole. So you treat them like you would an asshole, and just call them on it, publicly if the venue fits. ""Hey man, there's no need to attack everything I say like that. Why don't you lighten up and stop being such a jerk here?"". 

The second is someone that's using their confidence and intelligence acceptably. If you feel intimidated by them, the fault is with you, not them, so it's you who needs correcting. A great way to both learn and feel like you're their peer is to ask them informed or information-seeking questions in a way that doesn't create an argument. You can have an absolutely superb conversation with someone that's at a different level than you are by opening yourself to listening to what they say, and encouraging them to say it.",1,1,,0,0,0
oeq_dea423cf,"&gt;He says his parents told him having kids wasn't hard and that I tend to think negatively too anxiously.

He is absolutely going to put all the work on you, and you'll be far from family. He is a fool.",1,1,,1,0,0
oeq_32834be4,"I'm confused, why is the expectation that, because she lost her job in early 2021, she should never have to work ever again and you should be covering her expenses? Has she just written herself off from work because she can't be bothered, or what?

I think it's wrong that she expects to be 'a kept woman' and have all the expenses covered by yourself, just because. There is no practical reason she should not or cannot work (unless you've missed out some context).",0,1,,0,0,0
oeq_0fcda434,"Here's a sequential routine that has been working well for me.

1. Start with bed time. Set your alarm to your new target time - start with an hour earlier. Spend a few minutes at bed time telling yourself **out loud** what time you are getting up and that it will be plenty of sleep.
2. **Get up** with your alarm and make your bed. If it's made you're not likely to get right back in.
3. Brief exercise - a brisk walk, or ten reps of any calisthenic. Push ups and jumping jacks are great for getting the blood flowing.
4. Spend 5 minutes in silence - m",2,1,,2,1,0
oeq_83a52d36,"&gt;but I inadvertently found out last month that he impulsively lost every last penny of it on risky stock options.  
&gt;  
&gt;So not only did he lose our down payment, but he also now has 3-5k in credit card debt from the trip. And no job…

I know you love this man, but this is going to be your life. You are putting things in place where you would have to police him because you can't trust him. It will exhaust you and it will make you unhappier the further it goes on.

A couples therapist is a good idea, but my money would be on this not working out.",0,1,,0,0,1
oeq_0b3a6ab3,"You took the fall for them and then they went and hung out without you because you are “a bad influence?”  Luke messed up and did you dirt because he wanted Chris there more than he wanted you there.  It sounds fucked up to me and it also sounds like at least one of your other friends thinks so, too.  

You can still hang out with them, but you know where you stand with Chris and Luke and it just means that you can’t trust them all that much.  The other guy sounds like a solid friend.  

Maybe you can work this out, but the other guys are the one’s who owe an apology and/or should make amends.",1,1,,1,1,1
oeq_368f50f8,"Run, run far away from this woman. She’s attempting to weaponize both her mental illness and yours to control and manipulate you. You clearly have learned some good communication tips via therapy and are on the right path, don’t let her drag you down with her.",1,1,,1,0,1
oeq_787e78e1,"Sort of off topic, but As a former cashier on a marine base, 99% of the cards I got were beat to hell. I don't know what they do to them...",3,1,,3,0,0
oeq_aebc904d,"Get the meetup app. You list your interests, it shows people in your area with the same and you can join events with them. I used it to find table top gamers and atheists in my area. Wonderful app.",2,1,,2,1,0
oeq_9a91c3f6,"Check out r/residency 
I've been with my partner from undergrad to residency, and it always blows me away how people can't see how stressful the whole process is.",2,1,,2,1,1
oeq_aecad6c8,Psychologist that specializes in sleep here. Get up at the same time everyday no matter what. It synchronizes your circadian rhythm. Good luck OP 👍🏻,2,1,,2,1,1
oeq_9c605c93,I would change the wifi password once a month and tell him that he can purchase the password by paying his part of the bill.,2,1,,2,1,0
oeq_2e1197e3,"Identify something you *don't* forget (do you forget your shoes?) and put them in a different place, so that when you go to get them, you'll remember why they're in a different place.

I never forget my cell phone, and so when I make a lunch to bring to work I put my cell phone on the dining-room table, instead of with my wallet and keys (which are in my room). When I go to grab my phone I always remember to grab my lunch, too.",2,1,,2,1,0
oeq_af6b8fd5,"I can't tell if this applies to you based on your post, but a lot of people I see struggling to maintain friendships are not proactive about making plans. They wait for people to invite them out, rather than organizing something for others to do. It doesn't have to be anything elaborate, I'm talking bars, movies, hikes, etc.",2,1,,2,1,0
oeq_964c9694,"You don't do anything. This is a lesson in communication for next time. If you don't like something, speak up. You had a contract with the restaurant. You ordered food, they provided food, you paid for food. They delivered on their side of the contract.",0,1,,0,0,0
oeq_9b01174f,"If you asked, ""How to be in a relationship with a heroin addict?"", the responses would be immediate:  you wait until they conquer the addiction, then you have a relationship.

That might be the best way to approach a porn addiction too.",0,1,,0,0,0
oeq_f32fc5b3,"This is a good question for your therapist.  There’s a lot to this and the internet is not the best place to find the answer.  If you don’t have a therapist, now is a great time to get one",3,1,,0,1,0
oeq_904c41e9,"Exactly why are you not able to leave him? 

Because, that's what you need to do.",0,1,,0,0,0
oeq_3dff7b48,"Most classes have some sort of group project or seating arrangements. Use this to make ""friends"". Honestly it was never easier to pick up girls than it was in college.",2,1,,1,1,0
oeq_14d7f228,"Do you feel you are going to be unable to function in that capacity? You could tell him it's ok if he needs space but that you want him to focus on the relationship and that means actual space from you. You're a package deal, so to speak",0,1,,0,0,0
oeq_e924db76,"My college apartment was broken into a couple years ago. Afterwards, I made it a fortress. You can buy the glass vibration alarms to stick on your windows, as well as ones to use on the sliding glass door and your front door. These will go off whenever the windows are touched or the door is opened. These are cheap. I just did a quick google search and the ones that popped up are 8 dollars each. I also used the pieces of wood in the horizontal windows and sliding doors and installed a chain on the front door. Stay safe!",2,1,,2,1,1
oeq_5fe0526e,"So basically, he doesn't want you to get the attention that he giving to other women? What you do really does depend on how important hypocrisy is to you and whether or not you're okay with him having a say in what content you post.",2,1,,2,1,0
oeq_c4927429,"I think sit him down, pull the bandaid off and be 100% honest. Be honest about your spending and exactly how much, don't lie or trickle truth it. 

Think about the real changes you will have to make to your life to turn this situation around. Think about what it is that allowed you to get yourself into this situation. Bored? Lonely? Unhappy? Mental health issues, etc.

Decide if you're serious about those changes. This isn't a pay down the debt to rack it back up later on thing. This is taking stock of why you're spending so much, possible impulsivity or addictive behaviors, shopping to block emotional pain, etc. 

Money and trust issues can cause major issues in a relationship. Trust isn't always about just not cheating. This is a trust you broke.",2,1,,2,0,0
oeq_187e673a,"It's gotten more intense in the past few years because you're growing away from her power and control. Many disordered parents like their children best when they're smaller and younger because they're easily controlled. When you grow up and have your own opinions and needs, and create your own identity, they can't deal with that. You even looking different to how she expects you to look is an affront to her need for power and control over you. 

My mother used to insist I dress and wear my hair how she wanted, well into my teens. I looked horrible, and so different from my peers that I was mercilessly bullied. My mother didn't care. She demanded I be her Mini Me.  Anything else was viewed as rebellion and disrespect.

&amp;#x200B;

&gt;How do you get your weirdly overbearing parents to take steps back?

Highly doubtful you can change them. The only thing you can do is change how you interact with them. Best is to avoid them, by going low contact and giving them consequences for their nastiness, i.e., put them on a time-out. If you live with her, it's very difficult, I'm sorry.",1,1,,2,0,1
oeq_ee3acb1d,"If you think you have life planned out, you don't. Life will always find a way to throw a wrench in there.",0,1,,0,0,0
oeq_0ed6c71b,"Do you have a shade canopy or umbrella? That would be  my number one game changer. Additionally if you have a collapsible wagon to help transport stuff from the car to your spot that makes setting up easier.
A couple of books are helpful, or an e-reader. The reflection off the sand makes trying to read on a phone or iPad impossible. Make sure you take a big container of water & snacks!",2,1,,2,1,0
oeq_c4d23223,"Give it an hour or so, to let him get over being huffy. Then, you need to have a conversation about expectations around sex. If you two intend to be together, then sometimes you're not going to be in the mood at the same time. Make it clear that your ""no"" isn't an insult to him, and doesn't mean anything other than that you're not in the mood. Make it clear that he needs to accept your ""no"" without making you feel bad, or getting upset about it.",2,1,,2,1,1
oeq_f158284a,"NO YOU DO NOT. 

First of all, you don't know if she's already taking some. What if you accidentally overdosed her? You could kill her. You could end up in jail. You absolutely do not do this. I know that it's really hard to hear her in pain. Is she dying? Is there any end to this in sight? Is this going to be like a chronic thing long-term? 

Obviously she is seeing a pain specialist. But do not sneak drugs into her system. Do not do it. I understand that you're desperate and anybody would be. Her pain is your pain. There's nothing wrong with your desire to help. It's just that this could go really badly.",0,1,,0,1,1
oeq_64e343e8,"Stop buying food and eat out for awhile.  

If you live alone besides him.  



When he gets food stamps stop buying good toliet paper.",1,1,,2,1,0
oeq_b3ce3c05,"She needs to reconsider meds. They are literally life-changing. If she had Type 1 diabetes, she'd take insulin to help her pancreas. If she had congestive heart failure, she'd take Lasix to help her heart. Why not take Adderall, Strattera, or Ritalin to help her brain?",2,1,,2,0,0
oeq_f44bb375,"Read to them. Learn about pre-reading and pre-writing skills. Buy lots of books. 

Take them grocery shopping. It takes longer but it's a good way to teach about money and budgets, planning ahead (let them help with the grocery list), identifying and trying new foods (try out interesting seasonal produce too), and simple math. Even my three year old knows the formula I use for working out how many apples or bananas or pork chops or whatever we need for a certain amount of time. 

Ask them about the best two or three parts of their day instead of asking what they did that day.

Tell them two or three things you think are great about them before bed every night. Don't use characteristics they can't control (smart, cute, etc). Instead tell them how much you appreciate their hard work on building that Lego bridge, how thoughtful they were to get a drink for their brother that morning, how helpful it was when they swept away the kitchen, etc. 

Don't put them on your cr",2,1,,2,1,1
oeq_8687418e,"I read this on reddit: people love talking about themselves. If you get them talking about their interests and can convincingly act interested and ask meaningful follow up questions, they will fall all over you. I think that's a good way to get started.",2,1,,2,1,0
oeq_6c4e6073,"I married someone who almost died (ICU for a week) due to alcohol induced pancreatitis before I met them. They swore they were sober when we met, I never saw them drink, then I found out over 10 years they'd been lying to me and secretly drinking during times of stress. Towards the end of the marriage they'd given up hiding it and refused to seek help, lost their job, became violent, drove drunk. Not all addicts are the same but please take your time re: marriage; don't wind up where I was. Good luck to you and it's smart to think this through. Edit: Am now divorced and the whole marriage was a foolish expensive mistake",1,1,,1,0,1
oeq_ed0ac387,"End it.  You can’t fix this for him and stealing your meds should be a deal breaker.  He’s an addict, he needs to recognize it and then do what he needs to do to get help.  

You can look I to Al-anon, they might can help you reconcile this from your side.  Just know that you can’t fix this it’s all on him.",1,1,,1,1,1
oeq_453de0c3,Join him in his quest.  This can be as simple as being willing to change what you would normally eat as well.  Don't insist that your diet remain unchanged just because you are content with yourself.,2,1,,2,1,0
oeq_8b533c15,"I’m sorry that happened. It would be awful under any circumstances, but to find out that your boss — someone with whom there’s a certain vulnerability built into the relationship and who you generally assume isn’t actively working to destroy your personal life — was the person your partner was cheating with would add a whole additional level of betrayal to an already horrible situation.
When you ask what you should do, I think you’re wondering if there’s something official you can do professionally — like filing a complaint? In theory you could try that (most companies do not want their managers sleeping with employees’ partners and it’s possible they’d be interested to know that’s why you quit) but there’s not really anything for you to gain by doing that (and the potential for a lot of drama on top of what’s already happened). I’d rather see you leave her in your past and focus on moving forward.",2,1,,2,1,1
oeq_dbbc20ad,"Understand that it a problem with them, not you. The only thing you can do is to kill them with kindness and don’t expect them to stop being rude.",2,1,,2,1,0
oeq_07403ab5,"speak to your dad, this sort of thing is best planned with him. he'll be able to work out any of the legal implications, and give you advice on if this is even a good idea (probably is but best to confirm)",0,1,,2,0,0
oeq_03c5f612,"“I checked my calendar and realized we have some other stuff going on and it’s not going to work, sorry about that 🤦‍♀️“ Then say something about the airbnbs in the area or something and be done with it.",0,1,,0,1,0
oeq_de62d332,"Your father is the male version of my mother-in-law whom I have been dealing with for 18 years.  She is still able to manipulate my wife using the same tactics and my wife inexplicably continues to participate.  I'm not a licensed psychologist so this is probably something you want to discuss with a professional as you need to alter your behavior around your father so his defeating habits will stop.  You need to be open an honest with what behaviors are acceptable and which are not.  It's hard when our parents fall short, but there is still time to fix it and have a healthy relationship, but talking with someone professionally is a great start.",0,1,,2,0,0
oeq_f1ddc547,"Checkout r/beermoney you can definitely make $100/mo by filling out surveys and such. Well, it depends on how much time you want to put into it but it's possible.",2,1,,2,1,0
oeq_4b7613a2,"""If you're not practicing contentment where you're at, you're not going to be content when you get what you want."" --[Tony Hale](http://youtu.be/EvOWeoiacpQ) (starts around 8:20 mark)",3,1,,2,0,0
oeq_084cfe45,"First step is responsibility. Remember that it doesn't matter that you didn't know you were doing it,  or how bad it makes you feel to be an abuser. Don't burden him by asking him to forgive you,  he has been through enough. 

He probably feels disrespected, unimportant, and unloved. Approach this by seeking a therapist (not a marriage therapist- one just for you, to overcome your problem) so he can see that you acknowledge his feelings, and also for your sake as a person. 

I would also advise to move to another room in the house to further reiterate you're serious about changing. Your mere presence probably makes him uneasy,  and this way he can have room to feel more like himself. It shows respect and consideration,  which is a form of love.

Throughout the process, remember he doesn't owe you anything. Not forgiveness, or even kindness. He's pissed off as hell- let him be. Be patient, be kind, listen well. Whenever you feel like you're about to take a step back in progress,  excuse yourself from the room to deal with your feelings. 

Good luck saving your marriage.

Source: Domestic Violence survivor of a male - female relationship. Got away before it got physical.",1,1,,2,0,1
oeq_021dadc7,"Asking nicely for what is owed is not being a dick. Having said that, I would approach the situation by asking ""when"" he would be able to pay.

Beyond that, I agree with other commenters ... never a loan, always a gift. If you can't afford to do that, they politely say so.",2,1,,1,1,0
oeq_1e2d364a,I’ve met people like Gus and they sort of attract negativity that only goes on to reinforce their negative behaviour. I also feel bad for that kind of person too but you did the right thing by ‘breaking up’ with them. I know it wasn’t easy but their reaction definitely shows you made the right call. You got this!,1,1,,1,1,1
oeq_b9b07560,Why do you need his permission to work?,0,1,,0,0,0
oeq_fb841264,Getting a Bachelors degree in computer science will absolutely help you become a software developer. Might not be required but it’ll definitely help,0,1,,0,1,0
oeq_62b965e9,"You don't necessarily need to trust her; you just need to not worry about it. You can't stop someone from cheating on you with suspicion and mistrust. Just enjoy the relationship you have, and let your future self deal with cheating if it happens. There is nothing you can do to prepare for it or prevent it.",0,1,,0,0,0
oeq_7569b31d,"Just talking on the phone and lying? 
That’s literally my job everyday. I’m in sales 
Write me a script",0,1,,1,0,0
oeq_24f4c4f0,"r/askoldpeople might have some ideas.

Live beneath your means and you won’t have to worry as much about money.",2,1,,2,1,0
oeq_c70f0c08,"Possibly tl;dr but anyways....

Is there anything you don't like about yourself? Say, for example, does your temper or jealousy get you into trouble? Or are you fine in those departments? (Also sometimes jealousy stems from good instincts, and anger can propel you to confront a situation that you're normally too meek to address.) Do you have low self esteem, and if so, in what areas and is there anything within reason (forget plastic surgery; even the rich and famous have had botched surgeries) that you can do to improve these areas? Maybe a change in hairstyle or sticking to a workout routine? 

Or better yet; why are you asking this question. My guess is there's an idea in your head of this person you want to be. If I'm correct, then what do you need to do to become this idealized person? If you want to be a better you, then be a better you. Realistically, it's not going to happen overnight and there will be times you feel like a massive failure. Use those moments as learning experiences. 

The fact that you asked tells me you're going to be just fine.",2,1,,1,0,1
oeq_a27a815e,You need to plan it out. Make schedule for the remainder of your time and include freetime in it. You'll be more able to relax if you have done your scheduled 10-14 hours today and can sit down and do whatever.,2,1,,2,1,0
oeq_269429b9,"I work at a retirement home and from my experiences there I would say:


Do yoga to ensure flexibility later in life.


Go to a psychologist (or something like that) to fix any trauma or inner ""demons"" before your brain get old or even worse demented.


Moderate your alcohol intake! The old people I've seen who are worst off is the ones who drank too much.


Keep training your mind, do basic math in your head, do crossword, try to remember stuff by yourself before asking Google, socialise.


Take daily walks - preferably in green surroundings. 


DO NOT SMOKE!",2,1,,2,1,1
oeq_572686e1,Way to stand up for yourself!! When I was 22 I would have let this drag on for another 2 years. Good on you!,1,1,,1,1,1
oeq_9e4a165d,"Start off with, ""I know that we feel very differently about ___. I would very much like to understand your point of view on this topic. Would you mind taking a few minutes to explain to me your thoughts on this matter?""

Don't try to ""win"" or ""one up"" them in the conversation. Allow them to say as much as they want without interrupting. Listen for understanding. Ask clarifying questions like ""What do you mean when you say ___?"" and ""Can you elaborate on ___?""

When they finish, summarize what you understand them to have said. ""Ok, so what I hear you saying is....Is that right?"" Allow them to correct you if they feel you have misunderstood them. Accept these corrections gracefully and thoughtfully without argument.  

Next seek common ground, however small. Point out areas where you agree. Mention specific things they said that you found helpful or challenging to your own point of view. 

Then say something along the lines, ""I really appreciate you taking the time to explain your views to me. Would it be alright if I did the same? I'd like to offer a different perspective."" Say what you need to say, while avoiding rhetoric and generalizations. Never attack the person personally. Try to specifically address points they raised previously. If they try to interrupt, gently remind them that you allowed them to speak without interrupting, and would they please give you the same courtesy?

Even the most unreasonable people will usually hear you out if you've demonstrated the same respect and courtesy towards them. Good luck!",2,1,,2,1,1
oeq_ff0aea74,You’ve already done more for this guy than most women would. You’re not being selfish. There’s nothing to feel guilty about. Pick up your feet and go and enjoy your life.,1,1,,1,1,0
oeq_d330a400,Damn the ol' goose gander booger sugar dilemma.,0,1,,0,0,0
oeq_ae9f8912,"In my opinion, fuck these people. unless they are people you work with, these people suck. 

I hang around some old friends from high school now, we hadn't seen much of each other for a couple years because I went full frat life. Anyways we started hanging out again recently and these two still hang out with people they knew in high school. They have their own secret facebook page where they talk shit about other people and sometimes they post some mean spirited photoshops of others they know. one of these guys I hang out with went on a trip with his clique and they all chipped in to pay FOR EVERYTHING FOR HIM. Hotel/food/alcohol Then this guy, lets call him dung, when he comes back only talks about how much he hated hanging out with this guy in dungs clique. LIKE THAT DUDE HELPED PAY FOR YOUR BUM ASS 

TL;DR fuck cliques, they're cliques for a reason",1,1,,0,0,0
oeq_d20e258a,"You don't need motivation you need discipline. Motivation comes and goes like the wind, every day is different. Discipline is the same every day, it doesn't career if you are having a bad day or a good day. You just do what you need to do without checking how you feel first.

Start small and commit to doing something every day no matter what, then you can build from there.",0,1,,2,1,0
oeq_ed1166dc,"Know when to shut the hell up. 

Learn to read body language. 

If someone is crossing their arms, looking around, or backing away from you while you're talking, they're mentally disengaging from you because you're pushing them out. Let other people talk. Everyone's favorite subject is themselves & if you engage with other people & do more listening than talking, you'll engender yourself much more easily.",2,1,,2,1,0
oeq_10538d89,"I like asking things like ""What is something you've always wanted to do, and haven't done?""

One on one activities definitely seems to strengthen relationships. I don't perform the best socially when one on one. But have been forcing myself to do it more often. And it has definitely strengthened new relationships. If you and your friend(s) are willing to drop $25, I've found Escape Rooms are super fun, awesome ways to bond with somebody.",2,1,,2,1,0
oeq_1167ad74,Maybe there’s some kind of social service program that could help him? Just because he doesn’t have any “obvious” disabilities doesn’t mean he isn’t disabled. You don’t HAVE to help him (by looking for a social service program and getting them in contact.) But you could.,2,1,,2,0,0
oeq_6d5433d3,"A lot of answers focused on your specific ask, but I want to say that it’s normal and healthy to feel a wide range of emotions (angry, frustrated, sad, etc.) following a situation like your example. 

I think everyone should give themselves time to process these things in quiet reflection - how it made you feel, why it made you feel the way it did, will you do anything about it or leave it be and move on. 

After that time is up, I find chores to be an effective stress reliever and mental palate cleanser.",3,1,,2,0,1
oeq_96ecdd05,"Please break up with him. You don’t feel safe expressing your genuine thoughts or feelings around him, which is the major point of being in a loving relationship. He treats you badly but he thinks he’s justified in doing so, so he won’t change. Moving forward with him = more of the same.",1,1,,1,0,1
oeq_e815916d,"If your gf keeps entertaining this shit and refuses to respect your relationship, leave. Do it ASAP.",1,1,,0,0,0
oeq_c9f0732e,"Either pay him the same amount as you are currently paying for rent, or stay in the apartment you already have. I wouldn't put myself into a financially disadvantaged position just to live with a guy.",1,1,,1,0,0
oeq_0dcf2ba2,"First of all, let your bank know you are traveling so they don't lock out your account if you use your cards abroad. Have a reasonable amount of cash on hand in case you get locked out of your bank account, enough to survive until you can get home. A lot of places outside the US don't take card, so cash is the way to go. Do not carry a lot of cash when you walk around, lock it up at the hotel. I would recommend withdrawing the money when you get there, cash exchanges are expensive. I've never messed with traveler's checks, but that might b something to look at.",2,1,,2,1,1
oeq_ed462d0f,"My thought is they were enjoying a mutual flirtation that they both saw as “harmless” and now after being called out, they feel guilty. Your friend is flipping the script on you because if she does that, she can bury those feelings of guilt. 

You have nothing to feel guilty for. Their behavior was inappropriate. You tried to let it run its course, but they kept up the flirtation. You had every right to bring it up. Ideally, that wouldn’t have been done under the influence, but you’re only human and you cracked.",1,1,,1,0,1
oeq_da387ad3,"A guy not being official with you but acting like your bf and accepting everything, is using you.",1,1,,1,0,1
oeq_4932fde6,"You can't salvage a marriage all on your own. If he's not willing to do what he needs to do, then it can't be fixed. It's a tough decision, but you and your children deserve to be in an environment where you're not going to be yelled at repeatedly.",1,1,,1,0,1
oeq_934ad167,"She claimed that she used to pick up potential booty calls at a bus stop because she thought it would make you jealous and the jealousy would make you horny? 

What?",3,1,,0,0,0
oeq_d9dc43b9,"""4+ years experience for entry level positions""  


Most places put in stuff like this.   You can often ignore it.   If you have the skills/experience, fire off a resume/CV.",2,1,,2,1,0
oeq_94d5bf60,"Hey OP, when I was 18 i was dating a guy, and I was planning to go only a few states over for college and he was gonna break up with me. 

Guess what, I didn't go to college. But we ended up breaking up regardless. It didn't matter that I stayed. Our relationship got worse cuz I started hating him for making me make that decision. And our relationship slowly became abusive, neglectful and very unhealthy for both of us. 

Go to Australia. Now that my ex and I have broken up, I'm currently travelling the world and planning on starting school in the fall. What you want is so much more important than a relationship where he doesn't even find you worth it to try and stay together. Or support your dreams. 

It's gonna suck at first, but one time you'll find someone who supports your dreams even if they separate you for some time. 

You're really young. A guy isn't worth sacrificing your dreams over.",1,1,,1,0,1
oeq_84361336,"It sounds very trite, but the ""count to ten"" system isn't a bad start. You're not losing anything by taking a moment to process, and you may be gaining *a lot*.",2,1,,2,1,0
oeq_bc634126,"You can only be in forbearance a maximum of 36 months total, so it sounds like you're near exhausting this as an option. Income Based Repayment will definitely lower your monthly payments, but you need to be aware that it extends the life of the loan to 25 years AND you have to provide verification of income annually. That means as your income changes, your payments will change up or down depending on what you're earning that year. Because it's a longer loan, you will pay a butt-load more in interest. The good-ish news is any amount left on your loan at the end of 25 years is forgiven. The bad-ish news is the forgiven amount is taxable income, so be as prepared as possible.

IBR is fab because your payments will never be more than 15% of your discretionary income. 

To qualify for IBR, you will need to prove partial financial hardship. As you've been on and off unemployment, you should be good with just documentation of that. But if you're near exhausting your unemployment benefits, you can register with a temp agency.

One other thing - if you are married and your spouse has student loan debt too, BOTH spouse's loans and both spouse's incomes are considered in calculating what your new monthly payment amount will be under IBR.  

You can apply for IBR through your servicer or studentloans.gov. The feds are pushing the IBR plan pretty hard lately because it gives more people a chance to pay back something on their loans and avoid default. 

Loan consolidation is another option, but check with your servicer first to see if the savings on monthly payments is affordable for you.

(Disclosure - I am a default prevention specialist at a for-profit school)",2,1,,2,1,0
oeq_11ca28c2,"I've worked as a victim counselor and business consultant, both involve scenarios talking to a variety of people about difficult topics. When facing difficult situations, people naturally want to share with others, we are social creatures, but experience will teach that relying on others will only cause more emotional pain because others will demand information or action. When you ask someone ""what's wrong"" what you're really saying is ""I see you are distressed and it's making me distressed and I don't want to feel distressed, so tell me what's wrong so I can figure out how to make myself feel better"". When they say ""nothing"" they are trying to help you feel better. Reassure them that you are not asking for yourself, but for them. This can mean sitting them down away from distractions, giving them your full attention, and telling them you are ready to listen. Then LISTEN. Don't try to solve their problems, don't interrupt, don't tell them how you understand because something similar happened to you, just let them talk. Sometimes, they will pause, let them. Only when they ask for your input should you give it.

This is more difficult than it sounds, so kudos to you for asking for advice. :)",2,1,,1,1,1
oeq_410d6e1d,"This is a common feeling. I often find myself getting melancholy when I think about the past, even more so after significant milestones because they trigger an awareness of the passage of time. When I catch myself focusing too much on the past, I try and remind myself to focus on the future instead of the past. We live life in stages and I try and remember whatever stage I'm missing is in the past. Be grateful it happened rather than sad it's over. Also keep in mind nostalgia is somewhat deceitful because our memory makes past events better in our memory than they were in reality. Not that they weren't good events, but our brains are wired to forget the bad and only remember the good, usually amplified by a few hundred percent.",2,1,,1,0,1
oeq_01e99d2e,"If every morning you question whether you should stick around, the answer is no, you shouldn’t. You don’t mention that you love Lois or even enjoy her company. You seem to fight often in ways that disturb you. Being with someone who doesn’t make you happy is not the solution to loneliness.",0,1,,0,0,0
oeq_74d2633b,"I don’t trust people who are on bad terms with ALL of their exes. Like how can you have that many exes you hate? They can’t all be crazy, and if they all are, chances are it’s actually you (general You; not specifically you OP) that is.  So, IMO talking to exes is not a red flag unless a predetermined boundary is crossed. ETA: talking does not always mean friendship. It could also be acquaintance-level speaking. 

In this instance, one of the exes is sus, and the job offer ex is not. So let’s put on our big girl panties and communicate with our partners!",2,1,,0,0,0
oeq_b0b33738,"I’m a 42 yr old dad. I have a 22 yr old son. I was bitching at him one day to do something with his life. He was going from dead end job to dead end job. He would come home and tell me or complain about his job. I didn’t want to hear it or listen to it. I just wanted him to find a job. He was trying to figure him self out. His response was “I can never make you happy”and I stopped and realized and thought about what he said to me that day. I still remember it clearly. He was right he can’t make me happy only I can make myself happy and only he can make himself happy. And only you can make your happy. You will never be able to make your dad happy and your not on this planet to make him happy. If he can’t do it on his own it’s because he has issues that he needs to work on, like myself. My son and I are now in a better place. He got a job at a gym and I enjoy talking to him now because he is not complaining no more. He is having fun with his life and that’s all I ever wanted for him. If your dad can’t understand that you have to do what you have to do to make your life count and make it the way you want to live it. It’s your life not his and we only get one shot at it. If you live that girl who gives a fuck as long as you and her are happy together. You are the one who is gonna share your life with her not your dad. You have to be able to please your self before you can please others. When you get that he will envy you because he won’t know how to get what you have. He won’t tell you but it’s true. Hopefully you do the right thing for yourself and your girl. Good luck",1,1,,1,1,1
oeq_ad02ecd3,"I wouldn’t worry about it and perhaps learn some polish.

My ex wife was from Mexico and when we were around her friends and family they would all speak Spanish in front of me. Occasional they would speak English the ones who spoke it that is, when they wanted my opinion or something.

It didn’t bother me one bit, nor did I ever consider it rude. I eventually learned a little bit to pick up on what they where talking about to somewhat be able to chime in every now and then.",2,1,,2,1,0
oeq_9bcccde1,"The more you do it, the less nervous you will get.

Practice at home by yourself, then in front of your SO. Do it over and over until calm in those situations.

If all else fails, ask you doctor for prn beta blocker. It blocks the physical symptoms.",2,1,,2,1,0
oeq_9376a35a,"Don't slouch and stand up straight. Keep eye contact and speak definitively, no fillers or mumbling. Be confident. Some of the most intimidating people I've met have been shorter, and I'm a rather large fellow.",2,1,,1,1,1
oeq_e1213ec2,"Is there an area that gives you multiple activities to do? Like a shopping center with restaurants, a theater, and stores to browse?  You can always start with dinner, and if the night is going well, make your way over to another activity.

One of my most memorable dates with my boyfriend was a platter of cheese fries followed by browsing the local book store.",2,1,,2,1,1
oeq_b03696f0,"Change your routines to ones healthy for your brain as well as your body. I started by going out and walking more often. That turned into going into more stores I never would have visited, meeting new people and suddenly I was in the mindset to work out because I wanted to turn the inner beauty that those people saw into outer beauty so as to make their day better too. Nothing quite like smiling at someone and having them beam back at you.",2,1,,2,1,1
oeq_f243a316,listen to musi and get lost in that. that's what I do.. music that puts you in a good mood and just concentrate on that,2,1,,2,1,0
oeq_340f859a,"Your mom, a known embellisher who hates your husband and your literal life partner.... Yes, I can see the conundrum.... 

Polygraphs aren't reliable, what did your kids say? Your mom sounds terrible tho, you should prob cut her out of your life for starting all this drama that I'm betting isn't even true. You know your husband and there is a huge difference between absent-minded mistakes and abuse soooo",1,1,,0,0,0
oeq_6bd54d2e,If you're in the middle of wedding planning put a pause on it and get into couples counseling. Make it clear this is not optional for things to move forward. She has twice stolen your card and won't discuss why with you. That is not acceptable and it needs to be figured out now. Financial issues are 1 of the biggest causes of divorce.,1,1,,1,0,0
oeq_a50ef2e1,Practice with someone you're close with that will be able to call you out on it and help you correct it.,2,1,,2,1,0
oeq_1cb90d79,"There are companies that deal in recovery, they legally can't do that much besides annoying them till they give the money back, but they are really good at being annoying",2,1,,2,1,0
oeq_50d982dd,Understand yourself the same way you understand anything else: collect and analyze information. Start a journal that describes the events in your day and your thoughts and emotions regarding those events. After a while you can read through the entries and try to find patterns in your thoughts and behaviors,2,1,,2,1,0
oeq_74bc4040,"&gt; I feel like he's trying to get me to prove he is more important than my time or sleep or other people, and taking advantage of the fact I'm a polite person

So whenever he does this, do you actually indulge him and go to bed late, or make yourself late for your meetings etc?

If you do... Then stop doing it. 

Whether it's some kind of game or test to him or not, if you've repeatedly allowed him to do it and as a result you change your arranged plans, he's going to keep on doing it, because it's always worked for him so far, why would he change now?",1,1,,1,0,0
oeq_ee6c6c6f,"I mean I feel your pain, but don't let that drag you down on her level. No need for revenge. Get over it. She's not worth any more time of your life, not even a minute. Fuck it. Be a man, move in, get yourself a women that deserves you and hopefully your don't develop trust issues in the future",1,1,,1,1,0
oeq_effbb960,"Tell them you're not ready to pursue god at this time because you still need time to grow and explore. Say, thank you for sharing with me, but I need to explore in my own time. If they are pushy, express gratitude and let them kindly but firmly know that it's not how you will personally become receptive.

Please don't reach for righteous, annoyed, ego based responses. It's not about right and wrong and it will cause unnecessary tension. You have a responsibility to keep family harmony, even if you feel someone is being unjust. It takes practice, but if you try, you will know what it means to be gentle and firm.",2,1,,2,1,1
oeq_c6371388,"I have no idea to what extent your problems go (is it failing a class, or loosing your loved one), so I will just tell you what helps me. 

When I feel like I am loosing control over my life, it's probably because I am overwhelmed.

**When being overwhelmed**, I have too much on my mind, feel stressed and am doing everything but solving the issues. When I catch myself in this situation, I simply sit down and write a list of problems on my mind. All stupid shit (like flat bike tire, argument with a friend, dirty laundry).

For more complicated stuff, write down several ideas, of how to solve it (for example, if you have failed a class your steps could go something like: 1. Talk to your professor about re-exam 2. Talk to study secretary about consequences of failing exams and/or re-exams 3. Purchase study material 4. ask for someones notes on the class). The thing is, you now have a better idea of what gives you stress are and how to get rid of it (or at least how to start).

So basically, in order to be in control, I have to be informed - know what my situation is and what my options are.

I have no idea if this helped, but would you mind sharing what exactly is going wrong? (is it something you really have no control over, or is it just a feeling?)",2,1,,2,1,1
oeq_6b899df1,"Her making you reassure her that you still love her and won't leave her after she abused you is also abuse and unacceptable. Stop doing that, because it just reinforces her abusive behavior. Instead you can say, ""It's normal to feel terrible when you do a terrible thing, but the thing to do is to stop doing terrible things."" or ""Well, hopefully therapy will make things work out."" or even, ""I do not currently intend to leave you, but if you keep abusing me, then that will probably change."" Harsh, but fair. And it doesn't cause you to keep encouraging the abuse. 

If she can't stop abusing you, then she does need to be single. It doesn't matter why she is abusing you. It's not okay to use a person as your training device to heal from trauma. She needs to become somebody who doesn't abuse others. And if she is truly a good person, she will demonstrate that by making getting therapy a priority she acts on and puts real work into.",1,1,,1,0,0
oeq_760bccc9,"Just remember that if you don't want any kids, having 1 kid is not a compromise.",2,1,,2,0,0
oeq_d414ca93,"Join a group that participates in an activity in which you have an interest.

For example, after college I moved to a new city where I knew few people, so I just a swing dancing group in the town (I have always enjoyed swing dancing). Was able to make friends and had something to motivate me to get out of the house.",2,1,,2,1,1
oeq_3511a136,"Please pleeeease don’t marry her and don’t have babies with her! You’ll be even more miserable and then if you divorce her you’ll have to pay huge child support! Life is very rough and you should put yourself first! Please think about what you can get into if you propose and marry her. The whole entire family and her friends will be on her side of something happens. Remember, people come and go in life! Literally come and go. Put yourself first. I’m 34 yo female who came to the US 8 years ago and went through a lot and I learned and life is very tough and people come and go. People divorce even after 25 years of marriage. PUT YOURSELF AND YOUR HAPPINESS FIRST BECAUSE THIS IS THE MOST IMPORTANT THING",2,1,,1,0,0
oeq_d35a1972,"&gt;And just for a joke (well for me it was Kinda like a joke) I said her "" You need a lot of Affirmations huh?"".

# E M O T I O N A L D A M A G E",3,1,,0,0,0
oeq_382c808c,"I'm 30 now. But when I was 17 my girlfriend and I got pregnant. We opted for adoption, my father knew of a couple who wanted but couldn't have kids. They were super awesome, well off, amazing jobs. Needless to say the kid was going to be set, better off than i ever was and I was raised middle class. They paid for all the hospital expenses, pampered her, let us stay at their house. It was the best option for us at the time, cause neither of us felt right getting an abortion, but knew we weren't ready to be parents. Flash forward to now, that girl and I broke up more than a decade ago, good riddance honestly. I met my NOW wife a few years after the break up, we have two boys, and life is good. Parenting is hard, I do not regret what we did and the choices we made. The way our relationship went after the adoption was horrible. She cheated, manipulated, tormented. The true colors showed once we were out of high school and got to expirence the real world. Just weigh your options man, think about your future self. Good luck and hope you the best.",2,1,,2,0,1
oeq_d869d90c,"anxiety and adrenaline can trigger your fight or flight response, and make you poop or puke. If you cant take anti anxiety meds (i.e. they make me drowsy so no good for exams) cognitive behavioural therapy might be useful - identifying triggers and changing the way you think about them will really help.",2,1,,2,1,0
oeq_a7a9df91,"Definitely look on meetup.  There are tons of different groups for a variety of interests all over socal (hiking, brunching, happy hours, book clubs, etc.).

If you play any sports (or haven't previously, but think it would be fun), look to join a recreational team (softball, kickball).  It seems like sports team are always looking for girls to join.  Either contact a league and see if teams are looking for single players, or sometimes teams might post on craigslist (wouldn't suggest using this site for meeting anyone any other way...lol).  

If you know of any alumni groups (college, greek life, etc.) check to see if they have a chapter in your area.  

There are some cool websites that list volunteer opportunities within specific areas by zip code (volunteermatch, LA Works (not sure if you're in LA)).  You can give back while hopefully also meeting people.",2,1,,2,1,0
oeq_3f2941d2,People would worry a lot less if they realized how seldom others think of them. I can named a thousand stupid things I've done over my lifetime but honestly can't recall any embarrassing moments of other people.,2,1,,2,0,0
oeq_bc49feff,"If I lust after this thing every day for X days then I’ll buy it. The higher the price the bigger the X. For proper expensive stuff it’ll be several months.

Most of the time I’ve talked myself out of it or lost interest after a week.",0,1,,2,1,0
oeq_3fc3be04,"I find “compliment then question” is a good combo to start a conversation.

Examples: “I love your shoes, where did you get them?” “Your car is a neat color, did you pick it on purpose?” “I love your garden gnome, does he have a name?” 

Everyone likes a compliment, and then the question opens the door for a bit more in depth conversation that can maybe lead to: “Let’s go shoe/car/gnome shopping together some time! Let me get your #” I’ve also just straight asked neighbors for their digits in case of emergency, even tho happily married. Good luck!",2,1,,2,1,0
oeq_0959fe60,"buy a card, sign it.

buy a gift, wrap it

hide both and wait til she gives you your gift.  Then give her yours.  If she doesn't say anything about it on your anniversary then brings it up the next day, you whip out the gift and card, give it to her and say you didn't think she remembered and you didn't want her to feel bad about forgetting.


Source: Married",0,1,,2,1,0
oeq_16e6c260,"I have an anxiety condition in which I feel disassociated ALL the time. It's hard to explain, but it only makes my anxiety worse when I feel the most disassociated. I've gone to my doctor and have been taking depression medicine cor the past couple years. Anyways, my point is that going to yoga and m",3,1,,2,1,1
oeq_1b2e0ba3,"Email him back and tell him you will take it up with your supervisor. Which isnt him.

And then ignore all further contact while you are on vacation.

Is your boss also his boss?",2,1,,2,1,0
oeq_83ed5c82,"dude. have some self respect here. she's shown you like 50 times now that she doesn't give a fuck about you and your relationship. you're just letting her walk all over you, make you feel miserable, and for what??? she's just gonna leave you when the next best guy comes along. or she won't leave you, she'll just date both of you so she can keep her permanent back up plan.",1,1,,1,0,0
oeq_a7946d34,"Probably not the most helpful comment but I'd suggest maybe start to judge and adjust your actions as if you were watching someone else do these things.

If you're a slob that doesn't clean up imagine how someone who walks into that for the first time might view that living style.

If you're an aggressive or quick to anger person then maybe treat yourself as if you are around small children that shouldn't be exposed to that or again as if someone is viewing and constantly judging that behavior.

The obvious issue here is that we all go day to day with the impression of ""I don't care who judges me or thinks about me certain ways."" but this self-improvement attempt could be viewed as the opposite, put yourself under a microscope and course correct everytime you catch yourself. It obviously won't be an overnight change but if you modify the behaviors then eventually it'll just become second nature and you find yourself having to step back saying ""Why am I doing this... """,2,1,,2,1,0
oeq_6a590209,"When the gossip happens, stop the conversation. If they begin with ""So did you hear about...?"" Let them finish their sentence but respond with: ""I'd rather not hear about it, but thank you. How was your day yesterday/How's your day so far/Any cool plans coming up for you?""

I've found that people will almost never turn down an opportunity to talk about themselves in lieu of talking about others.",2,1,,2,1,0
oeq_d84f8cad,"This is also something that I’ve struggled with throughout my adult life (seemed to come more naturally when I was younger and in school).

At some point I decided that I was overall unhappy and everything from office interactions to having to do a daily household chores made me even more unhappy. In order to combat this, I tried to think of my life as more of a video game but with real life consequences: sort of like a modern day Skyrim or some shit.

Essentially everything I did would build a “skill” or develop a relationship with an “NPC”. It really helped me to slow everything down and even bring a little fun and excitement to bad situations. It didn’t feel like it was beyond my control anymore, it felt like a challenge with an opportunity to advance my story.

Since then, I’ve been substantially happier, gotten out of the apartment, met a lot of new people and made a lot of new friends. It’s amazing what you can do when you change the lens through how you see the world.",2,1,,2,0,1
oeq_be92bf38,"Well it sounds like you're provider is really good at giving out confidential info.

Have you considered a court case? I know you only got 300 stolen, but consider all of the information that the scammers got from all of your other messages. I'm not a lawyer but there should be some privacy or emotional compensation available. 

Cell phone providers are big companies, and the only way to get big companies to listen is usually with threats of losing money.",2,1,,2,1,0
oeq_0a1414cf,"“_______, you’re creeping everyone out by stalking _______’s social media pics. Cut it out”",0,1,,0,0,0
oeq_18c4b1a5,"If you are asked or think you should give someone money.  Plan on never getting it back. Sometimes it's easier to give it to the person as a gift, and keep the friendship intact. Some people are well intentioned, but horrible with money. Loaning money to a friend is a sure fire way of ruining a friendship.  This applies 10x when it's family.",0,1,,0,0,0
oeq_6fc38473,"Hiya, my former partner had a similar instance of a seizure leading to discovery of brain tumor.  While at the time he did talk to many people, the one he spent ""hours"" with was his therapist.

Which is what she should be doing.

To be scared and need support is normal, but to monopolize someone's time to the point they are rearranging their sleep schedule and missing plans is too much.  It's time to sit down and discuss some boundaries. Him telling you how important you are and how loved isn't enough -- he needs to show you with actions.

If he wants to have some vent sessions with her fine, but they should be planned and not be hoarding a significant portion of his time.  If she is that in need of significant emotional support, she needs to get some professional support, because this is exactly what they're there for.  Is she keeping her other friends awake late into the night?  Her family? Are those other invested persons missing plans?

Boundaries are normal and healthy.  If he isn't willing to establish them in this instance (because I'm sorry, but she is not dependent on free reign of his time for her wellness), then I would start to question whether or not he's a good choice for you.  Inability to create and maintain boundaries can be a big problem in relationships, especially if one partner is willfully unwilling to consider that they're needed.",1,1,,2,0,1
oeq_b4c3260f,"I am a talker as well. I love communication and enjoy telling others stories or experiences. 
Communication is made up of talking and listening as you know. 
I tell my friends ""ALWAYS cut me off"", because I always know what I will say, but I don't always know what they will. 
If you're good at multitasking, carry a notepad and jot down what you want to say while someone else is talking. Aim for shorthand. (E.G. Notepad shorthand)   

Relax about the minutes you have in life. I'm very much about filling all of them, but BREATHING is imperative and will benefit you long term. 
If you're feeling like you need to say something, breathe and pay attention to what the other person is saying. If what you have to say is THAT important , you will remember it. And if you don't, admit to yourself it probably was not that important. 

Best of luck. Breathe. Get a bottle of water and drink while you're listening to keep your mouth busy. Everyone loves a good listener. And you'll ALWAYS get your chance to story tell!",2,1,,2,1,1
oeq_409e4de3,"Sort of like those add a $1 to a jar and increase the amount by $1 each week system, I pick two ""adult"" things to do each week and keep adding to it. I started off slow like ""drink at least 3 glasses of water a day and brush my teeth every night before bed"" and I consciously force myself to do it. Next week I'll add 2 new things on top of these things and so it. It's baby steps but by the end of the year I should be pretty functional.",2,1,,2,1,1
oeq_7ffa5e06,"I'm going to assume you want to a mix between opposite sex, business and casual so here goes... 

- instead of ""what do you do?"" ask ""what do you like to do?"" If they hate their job, they'd rather talk about how they rock climb. Plus, if they love their job. They'll talk about that. Win-win. 

- avoid Interview style questions (question, answer, next question, next answer). These are annoying. Your not conducting a survey, your building a relationship (no matter how small, every first/proceeding encounter is the start/continuation of a relationship) 

- be ready to answer any question you ask, and do it. Change up the format too. ""I'm actually studying to be a vet, what about you?"" what's are you studying? I've been working on my veterinary degree""

- maybe pose a statement regarding the answer. ""oh your studying pediatrics! I've heard that's one of the hardest courses to study""

- a ended conversation isn't always a bad thing, as long as it ends on a good note or at an appropriate time. 

- sometimes body language can make up for a less than amazing conversation. Maintain appropriate eye contact, engage yourself in the conversation abit with your body (don't be Jim Carry animated but don't be a statue either). 

- depending on your situation (who your talking to and ideal outcome for the conversation/relationship) have a few back pocket questions. If it's business ""how long have you worked with XXX, we started working with him last quarter"" or ""how'd you guys do last year?"". 

- bring something to the table. If your at a Super Bowl party maybe watch a few recaps of the season. Don't go to war without ammo. When it comes to opposite sex approaches, know your strengths (music, sports, humor, ect). 

- if your a guy looking for good tips on approaching women check out r/seduction",2,1,,2,1,0
oeq_45c09daf,"Unless movies have been lying to me all this time, you need to have a big file of loose papers and then drop them as you bump into that person. You will both laugh and they will help you pick up the papers and then you can ask them to have a coffee.",2,1,,2,1,0
oeq_ecda438e,She wants her freedom so the best thing would be to break up and find someone else,0,1,,0,0,0
oeq_0214aae2,"Make the first move! Find a common interest with one or two and invite them out somewhere(movie/event). Getting one or two of them alone will help your relationship grow. 

I personally only have one close friend, my husband, and the rest are superficial, but it works for me.",2,1,,2,1,1
oeq_1ffc1112,"So toxic. You should break up. You were a piece of shit for the last two years so she doesn't deserve that. And you're not willing to let her go out there and even the playing field so that's a problem. You assume she'll just say, ""oh yeah no problem op."" Lmao. nope.",0,1,,0,0,0
oeq_36b3e401,"http://www.amazon.com/Full-Catastrophe-Living-Wisdom-Illness/dp/0385303122/ref=asap_bc?ie=UTF8

This book helped me a lot.  Through m",2,1,,2,1,0
oeq_d322bd62,"Just try and take a day at a time. Don't try and be like ""ohh I'll workout and get into shape so I'll give myself a year"" the moment you think that way you'll realise it gets too much to handle and everyday becomes a hassle in taht way so instead take a day at a time and be like ""ok today I'll do 30mins so I'll do xyz"" And then tomorrow is a new day so you come up with a new routine or stick with the old one but strictly take one day at a time. Let the day come and then deal with the habit. And if nothing works out I look at myself in the mirror and blackmail myself into doing or keeping up the good habits like ""bro can't you do this one thing for yourself God🙄 your future self would be ashamed of you"". Hope this helps:)",2,1,,2,1,1
oeq_aa46b452,"Make a joke out of it.

Dude, you need to make a TLDR version of your stories.

Laugh and smile while you say it.",2,1,,2,1,0
oeq_3b62fbbb,"It sounds cliche, but smiling, making eye contact, and saying ""hello"" breaks 95% of the ice when first meeting someone. Having a follow-up is the other 5%.

I used to regularly see a counselor for social anxiety. This was before I entered college for journalism, and was forced to interact with strangers many times a day,every day. I received the best rapport when I smiled and said ""hello."" This was after hundreds of failed, awkward attempts to start conversation.

Practice with grocery store clerks, retail sales people, and co-workers. It will become natural in no time, at all. Keep us updated on your progress!",2,1,,2,1,1
oeq_823dda14,"I'd let Meg's cousin know you weren't aware of Meg's crush and understand and respect her decision to protect her cousin's feelings (cause just because you feel chemistry doesn't let you push through a boundary), but leave it open, ""I don't want to put you in an uncomfortable position, if things shift I hope you'll reach out so I can take you on a date."" 

This is between the cousin and meg, I would consider the path blocked and move on otherwise.",1,1,,2,1,1
oeq_6dd0fe1f,"Does your father know she treats you so terribly? He shouldn't be allowing her to disrespect you as you've described in another comment.

Any type of relationship is a two-way street and if he's not making an equal effort to be close with you ... well, you can't force it and place blame on his partner if he doesn't fight for it himself.

Have you tried simply telling him you'd like to be closer and planning to do things with just the two of you? That's not unreasonable for any loved one to request.",0,1,,0,0,1
oeq_59ebaccd,"My wife and I take vacations periodically, and we tend to do pretty well with our budget.  Our general rules and best practices go like this:

a) *purchase what you can ahead of time.*  the more  you can lock in now, the easier you can handle surprise costs down the road.  and think of it like this... if you pay for the tickets now, that's a year down the road you don't have to try to come up with that $xxxx hundred dollars.

b) *plan and plot your trip.*  do enough research to know how you're going to be spending your time.  Zip-lining, zoos, tours, guides, rentals, all cost money, and are much cheaper if you have them paid for ahead of time.  and what's more, that gives you the chance to put that $$ aside.  talk a lot about what you really want to accomplish and do during your trip.

c) *allow for plenty of relaxation time.*  case in point, we went to Charlotte, NC, and made sure we had a few days with 'nothing' planned, in order to allow for incidentals, and to give a significant rest period.

d)  *look for local deals.*  What's in my head is Groupons, which we look ahead to find for wherever we are going.  But i doubt PR has much in the way of Grouponing... but they must have something.  perhaps start talking to a tourism adviser or something?... i don't know.

e) *identify 'tourist traps' and 'tourist areas'.*  Identify them, and treat them accordingly.  they will all cost you more money, but they do generally happen to be nice places to visit.  Case in point would be our recent trip to new orleans.  we identified, and toured down Bourbon Street, but that was far from our scene, and several other touristy shopping areas.  We 'did' them, and then we 'got out of there' and went and visited the tons of other exciting places.

f) *know yourselves well enough to plot a trip around.*  My wife and i love cooking, so it's easy to review a lot of local restaurants and try them out.  we also love bookstores, so we well generally find ourselves a used bookstore or two to go visit.  we also love good beer, so we find ourselves a couple local breweries to go try.  Consider what your hobbies and interests are.  I think it is neat to center our vacations around our own interests, rather than only what the tour-books tell us.  but yes, read the tour books.

Fair warning:  I have no practical experience with vacationing in foreign countries.

So there you go, I hope that gets you somewhere.  Good Luck!",2,1,,2,1,0
oeq_59dc8417,"Assuming you're sure about not telling her what's what...

The approach you gotta take is the wedding is the test your friendship needs that will allow you to remain her ally in whatever paths her gender identity adventure takes in the future. She's going to need you and if you make a scene at this wedding, the groom will probably try to ice you out of their lives in the future.

So just perform your ass off and keep reminding yourself of how important you being there for her is going to be post-wedding. That's the real thing.

As for the wedding itself, find a safe socialization harbor that keeps you away from the groom and his idiot friends wherever possible. Before the ceremony, be the guy who runs out and gets everybody bottled water to sober up. Sure, they don't deserve it, but it gets you out of the room with them for x amount of time. After the ceremony, offer to shuttle old people to the reception. During the reception, if you like to dance, congrats, now you're ""always out on the dance floor"" guy. If you don't like to dance, find any excuse to socialize with anyone not in the wedding party. Listen to old people's life stories, be a friend to the children, whatever.

The point is, there are a million things to do at a wedding. Lots of little jobs. People lose things, people forget things, things need to get set up, things need to get taken down. Be a busy little bee and it'll minimize the amount of time you have to socialize with these dudes.

Oh, and as tempting as it would be to get completely hammered, don't do it. Again, the main goal of this is to survive the wedding so you can still be in her acceptable social circle post-wedding.",2,1,,2,1,1
oeq_b1258677,"I can see the post in your profile, but it’s locked and all the comments are gone. Reddit mods being cruel and drunk on their own little bit of “power” is a pretty well known issue. Not really much you can do about it; they’ll never admit they were wrong or reverse their decisions. They’ll also never bother with explaining to you what the problem was. I’m surprised they didn’t mute you so you can’t even contact them anymore, that’s what usually happens.",2,1,,2,0,0
oeq_7cba9195,"I read a few times that confidence isn't about walking in a room and thinking 'people will like me' but more 'I'll be fine if they dont'.   

In other words, approaching people and trying to be something you're not isn't the epitome of not having it",2,1,,2,1,1
oeq_9422ef4e,"Hi there, I'm really sorry about everything you've been through, and totally understand why you don't want to answer these questions. The good news is, there is a very easy pivot: make a very quick non-committal answer, and return the question in a very I-am-so-interested way back to the other person. Mostly you just need to remember this phrase: What about you??

Here are some examples, not scripts but just meant as guideposts for how this might sound.

-How was your Christmas?
-Oh you know, Christmassy. What about you?? Anything extra exciting or fun happen at your house? What present was the biggest hit?

-[Question about your family that you don't want to answer].
-We're not close./Eh, not much to say there. What about you?? Is your family local? Got any exciting characters in your family tree?

-[Question about your love life status]
-Not much to report./Divorced, which was as fun as it sounds./Oh definitely not looking right now. What about you?? Got anyone special? Any especially good dating stories?

Basically give your conversation partner a way to take the deflection and keep the conversation going in a funny or interesting way that is still relevant to what they originally asked, but that doesn't require you talk about stuff that you don't want to. You got this!",2,1,,1,1,1
oeq_9da0a99d,"Congrats- you are the bangmaid. This is certainly not a partnership of equals, and he doesn't even seem to like you- he says he doesn't need you, would be happier without you, and wants to be alone. 

He has alcohol and addiction issues that he needs to sort out before he can think about ""us"" 

Doesn't buy you gifts for holidays- why are you with this guy? he sounds awful. selfish, uncaring, he negs you- and you are SO INTO HIM! he's not into you. He's a total ass and he picked you because no woman his age would put up with his crap. Please stop tolerating this man who treats you worse than a slave. Dump him and find someone who actually cares about you and will treat you with the respect you deserve.",1,1,,1,0,1
oeq_01eb0c4d,She says she wants a break.  You can either give her a break and sit around and wait for her or you can go ahead and end things and move on with your life.  I recommend the latter.,0,1,,0,1,0
oeq_042253c7,"So this woman is his room mate? I believe you that she's being kind of cold to you, but I wonder if she resents how often you visit you boyfriend, i.e. how often you're in her home. It can be annoying if a partner of a room mate is there every day using utilities and crowding the kitchen, esp if they are also trying to be friends too hard. She may just want some breathing room in her own home. I don't know if this is you or not.  Maybe ask your boyfriend or one of the other house mates for an outside opinion.

I also don't think I can jump to the conclusion that she has a crush on your boyfriend if they're room mates. Hanging out together regularly could be totally normal in that case. 

I would tell your boyfriend you're wondering about it and just see what he thinks. And maybe, consider moving in together just the two of you when his lease is up? Might be time!",2,1,,2,1,1
oeq_f6ee1d8c,"Bi woman married to a dude here. You need to sit him down and explain that you understand he has some trauma but he can't project that onto you. You are allowed to have friends and he has to trust you. I've shared hotel rooms with other bi women and my husband has never been worried because he trusts me and I haven't abused the trust. 

If he won't get over it, he's unlikely to, and that seems unfair on you.",1,1,,1,0,1
oeq_927b3ba0,"What are you worried about?  What do you lose if you commit X amount of time to a particular thing?  

If you can figure out the source of your hesitancy/anxiety, you may be able to move forward.

For me, I usually assume that I've got nothing better to do for the next several hours, so what difference does it make if I waste that time on a bad movie or show?  In 100 years, who will care that I wasted 10 hours watching a bad Netflix show?",3,1,,2,0,0
oeq_46424d4c,"Look them in the eyes, say thank you, take the money. I'm a bag boy who gets tipped frequently and it's seriously that simple.

Quick",1,1,,1,1,0
oeq_c3016cdb,"Plan your time. Give yourself large chunks to get useful work done. 

By knowing how to spend your time, and being in control of how you spend it, you can better avoid the helplessness and directionlessness that bring on burnout.",2,1,,2,1,0
oeq_4dae6216,"yes, learn to trust yourself. Thoughts and opinions are just that - thoughts and opinions. They are not the absolute truth. So yours are valid too - check with yourself to see what you truly want to do.",2,1,,1,1,1
oeq_402151bf,A former porn addict of 10 years but you are just now 18?,0,1,,0,0,0
oeq_d93e3f27,"You could say you need a reference from someone for something, a job, apartment, program doesn't really matter and they would like to know best times and dates to call?",0,1,,2,1,0
oeq_7826869e,I liked the recent tip to add them to your cr,3,1,,2,1,0
oeq_f78f8eb8,"Everyone here gave you some really good advice, but I just wanted to touch on the part where you said he wants to have sex 2-3 times a day. in your other comment you mentioned you were both virgins on your wedding night. I know that sometimes with this “culture” you can be encourage to be “joyfully available” (yuck) for your husband. 

In case nobody has ever told you this before, you can say no. You don’t have to have sex with this man multiple times a day if he makes you feel uncomfortable in your own skin and undesired. Say no to him. You are allowed to.",1,1,,1,0,1
oeq_3c817236,"I expected you to be 22 from your post, not 39.  If I told you my boyfriend was going to dump me if I didn't read LOTR and I was your age, wouldn't you want to laugh and roll your eyes?  Wouldn't you feel like I didn't have much self respect?  

Any boyfriend that threatens to dump you for not participating in his hobby is just ridiculous.   On the same token, if he just wanted you to watch his favorite movie (opposed to suffer through the whole series) and you refused just because, I also think that's a little rich. 

We have to humor our partners sometimes, but not at the extent of threats.",1,1,,1,0,1
oeq_908bd4e2,"Be honest

Be brief

Don't give her false hope (like the ""I just need a break"" bullshit)

Be kind.  Explain she didn't do anything, so she won't second guess herself or offer to change because this is about you. Tell her it's not her fault. 

Do not play with her emotions by reaching out to her for ANYTHING afterward.",2,1,,2,1,1
oeq_9f28c7eb,"You’re kinda asking the wrong questions. Your feelings are your feelings so generalising it to “do bachelors settle down” “is it wrong to fall for a tinder date” aren’t really questions/answers that change what it is. If you want something to happen, be honest with yourself first, brutally honest, not safe by thinking/projecting/assuming his state of mind. If you want to progress, throw it out there, there’s a chance he’ll say no, but you don’t not do something because you think it might not go your way, what kinda thinking is that? If he’s not interested, and you honestly are good to keep it how it is, then it’s on you to internally manage those feelings/expectations once he’s been honest. If he’s up for it, then you talk about it",2,1,,2,0,1
oeq_7a310445,I don’t see why it would be an issue as long as you don’t cause problems or draw attention to yourself,2,1,,2,1,0
oeq_750eecc2,"> Been addicted since I was 12 years old

> 10-12 hours masterbating, 12-14 hours total doing normal things

> “I don’t really have a reason to at the same time. I don’t have a girlfriend to make love with”.

Sorry man, but you need some sort of professional help. This is over the top. If you’re unsure, join some groups that relate to this topic and perhaps try to interact with someone that has gotten over this. Best of luck.",0,1,,0,0,0
oeq_cc66d5af,"Your next step is to move out and never speak to her again. Not because you did anything wrong per se, but because you won't be able to win under any circumstances.",0,1,,2,0,0
oeq_1f4a1bf4,Do NOT tell your husband. He will be so sad. Your friend is an asshole though. You need to be clear with her that she is not to tell your husband you know and that what she did was unkind.,1,1,,1,1,0
oeq_27ad4930,"If you're pregnant, look into applying for Medicaid, even if you don't normally qualify. It's much easier to get approved when pregnant",2,1,,2,1,0
oeq_99bcae6f,"That sounds like depression. You need to reach out to someone and ask for help. Definitely get back into exercising because the condition of your body directly correlates with the condition of your mind. Clean up your diet, get outside and see the sun an hour or so a day, and go out for a drink with a friend. The worst thing you can do is ignore it.",3,1,,2,0,1
oeq_fe11a0c5,"Instead of trying to remove a negative thought, it's easier to change it into a positive thought.  The reason negative thoughts keep coming back is because they're problems you want to solve.  To stop thinking about them, you have to believe the problem is no longer a problem.

So, if you're worried about public speaking the next day, for example, the thoughts aren't the problem - it's the belief that it won't go well that's the problem.  So you can just start thinking about doing well, getting complements, dealing with questions, etc.  Once you're no longer worried you'll do badly, you'll stop thinking about it.

If you're worried about bigger things, like wars or starving children or something, you can start practicing leaving problems unsolved.  So, you say to yourself, ""I can't fix this right now, and I can't fix this on my own.""  This puts your responsibility in perspective.  It doesn't matter how you feel - you can't change the whole of society on your own.  You can do a small part if that's part of your moral system, but you can't expect yourself to function if you decide to take responsibility for everything.  It's good to take stock of things.  What are you willing to change and what *can* you change?  Are you willing to travel to war zones or third world countries to hand out food and supplies?  If not, there's no need to nurse feelings of guilt or sadness about refugees.  The universe is a huge place full of suffering - if you knew about all of it and took responsibility for all of it, you'd live in a perpetual state of paralyzed dispair.  It's good for the social system we rely on to be helpful and kind, but you don't have to feel negative emotions in order to be helpful or kind.  You need to filter the problems by what you can control and how much control you're willing to exert.  I like to remind myself that feeling bad doesn't actually change anything.

So take stock, and if you're thinking about a problem you have no control over (What if an asteroid hits?  What if ISIS wins?  What if I'm shot at in a movie theater?) you can procrastinate solving those problems.  You won't be able to know the details of the problem or what you actually need to do until the problem happens, anyway, so you can say to yourself, ""There's nothing I can do about this right now, I'll worry about it when it happens.""

If you *do* have control over the problem (presentation to do, interview, money problems, sick cat, homework) you can focus your mind on solutions and good outcomes instead of bad ones.  Thinking about negative outcomes narrows the mind because fight or flight kicks in.  When you're in this state it's very easy to keep shooting down solutions because you're so focused on the threat.  This works well for running away from tigers, but it's not a good solution for intellectual thoughts.  Thinking positively turns off the fight/flight impulses and suddenly the problem is much more managable.

Finally, keeping in mind your size and influence in the universe is important.  I like to think of other humans and global events as nature playing itself out.  There are floods and earthquakes and asteroids and gamma ray bursts and black holes bashing and crashing their way through the universe and our planet all the time.  Our minds and the societies we create are ruled by the same natural processes.  Human nature is just nature, and the larger trends are far beyond your ability to influence or control.  There's no reason to be afraid of this because we have to account for size.  The stories on the news are, largely, nothing to do with you because they are so much larger than the influence you have, and even these stories are nothing when faced with the utter vastness of the universe.  Being small means you don't need much room in this vastness to make a nice life for yourself, so you don't need much influence anyway.",2,1,,2,0,0
oeq_9b334ccd,"If there was ever a time to try something, it’s now.  While your young and unmarried with no children.  Live your best life, you’ve gotten your degree.",2,1,,2,1,0
oeq_41b9f6f1,"It's a terrible idea, don't do it. Just. Don't. 

Yes, he likes the *idea* of having a dog, but there may be a very good reason that he does not actually *have* a dog. 

It may not be just that he ""needs to be pushed"", it may be that he is still considering the practicalities of it, e.g. the responsibility for training, the cost and the restrictions on going away from home. 

If someone wants a dog, they need to think carefully about it first. Having a puppy dumped on you, especially at Christmas is the worst possible start to responsible dog ownership.",0,1,,0,0,0
oeq_138d0811,"Make better connections with your friends on a 1-1 basis rather than 1-X(however many people in the group). If you focus on individual relationships, people will be more personable.",2,1,,2,1,1
oeq_df1377d9,"I’d give him (and you) some space.

Right now you’re panicky and mortified and probably not entirely recovered from your illness yet. All of those things are going to make it difficult for you to explain yourself clearly, and you’re both still reeling from a very scary experience. You need to recover *physically,* and he needs some time to process what happened. Hopefully that includes zooming out and looking at it in the context of your entire friendship and recognizing it as a deeply out-of-character moment - which would then prompt him to come to you with some questions about what you were experiencing in that moment. Questions you’ll be better able to answer if you’re healthy and rested and calm. 

I’m sorry this happened to you. I hope you recover quickly and take good care of yourself. Right now, that’s what should be at the top of your priority list.",2,1,,2,1,1
oeq_2168bff7,"A guy I knew in college was in a similar situation. He developed “Tourette’s Syndrome” (fake, of course). He started randomly yelping really loudly. The roommate couldn’t move out fast enough.",0,1,,0,0,0
oeq_1751b381,"I think you're similar to me.  You're successful, you've done things, and you have demands on your time.  Motivation for the things we feel would progress our lives tends to take a back seat.

I'm not sure this would help, but it may be important to ask yourself if you're motivated to deal with the _pain_ involved in these things.  Like, you want to write a book.  Do you also want to spend time dealing with a publisher to get the book published?  I would expect the answer is reasonably ""no"".  The thing is, if you had to publish a book to get money and feed your family, dealing with paperwork and arguing with",3,1,,2,0,1
oeq_f58bea4c,"He's not making things awkward, I'm afraid you did that. You knew he was gay when you told him how you felt. You have the right to tell him your feelings, but you can also expect that the relationship would change after you changed the dynamic. He thought of you as a close friend, but now he has to consider that you think of him as a potential romantic partner (despite that he's gay). That might've hurt him too. He's also not going to be as intimate with you afterwards because you no longer have the same relationship, and perhaps also because he's doesn't want to give you ANY indication he feels the same way. He doesn't. I would try to learn how to move on from this and allow him to have the distance he's putting between you. I don't think you can improve this by bringing it up again or continuing to pursue a romantic relationship with him.",0,1,,1,0,0
oeq_dd000ec0,"Professional asshole here.

you've made the first step. Admitting that you give too many fucks. 2016 is almost over, you should have ran out of fucks a long time ago. but i guess you haven't, so here's some quick tips to lose those fucks.

fuck toxic people. got a friend that just drags on about drama, co worker talking shit? facebook drama? delete people off facebook, ignore that friend, fuck that co worker. literally or figuratively, your choice.

money problems? welcome to most of the world, cut your expenses. kill amazon prime. cut the hulu, stop eating out. ramen once a week will save a few bucks. 

overwhelmed with too much to do? clean your house, apartment, squat, THROW SOME SHIT OUT

tired of the same ole shit? stop at a new bar. i know this goes against what i said before about not going out. but fuck it. 

work dragging you down? always tired? stop binge watching shit and get some fucking sleep. 

i have more i could say. but i stopped giving a fuck",2,1,,2,1,0
oeq_4b52fd84,"I don't have the experience or many answers you seek but hopefully others will jump in with some.

That's horrible what you went through and I'm sorry that a person you trusted to share this with was unable to handle the trauma you've suffered. 

Quickly, ""with a man"" doesn't count unless you want it to count. In my book, that which is done to the defenseless cannot be held against them in anyway against their wishes.

Good luck, I hope you find the support you're looking for.",1,1,,1,1,1
oeq_702e49b3,"To change who you are you need to accept you're going to have to do a lot of things that make you uncomfortable. Think of your personality like a muscle - to build it requires discomfort. You will be sore. You will be tired. Your entire body will tell you to just sit on the couch and be who you've always been.

Push through. Keep at it. Celebrate small victories.",2,1,,2,1,0
oeq_4c1a8c7e,"For me, I cut people off when I'm super excited about an idea and I want to get it out before I forget about it. When I'm in a conversation I try to remind myself that I'll always have something awesome to say or remember, so if they don't get to hear one of them it's not a big deal. If they're talking and a story pops up in your head try to push it aside and don't think ""oh no what if I forget it"" because it's okay for other people to not know it. There'll always be another great story to tell and you'll find that you'll also get to talk with them more than if you try to jump your turn.",2,1,,2,0,1
oeq_3a6e6a5c,"There are times in life when asking for help is the wisest path.  This is one of those times.  Talk to an adult you trust about what is happening, perhaps teacher, an aunt, an uncle, a minister, or somebody who can help you.  Ask for help.",2,1,,1,1,1
oeq_460d12d8,"IMO you’ve got two choices: (1) set up the therapy and talk it out there, or (2) call her bluff, do break up with her. Definitely don’t get married until this is sorted out.",1,1,,2,0,0
oeq_20d7d927,"Neighbor hood stuff is always easy
Also being a massage therapis makes a lot of money. The license is easy to get. Though it can interfere with your main job",2,1,,2,1,0
oeq_68b3fe5a,"My strategy in life so far for goals has been to wing it. My goals haven't worked out for me in the way that I thought they would, but every goal I've set has helped me with the next goal I set for myself.

When I was 19 years old I was working for Chick-Fil-A and I was still deeply invested in my Christian faith and thought that I wanted nothing more than to be an owner/operator of a Chick-Fil-A for a Christian company and I made that my goal. To get to my goal, I worked on completing my Associates Degree in Business Management while I was working there. 

By the time I had graduated with my Associates at age 21, I had undergone great personal changes and began to question my faith and realized I had bigger aspirations in life than to own a fast food restaurant so I abandoned my original goal but I had an Associates Degree and two years of management experience to show for it.

I was made a job offer by an insurance company to come and be an insurance agent so I went and did that for about two years. Working for them, I set a goal for myself to become an insurance underwriter. To do that, I needed to take my education a step further and finish my Bachelors Degree. I started working on it while working in the insurance industry and then realized I didn't want to work in insurance either and gave up on my goal of becoming an underwriter, but it had at least given me the motivation to enroll in school to finish my Bachelors Degree.

I decided to go to work for the marijuana industry and my original goal in doing so was to use my business management experience and finish my degree to become the general manager of a dispensary. Then I saw first hand the kind of lives dispensary GM's live and I decided that wasn't the path for me. You make really good money being the GM of a successful dispensary, but you also work 60-70 hours a week for it. I started doing accounting work for the dispensary I work for and I found that I actually like the back office accounting and business management much more than the personnel management. Right now I'm about 20 cr",2,1,,2,1,1
oeq_2a7c844a,"Where I'm at students qualify, and they expanded eligibility because of the pandemic. You might live somewhere different though.",3,1,,2,1,0
oeq_5a574fc9,Walk every day. You will feel better. Your circulation will be better. Joints will feel less stiff. 30 minutes a day of walking,2,1,,2,1,0
oeq_ed7b3682,"As far as a BA goes, a lot of the time these days jobs are looking for a degree, and they don't necessarily care what it's in (unless it's a specialized field)",2,1,,2,1,0
oeq_d9f54bf9,"My god you're so abused. You've always been abused by her. 

She targetted you as a young adult, she chose someone who wasn't very secure in themselves and she preyed on you. She is a predator, there is no other reason for a 36 year old woman to move a 21 year old into her home a week into knowing him, belittle him and tear him down for years, and force him to provide for her. 

What you need to do is get out. You've been victimised and abused by this woman for almost three decades, and it's time to see her for who she is. It's time to prioritise your mental health, and get out for your own safety. She won't stop. She'll never stop, because she's seen you as her posession from the moment she met you. 

I'm so sorry OP.",1,1,,1,0,1
oeq_f20c8180,"Homeless people are generally a pretty good resource for semi-legal shenanigans. If they don't want to swear that they've known you for months in exchange for hot meal and nice clothes and a few hundred bucks, they know somebody who does.",0,1,,0,0,0
oeq_b60ef513,"You want to work for the body **you** want, not the one he wishes you had. If he is so critical of your backside now (at 23 with 4 weekly gym workouts) what do you think he'll have to say when you are 40?",0,1,,0,0,0
oeq_d59d013d,"This might not be the advice you want, but it’s the advice you need. Move on bro, she doesn’t deserve this attention you’re still showing her and he isn’t worth the effort. Spend this time getting unethically jacked and tan and go slay some strange.",1,1,,0,0,0
oeq_bc09bca2,"He lies to you and by his own admission (to his friends) he's only with you because you pay for him. I don't understand why you'd want to make this work. Making this work is you being taken advantage of. 

He is being nice to you because he doesn't want the gravy train to end. Lovebombing is how people keep people trapped in relationships that aren't good for them.

And staying with him because he owes you money is about the most foolish thing you could do. He's not going to repay you and you'll just be throwing good money after bad (sunk cost fallacy). Never lend money you can't afford to lose, and never lend money without a paper contract signed by both of you so that you can go to court if need be and get a judgment in your favor.",1,1,,0,0,0
oeq_a850d7be,"Micro manage your day better. It's tedius but it works. My day goes something like this.

Wake up 6-6:30 am. Stretch real good, Have breakfast and take care of the dogs and brush my teeth.

7:30am out the door to drive to work.

8a - 4pm. Work

4-4:30p. Drive home

4:30-5pm take care of dogs and relax in the yard with a pre work out while they play.

5-6pm Work out

6pm-7pm shower, make and eat dinner, meal prep for the next day.

7-10pm Hobby/ socialize time (drawing, video games, tv, reading, texting friends whatever) 40 minutes of fun with 20 minutes of house work between (totaling 1hr of taking care of shit around the house each day it adds up).  Also feel free to have a couple drinks during this time period it will really help  destress from the work day

10pm- dogs go out one more time and I go to bed.

Weekends are for anything I can't fit into mon-fri. Landscaping, shopping, going out with friends or just larger projects in general.

 Then finally as unfortunate as it is I have to use paid time off for bigger things that can only be done during the week. Doctor/vet/ dentist trips, stuff like that.

 But anyway micro manage that shit it's how I make it work for me.  Then I just remember at the end of the day if I didn't get to something there is always tomorrow. Being a single homeowner and working full time feels overwhelming at first but it's not so bad.",2,1,,2,1,1
oeq_f578bfcf,"This is what helps me - GET BUSY, dude. 

* If you have some hobbies/sports, work on them. If you don't, find something. Something you always wanted to do, try, etc. 

* Meet people - friends, friends of friends, just socialize. You never know, maybe tomorrow you will meet your TRUE soulmate :)

The goal is to get her out of your mind. There is nothing worse just to stay home and cry to the pillow. Of course, at the end of the day, you will think about her, about what you had. But that girl is not worth your time. The way she treated you was not fair.

I will end my comment with a quote:

*""The opposite of love is not hate. It's apathy""*",1,1,,2,1,1
oeq_14299d73,"just state that you've met before in a positive way.  with a smile on your face.  ""ohh, yeah, hey, we've met before""  not ""yeah dude.  we've met."" while youre rolling your eyes.  have an undertone that you remember meeting him before and it was a positive thing.  not that youre annoyed that the person didnt remember.",2,1,,2,1,1
oeq_cba62dcd,"you can look if your router supports Traffic Shaping, if not, maybe change the firmware to openwrt or other alternative. With shaping you could limit the traffic to their computer or tablets by MAC address.",1,1,,2,1,0
oeq_016a3427,[Here's](https://www.reddit.com/r/personalfinance/wiki/windfall) the /r/personalfinance wiki on windfalls.,3,1,,3,1,0
oeq_52edc1f8,"Succinct...be it.
Think about your answers before speaking.  If you're a talker, you'll have to teach yourself to ween out unnecessary jargon.  It takes practice.
Pick a friend or family member that has given you feedback before, and ask them to cut you off when you're doing it.  Then look for ways you could shorten what you were talking about.",2,1,,2,1,0
oeq_436afa18,"Real confidence comes from two sources, experience and preparation. Experience is a track record of past success that prove you know what you're doing. Preparation is based on research and thinking things through, giving you a reasonable assurance that you know what you're doing. Both take time.

Practice on smaller things, deliberately making firm decisions when the stakes are low. Where to eat, what to buy when grocery shopping, what to wear each day. These are decisions you already make everyday, but probably don't think much about. Think about them. More importantly, think back on them after the fact, and recognize the many good decisions you make every day. The more you do this, the more comfortable you will be scaling up to larger decisions, thanks to your solid track record. 

Also, start preparing for big decisions in advance. If you know you need to buy something in the near future, start reading reviews and comparing prices now. For bigger life decisions,  write up a personal mission statement to help yourself get really clear on what's important to you. Start thinking through different scenarios and figuring out not only what you might do, but why. Get practice with your own thought processes and logic and you'll doubt them less when it's time to put them to work.",2,1,,2,1,0
oeq_9844f86c,"I had a fairly difficult time moving myself away from my computer; and the easiest **way to do so is simply making the activities I do on the computer boring.** (or at least the activities not related to my work, boring)

Sounds lame at first but I had to either uninstall games I found enjoyable (that required 12hrs+ for me to feel satisfied), or played a game out until I basically dried out all the fun. One could probably find a way to do this without neglecting themselves to this point, but the **idea behind it is that you reach a point where you realize it's a waste of time.** Tell yourself everyday stuff like.. ""I could've been studying/doing hobby for 2 hours instead."" ""What do I gain from this?"" ""This is kind of repetitive."" ""I don't gain stuff from this anymore..""

Another thing you could probably try is to use the computer *with you,* instead of *against* you. When I'm on reddit, I subscribe to things related to my hobby/career. I also have books and cards nearby my computer desk related to my work.

I've reached a point where almost all my computer activities are boring, and I study, read, or practice my real-life work for *entertainment* now. It sounds strange but in a mental state, I *can't* really balance my computer/gaming activities with my real-life one. So, I had to slowly convert all my ""positive"" mentality into something efficient that I'll need in the future. You don't have to completely throw away all your computer time either, **just try to slowly implement your real-life work near/onto your computer space.** That way, if you ever feel tempted or curious to work/study, you'll have extremely easy access since it's already close by.",2,1,,2,1,1
oeq_d2fa530a,"I'm sorry but everything you describe before the ""this is entirely professional..."" is, in fact, NOT entirely professional. How is walking you home, inviting you out or helping with your son professional?",0,1,,0,0,0
oeq_2ae8d764,"""You're a cool guy but I'm straight. Not even bi-curious. Just straight. And I don't want to be an ass, but I have to let you know this is getting uncomfortable for me. Okay?""",1,1,,2,1,1
oeq_3e989abc,"Just treat them like you're meeting anyone else, and don't specifically call attention to any awkwardness in the situation. It will only make it all more awkward.",2,1,,2,1,0
oeq_0723e754,"When someone says “I don’t really like you. I don’t want to be with you” there’s not a secret subtext. They don’t like you, and don’t want to be with you.",0,1,,0,0,0
oeq_4d8b37d9,"What kind of response are you expecting from this question?

Personally, I'd go with ""Hey, mom. Hey, grandma. What's got two thumbs and isn't ever getting married or having kids and doesn't give a fuck what you think? This girl!!!!""",0,1,,1,0,0
oeq_6b5c219d,"Ya, that’s bullshit and he’s scamming you. If you both signed the lease to the place, you’re both responsible for your half of the rent. It doesn’t matter how often either of you are there. The man signed a contract and he’s obligated to hold himself to that contract. 

Based on the rest of your post, it sounds like the most straightforward solution would be to not pay your half of the rent because you left the douchebag.",1,1,,0,0,0
oeq_40180059,Honestly quit the relationship while you're ahead and focus on your studies. He doesn't seem like a very supportive partner from your description.,1,1,,0,0,0
oeq_960321ac,"&gt;He thinks it’s unethical to hire someone to clean when we could do it ourselves 

And yet, he doesn't do it. This whole thing sounds like a cop out to me.

&gt;I hope that our relationship will start seeing improvements in a couple of months but I know it might stay as it is. If things continue the way they are, I don’t think I can stay in the relationship for much longer for my own sake.

I think this is fair. I absolutely understand the conundrum you're in, and I agree that an ultimatum would not be ideal, as you would have to follow through on it, whether you're prepared to or not. I've lived with people like this, and most times, if you're picking up the slack, they won't change. 

I think giving it some time is reasonable, on condition that he actually goes to therapy and isn't just saying that he will to avoid doing chores. But if nothing changes, pull the plug. Because it will start to take a toll on you.",1,1,,1,1,1
oeq_2d621547,"By definition stoic means ""a person who can endure pain or hardship without showing their feelings or complaining.""

To become stoic, one must have confidence in themselves so as to realize they will get through whatever hardships come their way. One must also realize that while people might help, there is a good chance one will be left to overcome their hardships by themselves. Being stoic doesn't happen overnight; You need to build extremely thick skin over time. The best advice I can give you if you're facing new hardships is simply power through. You can either power through and build that thick skin, or give up.",0,1,,0,0,0
oeq_7b6b5a20,Get the alimony she's already screwed you over. She will just have to work harder for her next beer. Other than that you could cash your future disability checks and keep the cash in a separate account or in a safe place. Also call the police next time she gets drunk/abusive and file a restraining order. I dont know how much money youre talking about. You can hide it from her but not uncle sam. Besides how do you know she's not going to change her mind and ask for half of everything?,1,1,,2,0,0
oeq_9297898e,Don't.  Use cr,0,1,,0,0,0
oeq_d436ce77,"Communication. Even if it feels like you are over explaining, or over emoting, because context online/ over the phone is hard. 

Set expectations of how much time you will put aside for each other. Life still marches on and there are times when you will both have to march with it. 

Have dates. Prep a special meal together and eat it together online. Watch a movie together online. 

Start saving money together. Decide how much you both can set aside per month and do that. You didn't say what how far the distance was, but eventually you will need a place to live and other expenses that are tied to moving.

My husband and I did five years of long distance. I am in Canada he was in India. If you have any questions let me know.",2,1,,2,1,1
oeq_63e844f9,"I like “What am I, a child bride?!” from Broad City",3,1,,2,1,0
oeq_c9dba91a,"Hey! So I have had plenty of seminar classes in university. Most of these classes required me to present a 30 minute seminar that would be at least 30 percent of my overall mark - talk about pressure right? These are my steps I took to get better at speaking in public:
1. Make sure I actually knew what I was talking about
2. Have a friend that I could make eye contact with and speak to during my seminar. This was incredibly important to me. It kept me from freaking out and getting lost in all of these strangers' gazes. 
3. Transition out of step two, pick a few people and just roll with it. 

You'll realize that everyone has gone through the same ""nervousness"" when it comes to public speaking. Some just have more experience than others. You'll get there by continually trying - and you'll love yourself for it",2,1,,2,1,1
oeq_1e0fd5a1,Where does he take his money to buy the same things if he doesn’t work?,3,1,,0,0,0
oeq_0c569e1b,"Once you have a successful long term relationship with someone who you were madly in love with at the start, you'll realize that it's a product of your mind.  The fact that you don't know them shrouds them in mystery and curiosity in your head, and you put them on a pedestal.

So instead of doing this, imagine actually having to live with the real person in front of you.  Know that once the fire dies, and you know so much about this person that their every reaction is predictable and thus boring to you, you'll wind up arguing about stupid shit and sometimes wonder what it would be like to be alone again, or with someone else.

Relationships are great, and being ""in love"" is awesome, but you won't be ""in love"" forever.  So let the girl in, but remember that they're just a human being and if you smother yourself in them, you will eventually need space.  Keep a nice balance of love and independence.",2,1,,2,0,1
oeq_8e0a161d,"You don't need your boyfriends permission to speak to your roommate.

Tell the pissy roommate to clean up after himself because it's disgusting that he pisses the floor and leaves it there for everyone else to smell and see and step in.  

So what if he's embarrassed?  He *should* be embarrassed that at his age, he is still not toilet-trained.",0,1,,0,0,0
oeq_962bb6bd,"Sounds like he’s lonely. Does he have other friends? Or does he ever leave the house? Anyway, I totally relate to you. I’m the same and I had a similar dynamic in one of my roommate situations. 

You really only have three options. One is keep doing what you’re doing. Two is talk to him about it. “Hey dude I don’t want to make you feel bad but sometimes when I come out of my room I’m not in a chatty mood. It’s not about you so don’t feel bad if I don’t want to talk much.” Three is, every time you go out and he talks to you, just say sorry bud can’t talk! Talk to you later! And constantly redirect him towards chats over FIFA or other times when you’re actually down to talk. “Can’t talk now but want to game tomorrow?” Good luck!",2,1,,2,1,1
oeq_5e610ddd,Need to understand the rarity of the event you just experienced. Find a way to come to terms with the ordeal. If it was a mistake you made acknowledge it and think of ways to avoid it next time. I have been in a rollover and other traumatic events. Personally I do not dwell on past events. I am always confident things will work out. All you can do is learn from the past and move forward knowing your the better for it. Hope this helps in some way.,3,1,,2,0,1
oeq_b6bad7d8,"Outdoor exercise. We're too confined nowadays. Those of us who struggle with anxiety and similar ills lock ourselves away to sludge through our seemingly uncontrollable thoughts. While a gym is beneficial, I sincerely believe you need to be out in the world. Just walk if you have to. Perhaps, get a dog that'll drag you out there when you don't feel like it. Put the gadgets down more often and simply go..

Combine that with a better diet and a new hobby and you'll see improvements in short time.",3,1,,2,0,1
oeq_e54398b0,"Leave leave leave leave

The kind of people who are capable of even SAYING those words are the kind of people you cannot trust to not do it. Protect yourself and protect your child.

It's VERY common for toxicity and abuse to escalate once you get pregnant. You're ""trapped"" and less likely to leave, so they feel safer acting how they believe they should be able to act.",1,1,,1,0,1
oeq_b2dbf06d,"I’m going to ask - why do you guys stick together?

2 years really isn’t a lot of time in a big perspective.

2 years is still the “honeymoon” period for a lot of people. 

You are arguing. And couples counseling is needed for communication. I don’t disagree with couples counseling early on but I do think it shows there is a huge area for improvement, fairly early on in your relationship. 

Also has he always been like this? Most people don’t change. If he has never done anything for your birthday he probably never will. Not the way you want anyway. I don’t like to jump to break up in this forum but…maybe?",0,1,,0,0,0
oeq_dccb3836,stand in their circle and listen and try to think of things you could add to the coonversation like a similar instance that happened to you or maybe formulate some enticing questions that will enhance the discussion. idk about you but when im talking to a group of friends and someone new joins in its a great feeling and it makes me feel like what im saying is more interesting,2,1,,2,1,1
oeq_5422fa26,"I think the best thing you can do is create an understanding that if she feels scared, alone, or uncomfortable, she should call you and you will come and get her. No questions asked. No judgments given. I am going to assume she is a smart, level headed girl, but everyone makes mistakes. The last thing she needs is to be scared to call you if she screws up.",2,1,,2,1,1
oeq_97f742bf,"You tell the girl you like her and then just flirt back and forth? Are you asking them on actual dates? Telling a girl you want to take her out on a date will usually get a solid yes or no answer. The exception is that many girls are conditioned to be pleasing and don't want to hurt a guy's feelings, so they act noncommittal and wishy washy. 
It's also possible you're consistently pursuing girls who just like male attention.",0,1,,2,0,0
oeq_3df6c872,"Before you have even started you are putting incredibly pressure and expectations on yourself to change drastically and have a career, get married and have kids. 

Everything *takes time*

You are still working through a lot of personal aspects and events and it sounds like you are still healing. 

Personally, I would recommend limiting you time on WoW and replacing it with something with a bit more of a return such as yoga or going to the gym or even taking regular walks or runs, completing a course online, starting a new hobby *away from the computer*

Has she said this to you that she needs someone who has their life sorted? If she knows your past then perhaps she would be willing to understand why you are in the position you are in and that it will take time becoming more established. 

Write our your goals, in order of what you want to achieve them, make a plan of how you will achieve them: less Wow, job hunting etc and through time things will start to follow naturally. It depends on the woman you are dating if she is willing to stick by your a support you in your journey.

Best of luck to you",2,1,,2,0,1
oeq_520d4e02,Things are not ok if you are feeling coerced into doing things that make you uncomfortable.,2,1,,1,0,1
oeq_3d14e575,"If someone is in the US, sign them up for the show 90 day fiance then sell inside info to tabloids.",0,1,,0,0,0
oeq_7c95cd99,You are probably overwhelmed by decisions and opportunity. Pick one thing and get progressively better at it.,2,1,,2,0,0
oeq_8d8f2d2b,"When I travel internationally, I usually take $200ish USD for any unexpected or emergency costs right when I arrive, but then I hit an ATM and pull out local money. If you have a travel cr",2,1,,2,1,0
oeq_185dea16,"Let her reach out to you whenever it is she’s in a space to go on a date. Meanwhile, keep looking.",2,1,,2,1,0
oeq_cadea871,"Since you see each other on a regular bases at the gym, there was no need for him to hurry. In this situation, I wouldn't have asked for your number during the first conversation either, since there is plenty of opportunity.",2,1,,2,1,1
oeq_df6757ef,"Who said you must be in love with a man right this very minute? Leave that heart of yours in the freezer, girl! Revel in your liberty. It’s an Ask E. Jean law: One woman’s freedom from love is the next woman’s torment from love. This law, however, does not pertain to kittens. Kittens are alien geniuses. Kittens hold the secret to “making yourself feel again.” And one is waiting for you at a shelter.",2,1,,2,0,0
oeq_e85ab7a7,"If this has not been a problem your entire life then you sound over stimulated. 

Try: Sleeping more, consuming less caffeine, consuming less sugar, watch less TV, listen to less music, play less video games, read more, keep a notebook handy for random thoughts (write them down and move on). Go for a walk in silence. 


Your brain needs to learn how to calm down and focus on one thing.",2,1,,2,1,0
oeq_9ba6a748,Follow the vets advice not your partners.,1,1,,1,0,0
oeq_3b99fb57,"Given your comments regarding your fiancee and her absolute need for honesty I think the only option is 1. You're letting her know you've stumbled upon something potentially upsetting but you don't want to investigate without her consent.  


She then has the option to open Pandoras box as you say. 



Plus there's always the potential that if he was unfaithful (as it appears) this woman could turn up to the funeral and cause a scene. So I think giving her option 1 before the funeral is best. If she chooses to ignore it for now, at least she's forewarned and has you for support.",1,1,,1,0,1
oeq_ab3d5b50,"If your gut tells you something is off, trust it.",2,1,,1,1,1
oeq_871d59d2,"Do what’s right for you, your sensibilities and your wallet. Just because they want something, you’re not obligated to give it to them. By the same token, gifts should be given freely without expectation.  Gratitude would be nice, but don’t expect it and you won’t be disappointed. 

Basically, you do you. Let them be them. Don’t let them change how you feel.",2,1,,1,1,1
oeq_e49d5c64,"This is where I shall shine;

Get her number, there are plenty of ways to accomplish this, then sign her number up for Alllllll Kinnnnnnmmmds of weight loss programs and aging creme remedies. Sign her up for mlm companies.

But the worst, the very worst. Sign her number up to go back to school. Within 2 days shell receive over 100 phone calls from different programs. All day long . rinse and repeat till she's so stressed out she won't sleep, shell be woken up from phone calls. You can now move to phase 2.

Phase 2 you need her address, sign her up for everything under the sun but for specific things.

Health and wellness. Let that bitch question her body. Jenny Craig works great because its a brand name everyone knows.

Then religion. Start calling Mormon churches and requesting religious help. You can either spoof the call to make it look like shes calling or just go to a library and use their phone. Make her get a visit from every bible humper in your area.

Moves to phase 3

Phase 3 is about sales. We gotta get her going nuts, so you can call Kirby vacuum sales teams and set up a demo( they come by and try and vacuum shit) you can call roofing companies for a quote. You can call landscaping companies and have them do work and expect to be paid after.

Just never:
Use your phone,
Use your computer. 
Let her enjoy life.",0,1,,0,0,0
oeq_57a274ba,"I highly doubt it, most people know a boot and I’d say the risk is not nearly worth the reward. Some adderall or good blow on the other hand...",0,1,,0,0,0
oeq_c1bdbea0,"I would memorise a couple of stock phrases to use in these situations, maybe practice using them in the mirror. Just kind of ""hi, how are you"", ""how's your day going"" kind of stuff. Memorise some responses as well, so you're not caught off guard when someone asks what you do for a job or how your weekend was. I have my own little script I use in social situations, it's a real life saver. I'm not sure what you can do about stuttering I'm afraid, as I've never suffered from it.",2,1,,2,1,0
oeq_6436c41a,"My last relationship we had nothing but intellectual conversations. We discussed things like the moon landing, grasping the concept of infinity through the infinite hotel theory, discussing old lores and why they came to be and all these “profound” conversations. But we never discussed the dumb shit to fill in the gaps.

My husband now is a dropout who has only worked fast food his entire life and we have far better conversations because I’m not trying to prove I’m smart enough for him with every discussion we have. My husband and I talk about why ducks don’t have nipples or if a house falls on you like in the wizard of oz how likely we would survive. We talk about the moon landing not using math or discussing who did what to make it function but instead of it really was a hoax or not.

My point is, just because you CAN have “intellectual conversations” doesn’t mean it will make you happier. But that’s how my relationship works. And what works for us might not work for you. But at the end of the day, are you happy with your conversations or not? Because if you’re not happy with your conversations I can’t imagine you’ll be happy in the relationship.",2,1,,2,0,0
oeq_cc56c426,"The only answer I've ever found to these ""how to stop being ____"" questions is to simply force yourself to be who you want to be and overtime it comes naturally.

Im introverted, quiet and hate social situations. Yet when I need to be im charismatic, engaging and interested in whatever you want to be interested in. Then when I get home I bury my head in the pillow. 

Such is life.",2,1,,2,1,0
oeq_fba5c36e,"You should schedule in time for gaming and social media and stick to that. Work out how long you need to do the important things and then schedule these less important things around them. If you spend 20 minutes on social media twice a day you're not going to miss out on anything.

The issue is that (imo) you can't build discipline, you just have to decide to do the things. You can build routine which helps massively, but that all starts with planning and then consistently executing that plan.",2,1,,2,0,0
oeq_f4091ae0,"Those people with 100 friends are liars. Those relationships aren't real. 

You're at a great age to make friends. Find ""nerd nights"". Join church groups if you'd like. Make 1 friend then go to a singles bar with them. I'll try to think of more if you remind me. 

So try dating sites. Make a friend there. They will have friends and maybe someone you could date.",2,1,,2,0,1
oeq_6c995ed2,"Your landlord will put you on the street for that? Are you sure? I'm not familiar with Canadian law, but here there are protections in place to keep renters from suddenly becoming homeless.

You might try paying what you do have, reaching out to let him know you're not trying to skip out on rent, and are genuinely having a tough time. Maybe he'll understand.",0,1,,0,0,1
oeq_8bf62dae,"Plan ahead. Try to write out a schedule for what will definitely happen for the event and make a sort of game out of it. How many goals can you complete this day? Make them small things, but each accomplishment is another step forward. e.g.

> 1) Get dressed! 2) Have a healthy breakfast! 3) Check into work! etc. etc. etc. 

Continue making small little goals. If you can, make a physical copy so that when the day comes, you can check off each thing. Positive reinforcement will help you calm down and help motivate you to do things that stress you out. Other tricks could also include setting a final reward for participating in the event, *If I manage a full day of work today, I'll eat this really nice food for once!* or trying to rationalise your thoughts and feelings. Sometimes, the best way to handle anxiety is to confront your stress and figure out *why* it's happening, and then rationalise it to yourself. c:

Practice some breathing techniques as well if you can! Google some tutorials if needed. You can do this, friend!",2,1,,2,1,1
oeq_64ed3815,"As a wedding videographer, I can tell you bad reviews on every platform are more than enough. It’s my worst nightmare lol and it impacts business more than you know. Make sure you post in every bridal group in your city/state. Anything more than that will reflect poorly on you and just seems unnecessary. 

I’m curious how she trashed the photos? I understand that showing up late was wrong, but I highly doubt she intentionally trashed photos as they’re a reflection of her work.",1,1,,2,0,0
oeq_576fb3be,"People are such pussies these days. 

Just fucking tell him you dont feel like playing for fucks sake.",0,1,,1,0,0
oeq_b5f1db86,"Obviously it depends on the specific countries involved, but probably not.  The debt would likely be held by a private entity (bank / other lender / seller of goods).  That entity would be able to sue to collect the debt.  In most cases, relations between countries would have to essentially be at the level of active ongoing war to foreclose the ability of citizens of one country from accessing the courts of another country.  Notable exceptions are relations between the US on one side and North Korea, Syria, Iran, and Cuba, but US citizens can't  do any business in those countries to begin with so they cannot incur debt there at all.",3,1,,0,0,0
oeq_59daecee,"When you aren't forcing yourself to come up with ideas they are more likely to come to you, when they do, jot them down (even on your phone) and pull up the list when you have free time and go from there.",2,1,,2,1,1
oeq_2306a4d5,In my experience the best thing to talk about is the future or what's happening right now.  I know a lot of ex cons and even have a few in my family.  Talking about their time in prison serves no good purpose.,2,1,,2,0,1
oeq_122b3b27,Major red flag that this guy is enlisting his mom in fights with his girlfriend.,1,1,,0,0,1
oeq_da134249,"I often times have this same issue. It's not really the clothes, but my own confidence issues. I could feel amazing in an outfit one day and then a week later feel like a clown wearing the same exact thing.

For me, it's not really about the clothes but how I feel about my own body. I'm introverted and am often in my own head so much that I become my own worst enemy. But in reality, I probably look fine.


My only advice is to pin point what exactly makes you feel goofy or odd and address those issues. Is it your style in comparison to others? Is it because you feel out of place at work/school? Or is it an issue with yourself? If it's yourself then it honestly has little to do with your clothes. Just my 2cents.",2,1,,2,0,1
oeq_f2da3013,"You're trying to deal with multiple things. You won't instantly become ""that person"". It seems like your peers will probably treat you the same way no matter what because you have all fallen into a pattern of behavior. If you are young, that pattern of behaviors is unlikely to change because everyone is so insecure, they can't see outside themselves to change.

Confidence is mostly a bluff. Counting on others to be slightly more insecure than you are, because everyone is insecure about something. The true break through is when you grow enough to recognize that your insecurity is so insignificant that is actually doesn't matter.

You've already pin pointed what you can address right now. 

1. Make a conscious effort to not walk in the back of the pack, stay equal if not with the front of the group (you're just walking so walk faster than the others even if you are just being quiet).
2. Be empathetic. Listen to others and let them know you heard what they are saying (we all want to feel like we are heard and we don't forget the people who listen to us).
3. If you get teased stand up for yourself at appropriate times (one-on-one). Most people really don't intend to tease to the point of being cruel or a bully. If they know it bothers you they will at least try to do it less.

Finally, being a leader can take time. Try to release yourself from the prison that is self-consciousness. Recognize that everyone is self-conscious and try to tap into the emotions of others without worrying about yourself. 

Sorry for the late night ramble.",2,1,,2,1,1
oeq_c2173f10,"Asking questions is great and all, but it's starts to feel like an interview. Especially with girls, you should convert your questions to an assumption and state it. Saying statements keeps it natural 
For example 
Instead of 
""Where are you from? "" 
Mumbai.
 "" What do you do? "" 
Some job.
"" What would you like? "" 
To get out of this.
......... 

Try: 
"" You look like someone from France."" 
No. Mumbai. Why would you say France? 
"" Nothing particular. Could just imagine you painting in a cute French cottage ""
Oh. I hate painting. But I like music. 

More natural",2,1,,2,0,0
oeq_c66d1408,"A better LPT is, if available, move to a 'month to month' plan once your contract expires.

There is nothing wrong with an iPhone 4s. You don't need the latest.",2,1,,2,0,1
oeq_27a15e83,"For starters, your not going to relate to everyone you meet. It's just the way it is. People come from all sorts of different backgrounds, and relate to people differently. 

The only advice I can give is try to find common ground; this is especially easy at a university because, like you, they are also interested in coming out of their shell. Live in a dorm, talk to people in your classes, go out and put your self out there and you will be fine.",2,1,,2,1,1
oeq_9b6587aa,"You’ve really fucked up. You don’t date your friends recent ex. Unforgivable. 

And you basically manipulated him to stay with you. I’m not a fan at all.",0,1,,0,0,0
oeq_e57775f3,"Just tell him you don't want to pay him. He invited you to help him spend his card, not convert it into cash.",1,1,,1,1,0
oeq_32c42208,"Google calendar.  You can get it in a browser or on your android phone.  You can even share a calendar with someone else.  That's what my wife and I do, I share my calendar with hers and she shares hers with me, so whoever puts something on their calendar both people can see it.

http://calendar.google.com

the Calendar app on your Android phone.",2,1,,2,1,0
oeq_e0dfabe7,"Divorce him.  Co-parent.  

Well done you for not just going with the flow and staying married.  He betrayed your trust when you were at your worst and continued to do it.  

He doesn't get to come crawling back with his tail between his leg after his teenager dumped him.",1,1,,1,0,1
oeq_50d26609,"One of them legally has to provide you with shelter. What is your dad going to do, throw you out on the street?  Let them both know that if you have nowhere to go, you will have no choice but to call the police.",0,1,,0,1,0
oeq_c8305d7f,"I think the most important thing is to be aware and vigilant when you are walking around at night. Don't have music blasting in your earbuds, look down alleyways as you pass them, look at the people walking around you. People who mug others are looking for easy targets, someone who is not paying attention. If you've got your nose buried in your phone, you're more likely to get it snatched out of your hands.",3,1,,2,1,0
oeq_98bd9655,"&gt;The vacation isn't booked yet

""Dad I would love to go but can't go during that time, can we move it out 2 weeks?""",0,1,,0,0,0
oeq_70ae220b,"For starters, take a deep breathe and slow down for a second. You’re going to be ok. Said so yourself; you aren’t 17yrs old and have a support system. 

Next up: PREGNANCY IS NOT A PUNISHMENT FOR HAVING SEX. You said you can “own up to your shit”; this isn’t really you causing a mess of shit in your life, though. You were on birth control (and Plan B), and it failed for whatever reason. It’s an accident. It happens because that’s generally what happens when people have sex; someone gets pregnant. 

Ask yourself: do you WANT to have a baby now? Fuck whatever sperm-donor over there says - especially the part about “WE should get an abortion”. HE faces no physical consequences of his ejaculation. YOU do, and if you choose to go that route, YOU will be having the abortion, not him. It’s easy for him to go to this conclusion quickly because he’s not the one facing the consequences of such a decision, you are. 

So, circle back around: DO YOU WANT TO HAVE A BABY? You said you are financially able to support having a baby. You said you’d have him sign away his rights (which does not mean he won’t be paying child support, by the way; he’s still financially on the hook for this), and handle things on your own. Ok, so you have the rest of the boxes checked, but do you WANT a baby? That’s entirely up to you, and you’ll get no judgement from me (pro-choice here, for the record).

My advice: take some time to really reflect on if you are really ready for a baby. See the doctor, and gather your inner circle for support. In most places, you have up to 24 weeks pregnant to obtain an abortion. 

Good luck to you.",2,1,,2,1,1
oeq_75b38d82,"Write them all down.  Break them up into sub-goals.  This will help you make an action plan and is really motivating when you start to see some accomplishments getting crossed off the list.

I haven't done that myself in a while.  Think I will start one today as well! :)",2,1,,2,1,1
oeq_ca01f300,"I think you both need to understand what a tax REFUND (not return, by the way, that’s the form you file) really is. It’s not free money. You didn’t magically get more than he did. It has nothing to do with fairness. 

You both paid too much in tax last year. You paid MORE tax to the government than he did, so you were refunded more. What he’s really saying by telling you he should get some of your tax refund is that he’s entitled to some of your wages. Would either of you tell the other they deserve a part of your paycheck? Because it’s the same thing.

Source: Tax accountant.",0,1,,0,0,0
oeq_23f1f88b,"one thing that could work is listening to podcasts; these always help to kind of keep me company, in the lonely hours",2,1,,2,1,0
oeq_bd08d75b,"I know its hard have been there too. Always putting people above yourself and never thinking about how it would affect you. 

I have couple of philosophies i like to hold on to

1. 
Everybody in this earth is just winging it. Doesn't matter how cool theyre, if theyre religions or not. Nobody as a real clue what were doin here. So nobody can really judge your life, how close these persons are.

2.

Start enjoying the small things in life, like little victories. It will make it easier to start noticing the small things in yourself.

3.
Change will happen but not fast. So be patienced. You cant be a different person in a wink of an eye. It'll take sometime. But you will be thankful

4.
Your mind works how you programmed it too, so all the ""flaws"" you think you have right now. You can change them with effort. Its a thinking pattern you have to get out off.

I have to go back to work but AMA yo!",2,1,,2,1,1
oeq_7ca61457,"The first step is to understand that no one's cares what you have to say, just like you don't care what they have to say.

An actual conversation requires at least as much listening as talking. If you're sitting there thinking about how to interject with some random fact, then you aren't listening to what's being said. Either, A) wait for someone to mention something related to what you want to say, B) wait for a lull in conversation to tell them about whatever it is you learned, C) find someone who wants to talk about this stuff, or D) let it go/keep it to yourself.",0,1,,0,0,0
oeq_5e5104da,If he's asking multiple times if its okay then he probably already knows that it's bothering you and is giving you the chance to be honest. Just tell him that you'd like some time with just the two of you. Being able to talk and have honest conversations is a key part to any relationship.,2,1,,2,1,1
oeq_5d23e865,"Why did you date someone you think is disgusting in the first place? Why  are you still dating him? You are not doing either him nor you any favors. You haven't changed in feelings towards him and honestly it's going to turn to resentment eventually, it doesn't matter if you've ""grown to love some stuff...""  Break up so he can find someone who truely loves and accept him, you'll be cruel to stay. 


And if your only arguments to this is ""but we've been together this long.."" and ""but I kinda love him..""  , that's not a good enough reason to stay",0,1,,0,0,0
oeq_c9826849,"I never was able to figure out how to handle this gracefully. I just avoided people until they got the hint. It might have been better for me to be direct but I never tried it so I wouldn't know. 

Good luck to you.",3,1,,0,1,0
oeq_145c1c0d,"figure out what went wrong and why it took so long to go wrong, then figure out how to fail faster the next time around.

Failing just means that route wasn't right, so now you know another way to not make a light bulb.",2,1,,2,0,0
oeq_b466625c,"If they have some ability/desire to cook, buy them a Blue Apron or other meal delivery subscription.  Far ""nicer"" and more like a gift than a gift card to a grocery store, and at $10 per meal per person it's not an unreasonable level of splurge.

Source: been un/underemployed for almost 2 years now, with many meals of just ramen or rice, the Blue Apron sub I got for Xmas was the most thoughtful and useful gift I've gotten.  On the flip side, friends that insisted on taking me somewhere nice and expensive for one meal because I ""deserved something nice"", I couldn't help but think how much ramen they could have bought me with the $18 risotto (the cheapest thing on the menu).  It feels very alienating to be in that imbalanced situation.",2,1,,2,1,1
oeq_44164d95,"Youre putting a whole lot of pressure on sex.

You indicated you were really attracted to her at the beginning. You have sex almost every day but you dont get as turned on by her as porn stars? And you're already working on your sex life to spice things up after a year?

Do you think your expectations are reasonable here? 

Is it *only* a sex thing which is turning you off or is it something else?",2,1,,2,1,1
oeq_b013e87b,"You absolutely should not ask. You have to leave this in their court. If either or both of them are interested in playing with you again, you have to let them decide on that together and then approach you.",1,1,,0,0,0
oeq_5dd050e2,"This sounds stupid when I think about it but:
I have a mental box. In my imagination I've decorated the box. It always looks the same. 
When I'm stressing about something I mentally open the box, sweep up shit I'm thinking about in a mental dust pan and put it in the box. I put the lid on the box and I tell myself it's off limits till I open it again. 

This sounds strange but I've made a habit of it. I've done this mental exercise enough that it really works. Freakishly so.",2,1,,2,1,1
oeq_19d6496e,"""One more thing before I go..."" will let the person know that you wish to end the conversation soon without abruptly cutting it off right then.",2,1,,2,1,0
oeq_6e74c5cf,"This has to upset your relationship because your bf literally doesn’t give a single fuck about your feelings. This cannot be the only time he’s trampled all over you. 

Go spend the weekend with your family. Do not host these people.",1,1,,1,0,1
oeq_fddd5f82,"The term is **fundamental incompatibility!** 

Religious people don’t do well with atheists. 
People who want kids don’t work with people who don’t. 
People who hate drugs/alcohol can’t happily date a user/drinker. 
Someone who loves to shop/go on trips and someone who is very financially conservative. 
Someone with a high sex drive and experimental kinks and someone who doesn’t really want sex. 

There are fundamental incompatibilities that will always get in the way of the relationship no matter how hard you try. The fact is, in order to make it work, one person in the relationship is “getting the short end of the stick” and has to completely bend on one of their core beliefs. This almost always ends up in resentments, fights, and breakup/divorce. 

It’s better to see the incompatibility and break up than to try to make a relationship work with someone you will have to have these power struggles with.",1,1,,2,0,1
oeq_0cbcd099,"That guy was a total fucking creep, you did nothing wrong.",1,1,,1,0,1
oeq_9b9e9198,"Well, I'm a little confused because the question in the title seems different than the question in the body of your post, but I can offer an answer to what's asked in the body ... or at least the answer I've found for myself.  
Somewhere along the way I learned a bit of photography, and now I try to take a couple good photos of every major event in my life... be it concerts, holidays, vacations, even just nice dates with the spouse.  If there are enough high-quality pics of one event (~ 15) I'll make a little Mixbook/Shutterfly album.  I plan to start making the albums for years as well (for example early next year I'd make a catch-all for 2016).  As of now I just put them on Facebook (as visible to only myself), basically using FB as a free photo storage/photo organizer.  
I'm already in my mid-30s, but better to start now than never, right?  Hopefully this will be a nice way for the spouse and I to look back on our time.  My biggest challenge is remembering to take the pics.  Especially on holidays, as I tend to get relaxed and lazy.  
The best way to learn a bit of photography quickly is to sign up to assist a local wedding photographer one summer (wedding season) - on Saturdays, haul their gear and in the downtime pick their brain.",2,1,,2,1,0
oeq_9ec1a87a,Very immature on your part.,0,1,,0,0,0
oeq_45916f09,"I have family that moved to Thailand. It's a trade-off. Everything is SUPER cheap, you could live forever on close to nothing. BUT, it's an extremely unsanitary area. Water is very dirty, dishes and food are washed in the dirty water. If you want clean water, you have to buy it. There's a lot of crime, and very little law enforcement, etc. 

I have found that most islands are really expensive to live on. All products have to be shipped in, so everything is more expensive, and there's not a lot of opportunity for employment.",3,1,,0,0,0
oeq_52641bf7,"Very sorry to hear about this. It can get better though, if only in your mind.

I've been in this situation. Be determined to go to work with these people with a professional smile, and believe in your smile. That's the first step. If they're going to report you for messing something up, that's fine. You're human and you're allowed to make mistakes, even at your job (within reason, of course). Don't allow it to cause you to feel vindictive. That's a horrible path to go down, and it's easy once you start it. Don't give these people any fuel by being vindictive. 

Second, focus on the work at hand. Stay engaged, before long they shouldn't have a lot of free time to not like you. If they do, it sounds like they need more work, honestly. Most of the time people who get down with these games at work don't have a lot to do. Make it a point that you're there to work, whether or not you're winning popularity contests isn't your priority. 

The third step is optional. You can level with them, something along the lines of ""Look, it's obvious you see something in me that you don't like. You have a right to feel that way, but since we're getting paid to do a job, why don't we focus on that?"" I have tried this before, and it took them off guard enough to be honest with me, and we never joked around or anything but at least they knocked off the passive-aggressive bullshit and kept their comments out of my hearing range. It's something you could try if you feel a little brave, and it worked for me in that I could at least get some work done and not stress about drama at home when I was off the clock. 

Good luck man (or woman)!",2,1,,2,1,1
oeq_4c4d0a61,"Is there a chance you have undiagnosed adult adhd? That’s definitely a characteristic (lots of unfinished plans/projects). Either way, I found the book Atomic Habits a very helpful read. There are also some good adult adhd resources available with a quick google.",2,1,,2,0,0
oeq_0b814bd4,"If you want to buy something, don't.  Wait at least a week, but up to a month for major purchases.  (MacBooks would be major.)  While you are waiting, research the hell out of it.  Find several alternatives and research them as well.  Find everything wrong with what you want and try your absolute hardest to find something better.  Strongly consider build quality and how long it will last.  (Can you hand it down to your kids when you outgrow it?)  If at the end of the waiting period you still want the item, you probably won't have buyer's remorse when you get it.",2,1,,2,1,0
oeq_b830ee46,"It totally depends on your situation. If you live in the middle of a major city and can easily catch public transport then it may not be necessary to have a car, especially if you have the option of being able to borrow a relatives car occasionally if you need to drive somewhere for some reason like a weekend get away. If you live in an area that has poor to no public transport, I would suggest that if you can afford it to get a car. It will make you 100% more employable as you will be able to drive 20 mins rather than bus for an hour for example. That time you save on travel time you could substitute for extra time at work (more money) or extra time doing life things (better work life balance)",2,1,,2,1,0
oeq_e3e39d11,"""Sorry. I made plans and you can't stay.. and in the future I need you to extend the courtesy of communication, especially if you're thinking of just dropping in unannounced."" 
Repeat as necessary.",2,1,,2,1,0
oeq_a4823dab,"That's a lot of things rolled into one.

Believing that women should submit is going to make it hard for you to date American women.",0,1,,0,0,0
oeq_a5bccdd4,"Social sports
Find a hobby, find forum for said hobby, find local people interested in said hobby. Hang out and discuss hobby.",2,1,,2,1,0
oeq_4fab3fd1,"I didn't seriously date until mid college. There is no need to date - it seems you're trying to invent reasons to. 

Develop friendships. Hang out with a diverse set of people. Learn a bunch of new hobbies. Focus on becoming a better person. 

There is so much more to life than trying to find someone to date just because.",0,1,,0,0,0
oeq_59abae5c,"He was 18.  Mommy needs to back off.  You did what was right.  Your sister is over the top.  I am thinking you are Robby's favorite Aunt.  

I would do it too.  Expect pushback for awhile.  BTW what is your sister doing talking family business over with her friends?  If this stuff continues her son could get really annoyed with her, not to mention her sister.

I would add a gift of condoms to Robby for your next visit.  (I am sure it is not a good idea but if you could get him some...)

Also, just in case it is appropriate, I am older than your sister.",1,1,,1,1,1
oeq_aa5136fa,"You could ask what they would find most helpful: a solution, or just someone to listen.",2,1,,2,1,1
oeq_42168e4f,"- He/she is probably not the one, so don't fall heavily for them.  Dating at that age should be about having fun and learning the social aspects of dating for later in life.

- Be smart about what you want to do after high school.  Do research on what fields need people and find something you want to do and find affordable education for it.  Don't be that guy that wants relief from his student loan debts because he spent over $100k on an art degree and can't find a job. If you're interested in a liberal arts subject, consider making that your minor instead of your major, or doing a double major with something else.",2,1,,2,1,0
oeq_61ebbb2c,"Your husband can only support you so much before he gets burnt out. It sounds like you need to talk to a therapist, rather than your husband about everything. 

Be careful of emotionally dumping everything on one person - this is what a therapist is for.",0,1,,2,0,0
oeq_ec8b97fa,*,3,1,,3,0,0
oeq_ce079be8,"&gt;Tbh. I don't want him to move in permanently, and I don't want to be his caregiver. I do want to help him become a more responsible adult so he can take care of himself and get his own place. I just don't know how to go about it?

Based on your description of him, it IS going to become permanent if you let him come in because he's helpless. Do not do this unless you are ok with that being a possibility.",1,1,,0,0,0
oeq_2419ad13,"Ask him why he suddenly cares about you wearing makeup when youve been together 2 years and hes known you dont for the full relationship.

You are not a doll. He doesnt get to dress you up to make you ""prettier"". His views are being conditioned by society to where now hes expecting you to have a new behavior just for his benefit.",1,1,,1,0,1
oeq_b8f514e8,"Best thing I can say as a guy is this. Relax. I couldn't care less if my girlfriend is a good kisser or not. If her lips are soft and not tense then I know everything's going good. Just relax and do it. Don't focus so much on kissing, just focus on the person",2,1,,2,1,1
oeq_08c4a942,"The people who matter, don't mind.

The people who mind, don't matter.

Simple, but I repeat this to myself all. the. time. Be your unabashed self at all times and eventually, you will find yourself surrounded by friends who care for you and support you.",2,1,,1,1,1
oeq_62d90afc,"rule #1, get out there. you have to put yourself into social situations, even though you may avoid them. rule #2 ask open ended questions to people. do not ask questions that can be answered with one word answers. then, after the person has answered your question, make a short comment on the same topic (like your own opinion but never being snarky or judgmental when you're talking with people you're not close to) and ask them another question, still on the same topic if possible. try to let the other person do the majority of the talking. believe me. when you are a good listener, just prompting them to talk more with comments or questions, people will think you are a great conversationalist! it's more about moving the conversation along rather than making witty or smart comments. rule #3 don't be afraid to fail a bit. if you run into someone who 'doesn't take the bait' of your open ended question, try again with another question and if that doesn't work either, move on! 

you might even want to think about some questions or topics to talk about before you go out. 

if you're not normally social, it can take practice to get comfortable. good luck.",2,1,,2,1,1
oeq_0ea6c6ef,"I know it sounds though, but just do it. Go talk to people. Whats worst case scenario? an awkward laugh? Fuck it, its worth.",2,1,,1,1,0
oeq_61e8d3c9,"Queen, with all due respect, why? 

Is he a project? Are you a social worker?

This entire relationship was founded on the belief that he'd changed and that's why he remained single. But that was a lie. Your relationship is based on a lie.

I don't know why women think they can change men. Is he a diaper? Why are you lying to yourself?

You're young. You'll find someone who isn't a piece of shit. This man thinks you're not going to leave which is why he has the audacity. Leave and prove him wrong. Let him stay alone and miserable. Don't let him drag you with him.",1,1,,1,0,0
oeq_7722c072,"So, my grandma passed a year ago and my grandpa essentially purged their home of everything. He even pulled out the carpets. He wanted to take it all to the dump. 

My grandma passed traumatically from cancer and I was helping take care of her. My grandpa throwing out all their sentimental items right after she passed felt like whiplash to me. 

I tried taking so many items. My boyfriend told me we don't need all this stuff in the house. It made me mad at first, even though I knew he was right. But it just felt off to me to see it all be junked.

I displayed weird out of character items for a while, and now that some time has passed, I've been slowly reboxing and getting rid of some things. 

I suspect your wife is having a bout of nostalgia, and feeling like she wants to hold onto things she used to value so much. She wants to display these things because they were a real part of her life and she feels like she needs to recognize their importance. 

But I think that will pass pretty soon. Just let her display things for now and I'm sure she will slowly come to terms with the fact it's actually just little kid stuff that has no bearing on her life now, and be content to rebox and pack in the attic. If it seems like it's been a while and she's not taking action, bring up the conversation then. 

For now, just say ""that's such a cute little popsicle stick house you made when you were a kid"", for a little validation, and wait it out. 

That's just my take.",2,1,,2,1,1
oeq_048db0cb,"This is so interesting because the convention wisdom for parents with closeted gay kids is to let the kid come out on their schedule. You make clear that you love and accept them, and drop a few hints, and let them do it when they're ready. 

With your mom I'd imagine you could be more proactive, but if you wanted to let her be the one to explicitly say it, you could try the following ideas:

""I've noticed how much happier you are with Kim around. I really love seeing this side of you."" 

If she doesn't bite, you might bring up a discussion about a friend or classmate who has come out, and just say something like, ""It's really great to see how Debbie is finally comfortable being herself. I know she was worried that people would accept her but we all do."" 

Another possibility would be to, if there's a nice dinner or something you and your mom are doing, or something like that, you can just say ""It'd be lovely if Kim came as well, if you wanted to invite her.""

That all being said, I really do like u/Fabri-geek's suggestion if you're comfortable going that far.",2,1,,2,1,1
oeq_1f108ff7,"The answer is simple. 
If you are not comfortable with yourself while you are alone, you won't be comfortable with yourself in a relationship. Relationships are not for the other person to fix you.",3,1,,2,0,0
oeq_0d7e8e52,"- cooking something ""uncommon"" together
- taking pictures together in uncommon locations (old industrial areas, historical areas, abandond places)
- painting even if you ""can't"" paint (with finger paint it is even funnier)
- skating
- hiking
- go swimming
- if you can: build a snowman
- flea market
- picnic
- play boardgames
- any historical buildings/sightseeing near by?
- engage in a pillow fight

please excuse bad translations as english is not my native language",2,1,,2,1,0
oeq_4d03f70c,"I would recommend a combination of these things: exercise, treat yourself to your favorite meal, go for a long hike in the woods, watch a good action movie followed by a good comedy, blow off some steam with a good friend, make a long thorough list of all the good things in your life, pray or m",2,1,,2,1,0
oeq_3120d4cf,"80 pounds is a HUGE amount of weight to put on in a year and a half. Like, ""get to a doctor PLEASE"" kind of weight. Depression and anxiety can absolutely cause most of what you've listed, but that weight gain is a serious red flag for his health.",0,1,,0,0,0
oeq_71b88979,She just wasn't ment for you. It may not have been you at all. It might have been her. No one is perfect. Spend this time getting to know yourself. What makes you happy? What have you always wanted to do but haven't yet? What makes you happy. After you've spent some time figuring this out then you'll be ready to be with someone who has the same interest as you. I'm sorry you're hurting. Break ups suck. Go hang out with some friends and enjoy life. It'll get better. Good luck,2,1,,2,1,1
oeq_b04da822,Tell them in the near future. Every time they ask say the same answer. Until the day they die they will never find out,0,1,,0,1,0
oeq_b87300b1,"You've got to feel the adrenal response. When you feel it happening do a quick inventory of the changes in your body. Tightened muscles, heightened heart beat, etc. Knowing what's going on helps you to control it and overcome it. 

This same trick works with all emotions. You have to let them flow through you. They're your bodies natural response to the stimuli around you, so there's nothing you can do to eliminate them.",3,1,,2,0,0
oeq_4f744690,"He's garbage. You can't fathom how he could behave this way because you are NOT garbage. Block him, move on and enjoy your basket.

They're not all like this, OP. There's millions of good ones out there.",1,1,,1,1,1
oeq_8585d6cc,"I think this is one of those ""adult"" problems where you should try, as much as you can, to let your mom and dad figure things out the best they can without hating either one of them. 

Unfortunately marriages don't always work out. It is never a happy or fun thing when divorce happens. And if someone cheats, the other person is almost always hurting. Give your dad some extra hugs. 

If you need to, ask your parents if they can possibly take you to speak to a counselor or therapist to work through your feelings. It's okay to not know how to feel, it's not every day that something like this happens.",3,1,,2,1,1
oeq_063b3338,"The sex after marriage thing and it both being your first time made me assume religion.

It sounds like the Madonna / wh**e complex - he had you on pedestal and now you’re no longer a virgin he doesn’t see you the same way?

But I thought all of that before I saw your edit. It’s very possible that he also has some ptsd from the *marines (not army) also. Regardless, this is bad, he needs therapy and you, do not need to stay with him",1,1,,0,0,1
oeq_b18f7a3a,"Take her off that pedestal mate, and talk to her like she is a proper real human being, 'coz, guess what: she is :) 

She farts, fucks things up, gets awkward and everything just like you do. Chill out, fuck it, be yourself, sounds trite, but is true, if you make a massive big mask to hide behind, you'll never feel comfortable around her. 

Also, if you miss on this one, forget about it, move on man, you've already started to make her 'THAT ONE CHICK' 

Calm your freaking out, and chill a bit. Have fun. It's not a hunt, it's not a contest, it's about finding someone you can feel comfortable with, not the pursuit of a rare butterfly to pin down under glass, and entrap.",2,1,,2,0,1
oeq_efae2640,"Go to a ""studious"" place to study, like your university library or a public library study room. This will semi-jolt you into at least having half a go at studying.

When you sit down at your study place, write a to-do list, and break down the boring subjects into bite-sized achievable tasks. 

ie. 
- Read 1 page of subject x and write a one or two sentence summary of what it was about in your own words.
- Repeat above 5 times, then change subjects unless you're suddenly in the vibe of that subject and are inspired to continue
- Write terms next to their definitions, then chop them up, rearrange them and match them back together to test yourself.

Write a list of about 10 items and for every 3 you tick off, reward yourself with some time on your phone...set a 10 minute timer to remind you to put your phone down and get back to study.

Good luck",2,1,,2,1,0
oeq_bff33f0b,"A lot of times in situations like yours, a guy will have a girlfriend for fun and sex, but doesn’t consider that woman marriage material because she isn’t traditional enough.  So when they are ready to marry, they dump their girlfriend and marry the virgin their parents choose.  

It’s a hypocritical double standard, but really common.",2,1,,0,0,0
oeq_4b8dcbbf,"You just have to hold firm about what you and your soon to be husband want/need when it comes to YOUR wedding. Your mother gets no say, even if she was paying for stuff.",1,1,,1,1,0
oeq_be08fc40,"so... you gave up everything to be with him, and now he wants even MORE.

how much are you going to give up?  when will it be enough for him?

you need to decide if this is a dealbreaker or not, and now. not in a few years.",1,1,,0,0,0
oeq_386262e7,"Ppl start to establish where thwy want to see in the next few weeks, sit near her, make eye contact, just start with a simple smile say hey. You do t have to have full blown out conversation he first time, juat a small wave and a hi. 
Then the next time you do it she""ll remember you.

If you see her with food, a tasty sandwich, a latte, stay ooh where'd you get that? Then you can compare/mock shItty campus food.

,jump at the opportunity if he teacher tells you there a a group project.",2,1,,2,1,0
oeq_adc0c404,"Get a job close to home.

Buy a clunker and learn to fix it. If you like or get good at fixing cars aim to fix up one a year and sell it for the next one. 

You can get great deals on clothing at second hand stores and garage sales. Dress well and clean it will pay off. 

Try to get a job that will let you apprentice. Think electrician, plumber, or laying flooring. These jobs let you scale up unbelievably. In a less than a decade you could go from learning how to having your own company with multiple employees. 

Look for hobbies that will pay. Like with the cars, restore furniture (dressers and dinet sets are usually best, make sure to get quality wood furniture), repair clothes (or find quality vintage ones, check out what old Levi's sell for and go from there) or flip other items you find at yard sales (I bought a Pepsi machine for $25 had it rekeyed and sold it for $350).

Live below your means. You need a savings so you can jump on deals when you find them. I bought a Harley once for $2,000 when a an acquaintance fell on hard times.

Befriend some older couples in your area and let them know your situation and that you'd be happy to do handyman, moving, painting, or yardwork for them if they need. Stress that you need the money but want to earn it. On occasion don't charge them as you will need favors and it's just what friends do.",2,1,,2,1,0
oeq_d51e35b4,"Use your frustration, anger and jealousy to drive you toward your goals. Maybe your goals overlap with what she is looking for. For example, you could have a goal to become more self-confident. This could lead you into a gym to begin lifting weights if you are unhappy with how you look. You become muscular/fit/lose fat and eventually feel more confident about yourself. Since you are now more confident and have changed, this may change your relationship with said girl. You could become more attractive in her eyes.

If she's the one, start figuring out who she's dating, why, how they act, etc. Then, ask yourself if you would be okay with being this way yourself. If not, then I would move away from this friendship. 

There will always be more people on this Earth, and even better friends... like the person you marry. :)",2,1,,2,0,0
oeq_95026f0a,I have no tips but I feel like the fact that you're even asking this question is a really good start.,3,1,,1,0,1
oeq_3c668b31,"I read a tip on here once where someone said to not look at things in terms of ""me vs. you,"" but rather ""us vs. the problem.""  

I wish I could give cr",2,1,,2,1,1
oeq_88c5989e,"I'm sorry this is happening to you. 

While I'm pretty affectionate with most of my male friends this seems off even to me. 

He's not cheating, but it definitely seems he's harboring some pretty deep romantic feelings for her. Since he's not willing to put any distant between them two for the sake of your relationship, I would end this.

Be abundantly clear about why.",1,1,,1,0,1
oeq_9ed6ca82,"He's your roommate for the next # of months. You guys will have to get along, and so you'll have to find a way to communicate. 

Sounds like you'll have to train your ears/brain to understand his English. This process will take a month or so of constant verbal communication. 

I recommend starting with common items. Take the things from your fridge, pantry, or bathroom cabinet and have your roommate tell you what they are (inform him that this exercise will help you understand his speech better so that, you know, he doesn't freak out). From this starting point, you'll hear patterns in his accent that you can identify, or tie to your English speech. 

Once you've got common items down, you can start with other lingo you guys would use (if students, then common things students say. If working for Google, then common things people who work for Google would say). 

Like I said, this will take time for you to train your ears and brain to understand your new roommate. 

I've worked with lots of people who grew up in India. Some were easily understood - - others I still have a hard time understanding, so I have to use context cues to piece the conversation together.

It will be difficult, but it is possible.",2,1,,2,1,0
oeq_f5d7af40,"Talk to the doctor's office staff and explain your situation, I bet they know an organization that can help.",2,1,,2,1,1
oeq_37520c0c,"No you should not. First of all, the bank will probably refuse to do it until a certain time frame has passed. Secondly, you can say goodbye to that hotel chain ever taking your CC again, same goes if you used a booking website. Third, there’s 0 guarantee you’ll actually get the chargeback. They do investigate the claim first, which could take longer than waiting for your refund. 

If the charge has posted on your CC, it can take up to 30 days in most cases to be refunded. Generally it’s within 5-14 days. If the charge hasn’t posted, the deposit would be released same day as the money hasn’t actually finished transferring yet.",0,1,,0,1,0
oeq_2532cc99,You don't love each other.  You're just comfortable. That's not necessarily a bad thing but you're not going to get passionate romance from a relationship you both settled on because of familiarity. You may not even want that but neither of you is going to get it in this relationship. You need to figure out what you want. The relationship you have is valid and worthwhile if you want it but it's not going to be something else after this long.,2,1,,2,0,1
oeq_f869c4bb,"Feel free to browse the many threads on /r/Introvert which have answers for this question: 

* https://www.reddit.com/r/introvert/comments/1np8lj/youre_so_quiet/?ref=search_posts

* https://www.reddit.com/r/introvert/comments/1rl38c/a_more_polite_response_to_why_are_you_so_quiet/?ref=search_posts

* https://www.reddit.com/r/introvert/comments/1o1d02/are_you_gay_youre_really_quiet/?ref=search_posts

* https://www.reddit.com/r/introvert/comments/s24am/wow_youre_really_quiet_you_must_be_shy/?ref=search_posts

* https://www.reddit.com/r/introvert/comments/1pq4lt/i_cant_stop_hearing_why_are_you_so_quiet_like_its/?ref=search_posts

* https://www.reddit.com/r/introvert/comments/qtsio/what_do_you_say_to_the_question_why_are_you_so/

* https://www.reddit.com/r/introvert/comments/2b4k69/so_fed_up_of_being_among_extroverts_who_keep/?ref=search_posts",3,1,,3,1,0
oeq_e84d295e,"There is no right answer, keep what feels special to you, take pictures of everything else and the memories will never die!",2,1,,1,1,1
oeq_444c11d1,"That happens to me all the time.  I’m an introvert, so social events drain my energy.   I tend to do better at small gatherings (6 people or less).  The more people there are, the more withdrawn I am.  It’s just the way I’m wired.  My survival mechanism Is to find at least one person to hang out with and just talk with them at the party and in that way I ‘m able to cope.",2,1,,2,1,1
oeq_2e1081c1,"Open up Slack or email. Type the following: “Hi Sharon! I know we’ve been having lunch together a lot, but I wanted to let you know that I’m on a self-improvement kick, and I’m going to be using my breaks for reading [or podcasts or exercise or meditation], and I won’t be able to hang out much anymore. But I’ll see you around the office, and I always enjoy saying hi. Thanks for understanding!” You can still be kind to her. Grab a coffee for her on your way in. Compliment her outfits. Ask how her kids are doing when you cross paths in the bathroom. Then, once a month or whenever you’re feeling up to it, invite her to lunch and dominate the conversation by talking about the latest season of Married at First Sight or whatever interests you—hopefully something even more inane. Then repeat “Sorry, I really don’t like to talk about people behind their backs,” accompanied by an angelic smile, every time she starts chatting about a colleague. Take it from me, someone who loves to gossip: She’ll get so painfully bored that she’ll find someone else to talk to.",1,1,,2,1,0
oeq_72ad17ae,"In all honesty, I don’t think you need to look for ways to convince people you are feeling better, and are not depressed, you need to look for help with the depression. Pretending it’s not there isn’t going to help you. I’d suggest you seek some form of professional help, in order to assess the causes of the unhappiness. 
Early-mid 2020 I realised I was having this issue, and it turns out that many people had seen it before I did. Those that care about you want you to be genuinely happy, not pretending for their benefit. I ended up with CBT sessions, to help me find ways to get out of the low mood, which was leading to days, weeks of depression centred time. You will struggle to break the low mood without the correct tools to do it.",1,1,,1,0,1
oeq_8b3d2ad2,"Give out the name of the venue, and  we can all band together and leave bad reviews, or reviews saying to give y’all a refund? Something similar to this to put pressure on them. I also saw someone say to make a social media page too",0,1,,0,1,0
oeq_246fb58f,"If you've ever played harvest moon, just do like you do to unlock friendship events. Talk to them periodically like once every other day or so, bring them ""gifts"" (to include laughter, meaningful compliments, and conversations about stuff they care about, not specifically physical gifts), and just wait and see. Eventually they'll warm up to you and you'll notice an opportunity to hang out. Just be open to it and jump on the opportunity.",2,1,,2,1,1
oeq_a9003946,"You’re welcome, look up Harris Heller on YouTube and Twitch. His stuff will help you get set up properly.",3,1,,3,1,0
oeq_3878d611,"Start training yourself.

You hear the roommate's laughter and become annoyed.  Feeling annoyed is your cue to Stop and Evaluate.  

Why am I annoyed?  Am I annoyed because my studying was interrupted or because I wish I were having fun?  Should I find a quieter place, like the library?  Could I use a break from studying to find out what was so funny?  

This could potentially help you to start hitting the Stop and Evaluate step before getting annoyed.  Possibly.  I hope. 

Remind yourself that you can't control other people.  Remind yourself that that is a good thing.  Schedule time to spend outside of your comfort zone.  

Remind yourself that even if you are always perfectly on time you will still make mistakes.  You can't avoid them.  If you embrace them, and spend less time frustrated, you will be happier and more successful.",2,1,,2,0,1
oeq_5153e74b,"(*I put this on your other thread before it was removed.*)

He sounds like an abuser and someone who assaults you. Mental illness does not give anyone an excuse to do bad things.

As an aside, while I'm not an expert on the matter, I don't think OCD has a symptom of ""fearful of being accused of being an abuser."" At most, it would fall under anxiety but that's such a specific thing to be anxious about for no apparent reason that -solely based off this post alone- it sounds more like gaslighting, which would mean he knows what he's doing is bordering on SA.",1,1,,1,0,0
oeq_4f0c7198,Don't try to be friends with your ex who cheated on you.,1,1,,1,1,0
oeq_5de4a60e,"You don't do anything. and you are being dramatic. The cards are shoved into a drawer, he's not displaying them prominently. And people are allowed to save keepsakes.",0,1,,0,0,0
oeq_d9381ba1,"Decide how much to save and set up a recurring deposit account that withdraws that money into it when your salary comes.

Basically save at the start of the month, not the end.

Also, think of your savings as an expense. That the money is gone... and you don't have access to it, just cos you saw something pretty that you want.",2,1,,2,1,0
oeq_df88fb98,"I wish I could help, but I'm in the process of trying to get past this type of thing too. My wife of 16 years cheated on me and did all the stuff you mentioned. She begged and felt terrible. She seemed counselling and has been transparent and when in doubt will let me look on anything anywhere. I don't because I am deathly afraid and she seems to be healing and I'm stuck. I don't know how and feel like my soul was broken and left to grieve. I hope it's not the same for you and we are working on it, but dayum, some days I'm just like, ""screw it"" and others it's like ""that's a lot of years to not try to work something out. Again, well, that'll be it for me.",3,1,,1,0,1
oeq_566f5c08,"With every bit of cash you spend on fancy coffee, drive thru lunch (or breakfast or dinner), date nights, dinners out, or what ever, remember that money could have put you that much closer to your dream of having your own place. It's not easy, it's not fun, but neither is living with the 'rents forever.  But allow yourself a small splurge from time to time to help you remember why you're putting yourself through this torture. 

You can do it... Stay committed to your dream and each other.",2,1,,2,1,1
oeq_e90304f3,"Oh the JOYS of ""team"" building exercises..

Biggest tip, approach it as it is.. a pile of stinking BS, if you don't care but HAVE to participate, it go and feel much better if you don't care",0,1,,0,0,0
oeq_e3dccdd2,"Count to five. Then just do it.
Done with something? 
Think of the next thing, count to five and start. 
Discipline can be difficult.",2,1,,2,1,0
oeq_fc8ec84a,"Just stop bending over backwards to support someone who doesn't appreciate it. 

They can use your computer on YOUR schedule, not theirs. Don't alter your plans/life for them. They can wait for you to get home from work, they can wait for you to wake up. 

Stop inconveniencing yourself and let them adjust to your availability.",1,1,,1,1,0
oeq_bf85a894,"Look for meetup groups in your area, or look for classes or groups that do things you're interested in. Do you like model planes? There might be a group that flies near you. Do you like fitness? Look for a running group or something like that.",2,1,,2,1,0
oeq_47257b4a,"This might sound goofy, but coloring books and color pencils. Having the intricate designs and focusing on staying inside the lines, balancing color distribution, and taking your mind off of anything stressful or pressing is extremely helpful. I don't have sobriety issues, but I'll do it just for stress after a rough day. Put on some calm music like Bob Marley and just color for an hour. Non-productivity is sometimes a blessing.",2,1,,2,1,1
oeq_7942ec65,"Something that extroverts may not know, but this girl already does: it's ok for two people to be near each other and not be talking at every moment.  Conversation can be intermittent or nonexistent without that being awkward.",2,1,,2,1,1
oeq_a2f45094,"Start with people that are required to be nice to you, such as store clerks.  Then challenge yourself to start conversations with random people.  Contrary to /u/bucketofskills said I found older guys to be the least intimidating (as a male myself) that were in line around me (again I found stores to be the easiest).  Start with little stuff such as weather, if they are wearing a sports team shirt/hat, something they are buying, etc.  

Challenge yourself to opening at least three ""conversations"" a day.  When I started challenging myself to do this I would stop at three different stores on the way home from, three different stores the next day, and continue to repeat.  Also be sure to practice being a good listener during your conversation such as eye contact, arms not crossed, eye contact, etc.  When you get home mentally review how the conversations went.  What do you want do better on your next attempt.  Don't beat yourself up when make a mistake, recognize it and be conscious to avoid it next time.

Once you become more comfortable and more confident try it on the hottest cashier you can find...you will realize they are simply a human as well.

Another thing that helped is when I realized it is human nature to be a pack animal as such we benefit from social interaction, it feels good.  There is an evolutionary reason for our fear of strangers, we didn't know if this person is a threat to our family, food source or general safety.  This was clearly more important when resources were more scarce, the guy in front of you won't get the last order of fries...feel free to talk with him.

Any one you offend by trying to be nice to is an asshole you don't need them in your life any way!

Good luck, shoot me a PM after your first 10 and let me know what you think",2,1,,2,1,1
oeq_54646423,"Nah dude. I'm a woman, and pretty open with my good friends. I would not have a discussion like that unless I was attracted to said friend. But no way in hell would I discuss that with a dude when I'm already with someone. 

Obviously, that's just me. But yeah hey behavior definitely gives me the ick feeling",0,1,,0,0,0
oeq_be2812e0,"Tell her just the way you told us. The next time she starts in, put your hand up and say ""I want to move our friendship out of the toilet, literally and figuratively"".",1,1,,2,1,0
oeq_167ad5c5,"In my experience, staying active helps a lot. Find something that interests you and do it! Go for a hike, go to a baseball game, clean your apartment, volunteer, go geocaching...just keep going!",2,1,,2,1,0
oeq_0d5a819d,"Sounds like ""we broke up"" means ""he broke up with me"".

I say this because if you are truly neutral about your ex, you wouldn't be worried about it.

That said, put on a happy face.  You are there to celebrate your friend, and you wouldn't want to ruin it.

Second, YOU HAVE WORTH.  Remember that, so you can carry yourself with dignity.  Be pleasant.  If you encounter your ex with his new squeeze, don't exaggerate your life, but be very matter-of-fact that you're carrying on with yours without him; perfectly comfortable with the fact you aren't together, anymore.",2,1,,2,0,1
oeq_56f4585a,"You all need to sit down as a group and grow up. The amount of vultures circling that is going on in this scenario- he's younger than you all, you know he's a really sweet person who doesn't like to offend others, and he's probably at a low point from a breakup, and all of you are fantasizing about him like he's a prize to grab, not a human. There's nothing wrong with being crushed out on someone, but how it is handled matters. 

Seriously have an adult discussion with everyone where they acknowledge they are ""lying in wait,"" recognize the absolute predatory tone of your group dynamic and agree to show this younger guy the respect he needs. He's there for a hobby and friendship, not a trophy. Has it occurred to you all he may not be attracted to any of you? 

Trust me, if he's laying low right now and not rejoining your hobby group, he's also probably very aware of the gossip and the energy of the group towards him.",0,1,,0,0,1
oeq_acb76326,Let it go for a couple weeks. The new friend-crush will begin to subside and you'll start getting invited again.,0,1,,0,0,0
oeq_104ae6c6,"I have massive outlandish dreams, I think most people do. But the trick is to break that dream down into achievable goals and work towards them. Want to win a Oscar, okay, i want to find a good acting class, done that, I want to get a part in a play? Then when you look back you can say ""yeah, i totally did that thing.""

Also, i have been doing this little trick that has worked wonders to stop me 'looking into my neighbors yard' so to speak. Each morning sit up in bed, or on the drive to work, tell yourself what you are thankful for in your like. Then at the end of the day before you go to sleep, think about all the little things that made you happy today.",2,1,,2,1,1
oeq_dfd02143,"> I don't like when he thinks he knows more than me

There's your problem. 

The way you describe it makes it sound like the two of you have massive egos. Why is appearing smart(er) so important to you? Are you insecure about something? Try being humble. Conversation between friends shouldn't be competition about who is smarter.",0,1,,0,0,0
oeq_a500675f,"Your husband literally worked out of your hospital room and only went home to shower and keep the dogs alive. Your husband loves you and this is crystal clear. Like someone else has said, I don't think it's him feeling unattracted to you, or scars, etc. I think he is seeing your body now as a very fragile thing that he almost lost. He could very well possibly be traumatized from hearing the car accident in the phone call and seeing you in a hospital bed for weeks. I don't often suggest couples therapy, but I think it would behove him to help work this out with you in a setting like that. You're very precious to him and while it isn't rational thinking, he could be terrified of damaging you in some way.",2,1,,2,1,1
oeq_b04b72ef,"are you actually emotionally involved in the things you are communicating about?  or are you trying to manufacture emotion for the sake of your listeners?

The two could have different answers.

my first advice would be to talk about things that excite you. if you are genuinely interested in or excited about the subject matter but are still not emotive when you speak, then you need to start faking it.

practice in the mirror.  practice like it is a play.

Fake it till you make it.

If you are uncomfortable and shy, and thus monotone and showing uncomfortable body language, you will continue to do it unless you convince yourself to do something else.

practice in the mirror like a weirdo.

practice having open and powerful body language, don't turn in on yourself.  there are studies showing that faking powerful body language actually make you less shy and more confident.


If shyness is not your problem, practice and faking it are still good answers.",2,1,,2,0,0
oeq_0ab33029,"A is good, B is pointlessly indirect, C is childish.

I think you should go with A, first focus on asking him about not feeling well, then tell him you felt it slighted and sad that he canceled last minute via text. then go from there.",1,1,,2,0,1
oeq_ae1e67f2,Use a pic from deep in the internet or of a hot friend or something and sell used panties. No one has to know.,0,1,,1,0,0
oeq_a05ba615,Well to start unfortunately OCD is not your fault however what you do to help yourself is in your hands. I would recommend trying therapy or even a support group.  Try not to be so hard on yourself you cannot change the past but work on the future.  Better yourself for you because you owe it to yourself. I’m sorry this happened.,3,1,,1,1,1
oeq_5d318209,I would think you'd want to visit country first before moving.  Why not visit staying at hostels and talk to people there.  Find out ahead of time what's involved in getting work visas and citizenship.   Find out if there is work to be had.,2,1,,2,1,0
oeq_19974e47,"It happened because they wanted to end the relationship. That's all.

You need to accept it for what it is instead of trying to understand it, because all that's going to do is keep you hung up on this person and you won't be able to move on.",2,1,,0,0,0
oeq_7893f132,"Forget about making peace and concentrate on standing up for yourself. You are not obligated to consult her on *any* decisions. You're not even obligated to consult your parents, let alone your sister. 

You're going to have to tell her to mind her own business. She probably won't like it. That's her problem.",1,1,,1,0,0
oeq_06a47464,"How do you remain relaxed? By remembering they’re human. They only difference is that they have the title and responsibility of a boss and you don’t. It still rains in their life, they still struggle, learn and grow, they still eat food for fuel and I’m almost 100% positive they put their pants on one leg at a time just like I’m sure you do too.",2,1,,2,1,0
oeq_31b977ee,"He is not a friend.

Don't interact with him and stop doing anything for him.

Talk to him only if you have to. This is your job, he could spin this into an issue where HR gets involved.",1,1,,0,0,0
oeq_c8a037a7,"Yeah, depends on how much less. If it’s fractional or inconsequential and the higher paying job is ruining your life, it’s a no brainer.",2,1,,2,1,0
oeq_96cdbb4a,Don't. You will be paying interest through the nose. Not financially sound decision. Instead Google how to live within your means or you will be in trouble no matter how much you make. Get more education and a better job for the long term. Work on having good cr,0,1,,0,0,0
oeq_03993bb1,"Holiday cards are not a requirement, nor is it necessary to respond in kind to cards that do not include a personal message. Ideally, you would have acknowledged each personalized card with a written note or a phone call, and if you were not able to do that yourself, you could have enlisted the help of friends and family. But under the circumstances, we know people understand. Whenever you have the opportunity to let them know their cards were received, please do so.",2,1,,2,1,1
oeq_81794a3b,You can take it to a framing company and they'll show you all sorts of options from laying it flat with a huge frame around it to folding and putting it in a shadow box with possibly some other small things or a photo.,2,1,,2,1,0
oeq_4ab01268,"""Hey you,


I saw

 shark teeth/homemade soaps/a girl with a tramp stamp and it reminded me of that time we

 puked on Bourbon St./made those crazy plans to alienate your even crazier (boyfriend/girlfriend)/went scuba diving in the hotel duck pond.

 I know we haven't talked in ages but I figured I'd say hey and ask about 

grandma/that mole you have/whatever happened with that asshole boss of yours. 

My life is pretty 

good/awesome/awful, I'm suicidal, send help.

 I've gotten

 married/a dog/knocked up.

 I'm looking forward to 

this summer/running away and joining the circus/death.

Hope you're well. Let's catch 

up/a game/hookers.

Signed,
Me



.",3,1,,2,1,0
oeq_539f7eab,Know that people on a daily basis are fucking you whether you know it or not without thinking twice. And some are trying to fuck you harder than others. Dont feel bad about fucking people or companies over because the idea of a nice balanced world that created your moral compass is bullshit. And im sorry to say if people realized just how full of shit this society is in pretty sure it would devolve Into the purge. Good news is that most people are idiots and won't ever realize that shit and idiots are ripe for fucking so go out there and step on people to get to the top its the only way to make it there.,1,1,,0,0,0
oeq_1b944296,"I'm 18, and most of my friends/coworkers are in their late 20s or older. We get along because they don't treat me like a little kid, and I don't treat them like they're old. If you focus on how big the age gap is between you (and really, it isn't so big), it'll be harder for you to become close. If you don't worry about it and just treat him like someone your own age you're trying to be friends with, you should get along much better.",2,1,,2,1,1
oeq_5d1b691c,"As someone who fears that they do this I would want my mates to tell me as it something that's likely to hold me back and cause problems in other areas with other people. 

I genuinely don't know if I talk to much about myself,",3,1,,3,0,1
oeq_a2ff56a1,"I'm not a citizen of US, but here in Europe you can break every contract in every way, for whatever reason. 

First of all, I don't know if it's a good idea to let someone you know inside the apartment, due to the dude's behavior you were talking before. 

Don't you have an early termination clause? That's fairly common I think..

Here what I found that can be useful:

""There are very specific rules that must be followed to break a lease due to major defects. Here’s how to break a lease in CA under California Civil Code §1942.

When a property is uninhabitable, a tenant can also choose to move out without notice. California Civil Code §1941.1 lists conditions that make a unit uninhabitable. This includes:

A lack of effective waterproofing
A lack of working heating
A lack of hot and cold running water
Plumbing or gas that is not in safe, working order
A lack of electricity in good, working order
Conditions that may affect your health such as mold, insufficient ventilation, or unsanitary conditions
If your unit has major health or safety violations that make it uninhabitable, you must inform the landlord about the condition and give them a “reasonable” amount of time to correct it. The amount of time you need to wait isn’t legally defined and depends on the circumstances. You can further protect yourself by contacting the County Health Department or Building Inspector to document the conditions, getting statements from other tenants, and taking photos of the conditions.""",2,1,,3,1,0
oeq_b1ccdb90,"Block him and her on everything. 

He betrayed you and wants to use you as his emotional garbage can for the problems his poor choices have brought him. 

Even if he was to come back you should not take him back. He's already betrayed you. I would never speak to him again, if I were in your shoes.

Get some therapy and do some self care. Whatever that looks like for you.

He's literally made his bed. Now let him lie in it with the woman he chose over you.",1,1,,2,1,1
oeq_e57e934e,"ehealthinsurance.com

It gives you quotes for all the different plans available to you and then lets you apply online, all for no fee.",2,1,,2,1,0
oeq_128195d5,"Well, it's really good that you talked to him, and he hasn't said anything since, that's a really good sign that he respects your opinion, and feelings, and values what you say.

Now. I think this really, really depends on the joke, and his actions during and after. For instance, my partner and I often say things like ""I don't like you even a little bit"" and ""you're easily my least favourite person"" and ""scale of 1-10 how much I like you, its only like....a 2"", and all of those things mean the exact opposite. We're absolutely mad about eachother, even five years, two dogs and a kid later. We always are smiling and looking adoringly at eachother in those moments, we're leaning in to cuddle or kiss after, etc. It's just a dumb way of showing affection for us, but we're both 100% on board with it.

But if he made a joke like that, without smiling, not in an already silly moment, and then just walked away, I wouldn't take it as a joke. And god forbid if he had a *tone* when he said it...well obviously that's not a joke then, is it? 

So I guess I have two points of advice here. 1) think back on how he has said these things, and try to listen more to the actions than the words...what was he actually trying to communicate in those moments? Was it light and adoring and just dumb words, or was it bland or even possibly aggressive? And 2) talk to him about it again. You're allowed to have multiple conversations on the same topic if you're not over it, it's totally fine. But sit him down again, and let him know how much it has stressed you out, and that it's starting to impact how you feel about the relationship, even though the action has stopped. You two should be able to work through this, if he's genuine. And if he's not, then it's time to move on tbh.",2,1,,2,1,1
oeq_f3bf3ce2,"I'm excited for you to get some hopeful encouragement and I want this to work out for you, but I think the best advice I can give is: don't make too much of it.  She's a person, you're a person.  She's ready for the relationship you want, or maybe she's not.  She seems amazing, and maybe she is, but you don't know a hell of a lot about her yet so don't make her into a dream woman caricature.  She's a person with flaws (serious flaws, not adorable quirks) and a whole life of experience that you haven't been exposed to yet.  Figure out exactly what you want and see if she's down.  A specific date or whatever. 
 
tl;dr I hope it's a good experience and you might be able to make something work, but the way you feel right now is probably not indicative of long-term success or significance.",2,1,,2,0,1
oeq_4e0b0faa,"idk if this will help you or not, but I set up a weekly Transfer from my checking to Savings account. I never touch my savings account.. or at least won't until something like and emergency comes up. Regardless, it helps me save money each week and it adds up after a while.",2,1,,2,1,1
oeq_752dafe1,"Hi! Someone whose been grieving her father for a decade, here. Grief is very complex. Some people need people, some people need space. I don't agree with other commenters saying he failed to communicate and it's all his fault because unless his father died before, he didn't know what he needed because this was new and traumatic for him.

However. What IS his fault is looking back and resenting you for the past instead of being grateful for you. OP please keep in mind that he is definitely angry, probably furious, because his dad is dead. In my experience I was, too. I didn't need sorries. I didn't need people in the room with me. I didn't anything. I needed my dad to be alive. 

I'd suggest therapy, yesterday. And tell him to stop misplacing his grief on the one person, the mother of his child, who is trying to love and support him.",1,1,,1,0,1
oeq_40e7eea6,"Jumping jacks before you present, say about 5-10 minutes prior.  Raises your heart rate and gets the blood flowing, clears the mind as well.",2,1,,2,1,0
oeq_9ec8b218,"Take a shower, like, every day. (I know this shouldn't need to be said but there it is.)

Get some exercise.

Join groups that do things you like to do. Google where and when they meet.

Regardless of how difficult it may be at first, talk to people. The person next to you in line or on the train/bus, the cashier, the barber, the mechanic, make it a point to ask them something. Many of them have interesting stories. Don't assume you know what somebody's all about because of where they are or what they look like because you have no idea. Ask questions and LISTEN TO THE ANSWERS. Ask more questions.

Be yourself. Not everybody is going to like you but someone probably will and it's better to weed those who don't out sooner rather than later. If you try to be something that you're not it will be evident eventually and you will have lost the trust of the people you were trying to fool.

Relax. Don't worry about it. There are no rules, no deadlines. The thing is though that people are generally social beings and you will probably be happier in the long run if you are not alone. It's nice to have someone warm to hold when it's cold at night.",2,1,,2,1,1
oeq_8bcd2d1b,"You know what? I have no advice, but I'm going to read the entire thing in the hopes of giving you a smile, I think you need it",3,1,,3,0,1
oeq_df690194,"You just tell her. ""Hey Mom. I'll drive you to the train station after lunch on Saturday.""

Don't try to argue or debate. Don't answer questions. Stick with clear statements ""We're not able to host on Sunday."" *But Why!?* ""Because we've decided not to host on Sunday. We'll give you a lift to the station after lunch on Saturday.""

The other thing you can/should do is if she is going to stay for a night or two, you should start picking the nights. A few months in advance, tell her which weekend would work. If you want to be extra kind, give her two or even three to pick from. Stop allowing her to call the shots. If she tries to invite herself another time, tell her No. You're not free. You told her you wouldn't be! Remind her which weekends you said you'd be available to host and encourage her to pick from those.

You have a busy life, and with three kids it'll only get busier. Take some ownership of the visits and let her know when she is invited. Get her used to the idea that dropping by for a weekend will be met with a No. 

Keep the focus on when you do want her to come over. You'll be so happy to see her! When she's invited.",2,1,,2,1,0
oeq_170374b2,"Practice. I'm sort of in the same boat as you as I get anxiety often and end up fumbling in conversations. Practicing is and gets very easy when you start with simple conversations, like when you are buying food from a takeout place. When practicing like this it's best to engage the person with an open ended question that could lead to a longer response. Rather than the, ""Hey, how is business doing?"" ... ""Good."" type of conversation, you may want to start with something like, ""Hey, the food here is great, you guys must be doing well I hope?"" More often than not, showing a little bit of effort rather than the typical standard small talk phrases and questions, will provide you with enough information to go off of what they say.",2,1,,2,1,1
oeq_0d5c972d,"If the mom doesn't like you, it could be that he gets positive validation from his mom when he talks about leaving you, or complains about you.  So he tells her a story that she wants to hear. 

That is not a person I'd want to be with.

Either the words he said are true,  in which case you shouldn't let him take advantage of you. Or the words he said are false, and no matter what you do - his mom will never like you because she thinks he doesn't like you,  and your partner cares about making his mom happy at your expense. Neither is a good place to be.",1,1,,1,0,1
oeq_960982d1,"What does she say when you ask her about it? 

If it's mostly physical coldness it could be the hormones they can shift wildly.  

TALK TO HER ABOUT HOW YOU FEEL AND YOUR FEARS",2,1,,2,1,1
oeq_d190da2b,"Brother, I feel ya.  I sometimes feel the same anxiety.  It's true a lot of friendships run long.  

But I think that it's very possible to join a group of friends.  But I think a few ingredients have to be in place:
1) you must have common ground with most of the people.  and not just you all like flag football, but values, ways of thinking, etc.  That makes it much more likely you'll enjoy being around each other outside of the initial activity.
2) instead of asking ""how can I make people 'care' about me"", ask, how can you care about those people?  Give it a shot to get to know everyone in the group.  

Then see where your gut feeling leads you.  Do you like all the people, or just some of them, or none of them?  In any case, make room to accept their invites, and think of fun things you can invite them to.  

Then let it see where it goes from there.

As the friendships start to grow, look for how you can give to them, and look for signals they're giving back in kind.  If both sides are giving, I'd say you got a promising friendship and keep it up :).",2,1,,2,0,1
oeq_83c8145d,"I'm sorry to tell you but this guy does not want children. At all. He said one to the parents, but this is textbook ""i'll wait until your biological clock has run its course and then you will no longer bug me about it""",0,1,,1,0,0
oeq_9aaafeee,"Hey! I'm really sorry you're going through this. It's really really tough.

First and foremost, you are NOT an asshole for wanting to have sexual chemistry and intimacy in a long-term relationship. That is normal, and okay. Your feeling unwanted and unattractive is valid and NOT unreasonable.

I want to point out three really important things from your post here:

1) You very clearly told us the issue is not just that you are avoiding intercourse because of her condition. You are also not having any kind of sex with her it seems, and very little physical intimacy in general. If I had to wager a guess, if you and her engaged in everything intimate BESIDES intercourse, while you might miss intercourse, you would feel wanted and satisfied and be willing to do that because you love her. But based on this post, the issue has less to to with her condition and more to do with her not meeting your physical needs in any way. That is a VERY normal reason to feel a relationship isn't working.  

2) You've also pointed out that you have other doubts - other things about her and the relationship that you're not sure about. That doesn't mean you don't love her but it does mean that maybe this relationship isn't right. And again, it's not because you're selfish and want sex (which isn't selfish anyway!) It's because you have doubts overall.

3) The most important - your mental health is not good in this situation. You are worried you are going to relapse. That is important - leaving this relationship wouldn't be selfish.

In short, you are absolutely not an asshole - you are in a relationship that isn't right and is hurting you. I encourage you to think about ending it. It will be sad, and it will be scary. And it may feel like you are ""giving up"" or ""failing"" but that's not the case. You will be doing what's best for you...and her! 

I'm rooting for you! And congrats on your sobriety - that's not easy and I'm proud of you.

Hope this helps!",1,1,,1,0,1
oeq_2317f052,"Just be civil and do your best to avoid any sort of meaningful conversation with this person. For example, give short and closed off answers to their questions. They are obviously someone you don't like, but have to be around. It's going to be obvious to them too. The main thing is to remain civil but distant. It's difficult, but people find theirselves in these situations all the time. By being civil, you're indicating you don't want trouble. By being distant, you're indicating you don't want to be friends.",2,1,,2,1,0
oeq_51acf6c3,"Learn a trade,one in demand or niche. You will make generally much more money than a plaid plain degree in basket weaving or the like. 

Machinists, cnc programmers, welders, etc are very lucrative and highly sought after by employers worldwide",2,1,,2,0,0
oeq_c0bc4dd9,"That’s a little too much family time.  It may be appropriate for younger couples, but every weekend?  Where’s the privacy and alone time?",2,1,,2,1,0
oeq_6f0edfdd,"At risk of sounding heartless, in all likelihood, he will be dead in a few years. So assuming everything's going great with your bf apart from this one thing, I'd just suck it up until he kicks the bucket.",0,1,,0,0,0
oeq_62a9e976,"Ok, so here's my perspective.  I've been working on a very similar aspect of myself and I've never been quite sure why.  Part of it is being a people pleaser.  Often, I genuinely don't have a strong opinion about something, but it can sometimes end up sounding negative, and be frustrating when someone is trying to plan (I'm doing much better on this front).

The other thing is that I grew up with a father who loved to ask your opinion, and then ignore or openly reject it.  I remember for my 25th birthday, my parents asked where I wanted to go for dinner.  Suggestion 1: ""Nah, that doesn't sound good.""  Suggestion 2: ""I don't care for the service.""  So I gave up and ""requested"" one of the three or four restaurants they regularly eat at and suddenly that sounded good.  In short, I think that I was kind of trained to be noncommittal or overly flexible simply because it was easier than having to drag out the inevitable.  


The thing is, I'm well aware of this, and actively try to stop myself.  A good friend is always asking which of two restaurants I want to meet up at, and for years I would constantly say ""whichever you prefer.""  I realized how annoying that was, and how much work I was putting on her (even if it's a tiny thing, it still adds up, you know?).  So now I've at least gotten myself saying, ""Both sound good,  but \_\_\_\_ sounds better"" which is at least a step in the right direction  


Your fiance, though... if you've brought it up to him often, it's concerning that he's made no steps to change",2,1,,0,0,1
oeq_5fb29083,"Not being flippant, but the best thing is to just not do it. Texts should really be informational rather than conversational.  It is the most inefficient form of communication after mailing letters or waving those colored flags in specific patterns.",1,1,,0,0,0
oeq_37b000e2,"If you were engaged to someone who had cheated on you, and was very possibly still cheating on you, you would want to know, right? And if the person who knew was someone you didn’t know, you would probably still want that person to tell you, if your fiancé didn’t confess, right? 

Cole deserves to know. He has a right to make an informed decision about whether or not he wants to marry Diana and whether or not he wants a paternity test for the baby before he finds himself on the birth certificate for a child who may not be his. 

But, if you, a person he doesn’t know, tells him his fiancé was cheating on him, there is a very good chance he won’t believe you just based on your word. Do you have any sort of proof of the cheating? Or is it going to be your word against your friend’s? If you don’t have proof, tread very carefully because your friend will probably deny it if he confronts her, or he will just assume you’re lying.",2,1,,2,0,1
oeq_10abbcd1,"When you're in public with your ""platonic"", announce with a loud and   positive voice whilst shaking their hand, ""I'm so glad you're my friend""

https://imgur.com/gallery/jpNZjRp",2,1,,2,1,1
oeq_dcc4d16e,"If it's the music that you love, keep in mind there are numerous additional roles you can play in the industry - marketing, manufacturing, production, sound & lighting, sales, etc.

If it's the artistic side, being a writer, producer, engineer, studio wiz, etc.",2,1,,2,0,0
oeq_b04be990,"It's hard to know with such little information, but when I've heard this complaint in the past from friends, it's always been a lack of maturity problem.",0,1,,0,0,0
oeq_1bb39b7a,"Listening IS helping, although you can politely explain that you’re sorry you can’t offer any advice or opinion. Then change the subject. Welcome to the wonderful world of interpersonal communication..just try to be kind.",2,1,,2,1,1
oeq_3d88abc1,"Super amazing idea, I thought about that too. Her mother speaks only modern Chinese and her dad can speak a few different languages. Either way, I thought it would be an awesome extension of respect to her parents culture.",2,1,,2,1,1
oeq_c5656fce,"Well, first let's figure out if you are just physically moving at a slow pace, or if you are getting distracted and that is the cause for time getting away from you.     

Can you describe what seems to be the culprit?",3,1,,3,1,0
oeq_478bfa2d,"You’re sort of past the point of worrying about “interest.”  You worry about interest when you’re early into dating someone. You’re six months into an official relationship.  I hope interest wouldn’t be a consideration at this point. I digress. 

So now, there’s a number of things. I honestly don’t want to harp on your age gap as you’re consenting adults, but realistically when you mentioned her situation it became a lot more relevant. With no context, conventional wisdom would ask what a 35 year old had in common with a 22 year old. It would still ask the same question 3 years later. 

Why? Because you’re here working three jobs. Why is that? We can only assume it’s because you work your ass off and want to set yourself up for success. Completely honorable.  But then you’re here dating someone not working at all and living at home. Living at home wouldn’t really be an issue, but her not working certainly should be. Is this not a problem for you when thinking long term?

The next issue before getting into the specific thing you posted about is that you’ve been “on and off.” Why is that? That’s inherently a problem, but maybe you have a legitimate reason for it. 

So now to the issue at hand. You had a planned meet up.  11:30 is late, but if that works for you both then it works for you both.  Did you have communication leading up to it?  Like confirming you’re still on the day of? How about reaching out before you left?  If that didn’t happen, that’s on you. 

Now, in a silo, I’d agree that you drove to see her and her not responding is shitty. But she didn’t “stand you up.”  She fell asleep. That might happen when your meet ups are that late. Which is why the communication before then is so important. 

Despite all this, I’m not even saying you’re right or wrong, that you’re overreacting or properly reacting. I just think we need all of this information to know for sure.",2,1,,2,0,0
oeq_04575cdd,"It probably will, but it may be worth consulting a lawyer to see if there is an easier way to do it. ""low cost options"" on the individual market are a scam and one of the ways the insurance lobby, through the executive branch, has chipped away at the ACA",3,1,,0,0,0
oeq_0472bd1a,"Identify your triggers. Figure out what gets you to that point. It's not the effect you need to address, it's the cause. Then acknowledge panic for what it is: harmless. It sucks but you need to let it happen. The harder you fight it the worse it is. For me, it comes in waves. I ride them out because there's nothing I can do about it. And somehow, that helps.",3,1,,2,0,1
oeq_b1c3991c,"This would be a huge deal breaker for me, personally.",1,1,,1,1,0
oeq_809cd61f,Maybe you should expand your dating pool.,2,1,,2,1,0
oeq_0bd169b5,"Maybe this will teach him to actually share important information, like dates and times of things that he wants you to show up to.

It sucks for him but he has no one but himself to blame.",1,1,,1,0,0
oeq_dd362d60,"Might not work for you, but it has for me in the past:

Stop thinking about it as a job and start thinking of each hour as what it's going to pay for. I don't know what your hourly rate is, but the first couple hours of your day are to pay this month's electric bill, then you're paying for the water bill, rent, food, date night, etc.

For me at least it makes me just put my head down and get my work done on rough days by thinking of it as something that I have to do to pay the bills vs a way to spend the day. It has the added benefit of reinforcing what an hour of work really pays for and just how big a waste that coffee that costs 20 minutes really is.",2,1,,2,1,0
oeq_2be64e4b,"Consider doing anxiety exercises. They're usually simple mind ""games"" meant to distract you from what's stressing you out.

* A simple one describe aloud (or since you're on a plane, loudly *in your head*) the things you see. Yankee ball cap, brown leather boat shoes, Skymall magazine, etc. Keep describing objects, people's facial features and focus on those things.

* Similarly describe a physical sensation that you giving to yourself. Not like pain, but say you have a water bottle, and a napkin. Get the napkin fairly wet, not dripping, but still soaked through. Hold it to your arm, and focus on how cool it is, wet it is. Same thing, keep describing it to yourself. Focus on the heat of your arm slowly warming it up, the beads rolling downward.

* Lastly, do math in your head. I don't have anxiety, but when I'm trying to distract myself, I try to see how high I can do the powers of 2 in my head: 2, 4, 8, 16, 32, 64, 128, 256, 512, 1024, 2048, 4096, 8192, etc.

Physically, have something to play with. A fidget toy, a game device/apps downloaded, a book or e-reader. Once your on the plan start playing/reading and don't stop until you've landed.

Lastly, have a stress-relief ""treat"". A stiff drink, medication, a good candy bar, masturbate in the bathroom. Something that will calm you down, and not feel so tense.",2,1,,2,1,0
oeq_a6e3afe6,"Your 30.  I don't know if you want to get married and/or have children.

Would you want this man raising your child?",0,1,,0,0,0
oeq_d33ea218,"If it bothers you, you have to say something. Obviously, the friend is flaky like that. You are not. A change in your behavior worries you friend and makes the friend send more messages in order to see if you're all right. If you're not replying in a passive aggressive snoot, that's a problem that's going to affect your friendship in the long run. Say something. Doesn't have to be ERHMAGERD DRAMERZ just be like ""hey, you, it bother me when you don't communicate for weeks on end."" Good luck!",1,1,,2,1,0
oeq_f847c979,"Call her bluff. She will back down. Sounds like she's a leech anyway, and if she does scream divorce, tell her if she dont like it, she's welcome to leave and get a job.",0,1,,1,0,0
oeq_5e2a8367,"Exact same situation. Funnily enough, it's what got me my current and former job: I mentioned I had no social life whatsoever and the interviewers positively lit up. Probably because they're industries heavily populated with 18-25 year olds likely to call in 'sick' when they're needed the most (night-shift/weekends).


Because I'm usually working with much younger people, I find the questions are more topical or vapid than personal. I'm more likely to be asked 'what do you think about musician x' or 'have you seen movie y?' than 'why are you childless and single at 33?'. Funny thing is, although I'm a very quiet person and a lot of people pick up on this, I'm not a *private* person. If people ask me personal questions, I'll answer to the best of my ability. I just don't like volunteering personal details.",2,1,,2,0,1
oeq_1063a476,"It's fine if you are enjoying and making the most of your singledom. Build your career, but also remember to cultivate your hobbies, your interests, and your mind, and attend to your connections with friends and family. If or when you are ready for partnership, or find yourself attached to someone, flow with it. Be water.",2,1,,2,1,1
oeq_5f8258c3,What other outcome were you possibly expecting?,0,1,,0,0,0
oeq_d406b323,"From my experience:

The best way to make friends on your own merit is to join a club/student union/school team.. etc 

When I finished second year uni I didn't have too many 'close' friends. So I decided to join a student society as well as an extracurricular school team. Through these things I managed to make some of my closest friends. 

By my fourth year I was pretty well integrated within my school and was on various school teams, participated in many extracurriculars, played intramural sports, I even became tight with my TA's and played squash/binge drank with them. Good times.

TL;DR - branch out and do random shit outside your comfort zone to meet new people and make friends.",2,1,,2,1,1
oeq_5506ad7d,"Practice. Do shit worth being guilty over. I became a good liar through practice. There are of course other ways to practice. 

For instance:  The other day I was having a conversation at work about some topic, I forget what, but somebody overheard me and said ""wait, you're leaving the store? Where are you going?"" 

I had no idea what she was talking about, and I assumed that she must have misheard me. Seeing the opportunity, I immediately switched gears and said, ""Yeah, I thought I had already told you... My last day is tomorrow."" 

In that moment, I tried to sell my honesty. I tried to imagine what it would feel like to be giving her that news. Excited to tell her, but sad that she had to find out this way. A little bit guilty that I didn't tell her sooner. Obviously its difficult to convey these emotions fully consciously, but taking a moment to mentally switch gears and get into the mindset of the person whom you wish to be is so critical to selling your 'truth'. 

Even though you aren't lying in this case, lying is based on lying to yourself. If you want to sell a dishonest emotion, sell it to yourself. Don't just start with a situation like that. Lie to total strangers about your name. What do you do for a living? Today you're a computer programmer, tomorrow, you're working retail. 

Get a little practice, and soon you will be able to more effectively control the unconscious responses that your body conveys in every interaction. Pay attention, and bluff whenever you can get some practice. I have had some really damn bad social anxiety all of my life. So I learned to lie. 

Fake it till you make it. You'd be shocked to see how far it takes you.",0,1,,0,0,0
oeq_ec604cfd,"A good chair with multiple adjustments. This will not be a $99 chair from the office store. Feet should be on floor, lower back supported, shoulders relaxed with forearms supported, etc. After chair is adjusted,  extend arms/palms out toward your monitor(s) and your finger tips should be in the top 2/3 to 3/4 of the screen. If they're not, prop up monitors with a monitor stand or books until they're at the right height. When monitor height is correct, chin should be parallel to floor when looking at monitor. Elbows should be at 90 degrees while typing. Move keyboard until elbows are at 90degrees. Wrists should be straight and flat, not twisted or angled. I use wireless ergonomic keyboard and mouse from Microsoft.  Keyboard is split in the middle and has a contoured surface. Much less stress on arms now. Finally install Work Rave. It's free and super annoying. It will require lots of tweaking before it reaches a level of bearably annoying. But it's worth it for health reasons. It forces micro breaks and macro breaks that keep carpal tunnel at bay.",2,1,,2,1,0
oeq_72cbf5c3,Just be frank. I hate when ppl try to word things it seems manipulative. If you think something and you need to tell someone just tell them That you need to be honest and hopefully they will take your point. Negative is negative positive is positive. You can't say something negative in a positive way and they won't have feelings about it. They will still know how you really feel regardless of semantics,0,1,,0,0,0
oeq_0730ab6a,"Since no one's been serious yet. You can't ""move on"". Pain just dulls over time, and you either forget about it due to other things occupying your minds time, or your bad emotions start to fade away, and you see it all in a newer light. The best advice is to live life as you always would, minus the friend.",2,1,,2,1,0
oeq_2061b078,"Your last sentence explains Everything you need to know … “but I had hoped this would be a low stakes issue where it might be easier for him to take accountability for and admit that he may have made a small mistake, as he struggles with that and it has been an issue for me in our relationship”

This is a core part of who he is. It won’t change. Instead, you will contort yourself and change for the worse in order to deal with it and you will lose a part of yourself.",2,1,,2,0,0
oeq_c987f788,"This dude is a decade older than you, he's a cheater, and he has you doing his fucking laundry? Ditch this loser.",1,1,,1,0,0
oeq_149d7226,"Just get a *professional* job. It really doesn't matter. Sales is usually the easiest. 

You'll make a bit of cash to pay your bills and figure your shit out.

When graduated college I moved to the City I wanted to live in and, looking back at it, I probably could have qualified for food stamps. But I wore a suit, people liked me, and I moved up rather quickly. 

If you spend too much time worrying, you'll end up fucking yourself. Just get a job and treat it as your profession. You can worry about the path later.",1,1,,2,1,0
oeq_3413ff2a,M,3,1,,3,0,0
oeq_def842cd,"I set up sporadic rewards for myself. One hour of writing? Thirty minutes of gaming or Reddit. Go to the store and go grocery shopping? 30 minutes of gaming or Reddit. I won't allow myself to go online or game until I have done one productive thing. Then set a time limit for that ""fun"" time before the next productive act. Just always make your reward less time than your productivity. 5 hours on a report? 3 hours of Netflix etc.",2,1,,2,1,0
oeq_d758324b,No.. acting against your true self will give those around you a false image that you will have to maintain.. this will eventually lead to depression and self hate.,1,1,,0,0,1
oeq_3383ba7c,"It's so great that you're seeing this in yourself and looking to get better at it. 

I would start by taking some time out for serious honest reflection. Why do you have the current opinions you do? Why do your feelings go a certain way? Is it the way you were raised, what you were exposed to, hurts or expectations in the past?  Once you have a firm grip on *why* you feel the way you do, you can move on to an information gathering phase.",2,1,,1,1,1
oeq_dfde4de7,"Whenever I hear one adult proposing to ""let"" or ""not let"" another adult do something, I conclude that the partnership is breaking down.

I have the kind of job where I can fall asleep at my desk for a while and nobody cares. Assuming that you as a couple need your boyfriend's income to pay rent, the answer probably depends on what will happen at his job if he falls asleep at work.",0,1,,0,0,0
oeq_544af952,"There is *literally* no upside to being upset or frustrated that someone is doing something, not *saying* anything to them about it, and then becoming *more* upset or frustrated that they keep doing it.

If it bothers you, if you don't like it, *say* something to her about it.  Say it kindly and gently, but *say* it.  For all you know, she's doing because she thinks *you* think it's cute, and if you tell her that you don't, she'll stop.

You've been together for three years.  Eventually you're going to have to learn how to talk to her about things that might be upsetting to one or both of you.  That might as well be now.

Oh, and don't go into it from the perspective of ""telling her to stop"".  It's not your place to tell her what she can and cannot do.  Go into it from the perspective of telling her how you *feel* about what she is doing.  Then it's *her* choice whether to stop or not, based on her evaluation of how important your feelings are to her.",1,1,,2,1,1
oeq_de61765b,Is NextDoor available in your area? It’s a good way to meet people nearby with common interests. Friends don’t need to have same-aged children. Maybe you can host a potluck with your neighbors to get to know them better.,2,1,,2,1,0
oeq_1cb4a33b,"My step-dad taught me that 24 hours is such a tiny fraction of your life. Meaning if I could just wait 24 hours between wanting to buy/do something, and actually buying/doing it, that would greatly reduce the number of impulse-decisions.  Most of the time the regret comes after a night of sleep anyway.

TL;DR:   Give yourself at least 24 hours to make decisions which aren't urgent.",2,1,,2,1,1
oeq_93a6af76,"You can’t. All you can do is continue to be supportive and let him do things in his own time. Don’t beat a dead horse here. You’ve told him you won’t judge him, now just let the information sit out there. You won’t make him feel any more comfortable by repeatedly bringing it up. With respect, this is a him issue, not a you issue.",2,1,,2,1,1
oeq_49329a5d,"There is no secret to communication. Tell her how you feel. If she doesn't take your feelings seriously, there can't be a relationship between you two. It can only be reciprocal. You may wish her to be a different way but this is how she is and you will save yourself a lot of heartbreak if you leave before more invested.",0,1,,0,0,0
oeq_df850100,"As a fellow Indian here are some few tips.
First, try to be a better friend to him (which You're trying to be) and show him your support. That does matter a lot to us when someone shows confidence in us in a foreign land.
Second, try to correct his pronunciation. We're indeed quite open minded.
Third, encourage him to speak more and more as it would help him acquire a better accent.
Fourth- Make him Date a girl. Nothing encourages a guy to improve as a girl.
Fifth- Try to talk to him about it head on. We Indians appreciate honesty.",2,1,,2,0,1
oeq_a1b68462,"After a year, he isn't willing to see you more than once a week, and he's told you that his schedule and time come first. 

His response shows you that he only wants this relationship on his terms and his terms only and absolutely does not want to compromise. Don't wait 6 months; cut him loose now. Find someone who doesn't make you feel guilty for wanting to spend more time with your SO.",1,1,,0,0,0
oeq_34d25a21,That information is most likely coming from one of the 3 big cr,3,1,,3,1,0
oeq_1a39597d,"It’s not just cheap, it’s the suspicious element that creeps me out. He sounds very transactional and like he assumes women are users. Imagine a future and what would happen if you have kids. He doesn’t sound like he had a generous heart, that’s a lot more than being cheap.",1,1,,0,0,1
oeq_8fc38af7,"As a fellow student I understand your feeling. I always tell myself that I am doing for my future and that instant gratification is not as important as long term success. Study habits are also very important. It is really important to know when to stop being stressed and take regular work free time to keep me working at an efficient rate. i.e. I study for 3 hours then spend half an hour closing all books and doing whatever I want. Here it is really important to designate work and study time, and not to mix the two. Studying with your phone for example is a horrible idea because it distracts you and you will not learn as efficiently. Your brain is in both work and relaxation mode. Another important thing to do is to take 5 minute breaks every 50 minutes as you will keep your brain refreshed meaning you learn more efficient and therefore have to spend overall less time working.",2,1,,2,1,1
oeq_cff48638,You're depressed.  People think depression is just sadness but it's just as often exactly what you're describing.  So if you can figure out depression please let the rest of us know.,3,1,,0,0,0
oeq_05c84811,"Commit to being separated from them both physically and emotionally and focus on other relationships (friends, family). Be willing to endure the sustained uncomfortable learning experience that is heartbreak :/ 
Eventually be willing to fall for someone else, but don't rush yourself. If you are broken up with (as opposed to initiating the breakup) it is likely they will move on first as they already have moved on in a very real sense :/
Believe in an optimistic future that doesn't involve them! You'll fall in love again! This is where I am in the timeline and you will be before you know it :)",2,1,,2,1,1
oeq_cd20b212,"I know kinda what you’re going through. My childhood wasn’t fun. Asperger’s and a speech impediment and physically stunted left me a very sad childhood. I worked my ass off and by the time I was a senior I’m hs I was actually really popular and athletic and life was normal. But for the 17 years prior it was hell. And I envied people who were normal and could do fun stuff. Oh also I was the “golden child” and expectations were so high and I never partied or drank or smoke or did fun stupid stuff with my friends. 

Fast forward. I met my ex and she was amazing, but she was normal. And beautiful and popular. And she did all the fun stuff you would expect from a popular girl in hs. Sex drugs drinking, going to Europe, having birthday parties, fun stuff with friends. I’m college when we dated she went to frat parties and hung out with friends while I went through nursing, worked, and still found time to see her every weekend. 

I was sooooo jealous. And it bummed me out. I had to watch her get drunk at parties as I studied. I got to see her laugh with other people and I never got that chance. Hearing about her going to Mexico or Hawaii or six flags as a kid, killed me cause I never got that chance. And it was a big struggle that took me almost 2 years to get over. 

What I finally realized was… you need to make your own memories. You need to go have fun. And you need to understand… that childhood pushed you painfully into the arms of your bf. Life is a funny thing. You go through so much as a kid but sometimes that makes you into the person you are today and can lead you to finding your forever person. 

Maybe therapy could help. But I would say, talk to him extensively. Sit down for like 2 hours and just rant. And after you’re done, you two need to brainstorm fun things to do together and also for you separate so you can build some fun memories starting now. 

Best of luck. Feel free to ask any questions. And I’m sorry your childhood was awful, so I hope your life only gets better from here.",2,1,,2,1,1
oeq_4bc9848f,Tell this person to shut the fuck up.  Someone who wants validation that badly that they will say hurtful and stupid things is a jerk and they need to be called out.  Treat him the same way you'd treat any other misogynistic dude.,0,1,,0,1,0
oeq_f390ae7e,"I think the main roadblock you're gonna have here is that your restrictions only really play into your current interests and not hers.

It sounds like her lesbian encounters are not a thing she is currently into. So what's the fucking point of just opening your relationship up for a thing just you are interested in?

You are ACTIVELY interested in seeking out another man to have sex with. Like literally the minute she gives the green light, you're gonna vanish in a puff of cartoon smoke in the shape of your body to go make that happen.

She probably has no desire to get out there. And even if she did, the chance that she'd want it to just be with another woman is incredibly low. So while you're out there enacting your long gestating master plan. She's going to just be in a daze wondering what the fuck just happened. This will not be a journey you go on together. You're also further restricting things by implying that it will be a ""random"" hookup. So she's not allowed to get a girlfriend, either.

Anyway, I get that this is complicated and there's a reason why longterm monogamous relationships that suddenly go open based on the desires from one party explode hilariously. But you're coming at this from an extraordinarily selfish angle while fooling yourself into thinking you're also giving her a perk as well. This is like the sex equivalent of giving someone a vacuum cleaner as a birthday gift.",0,1,,0,0,0
oeq_94b19707,"No, I don't think you'd be doing anything wrong. It isn't exactly a ""family"" trip, but more of a ""dad and daughters"" bonding trip. Your sister isn't bringing anyone, is she?

I understand that your boyfriend would enjoy it, but I feel like he would be intruding on your special time with your dad and sister. He doesn't know how to ski either. Most of your trip would be watching him fall or watching him try to learn. That's not the idea of the trip. 

If he's serious about skiing, ask him to learn how to ski first. Perhaps ask if he could save up to pay for his portion next year. Or maybe take a separate trip with him next year after he's learned and saved. 

I don't think it's fair to ask your dad to pay for him. I also don't think it's fair for him to want to insert himself when he was not invited. But that's just my opinion.",1,1,,1,1,0
oeq_93f23d83,"""lol"" to innuendo (in yo end dough) is more trouble than you think. A woman with a strong sense of boundaries ends it right then and there.

You need to tell her you read those messages and that alone should put an end to it because she will feel guilt. If she doesn't you are in trouble.",0,1,,0,0,0
oeq_6beabd65,I have left my issues with people in the past. People I have issues with are also people I never contact so win-win.,3,1,,2,1,0
oeq_5d5c1945,"When I tense up, I stop breathing. I don't so much hold my breath as let out air and then stop taking breaths. It's some kind of nerves thing. Now when I notice stress/tension, I take a moment to acknowledge that I'm physically reacting to some stress. Then I breathe deeply and focus on slow deep breathing for a while. My body goes from feeling a sense of foreboding to feeling relaxed and relieved.

If you haven't already, stop drinking caffeine. It's terrible for nerves. I cut it out about two years ago. There is no advantage to using it. You can always have decaf coffee if you love the flavor. There is far more benefit to allowing your body to wake up without getting wound up.

A prescription for Xanax helped me realize what a calm, relaxed body felt like. I took a small dose every day or so. After about a year, it was like my body had received training for how to chill out. Don't get addicted. No benefit to addiction with this drug. It will stop working and you'll be anxious again.
Figure out what is unsettling you. Know your triggers. Practice reflection. Get physical to wear yourself out a little. If you're high strung, you have a lot of mental energy to burn or else you'll feel agitated and more reactive.

Find responsibilities/roles where your sense of urgency, intensity, and empathy are needed. Work with your personality in this sense.

Good luck, I hope some of these tips help you.",2,1,,2,1,1
oeq_f6bd9c3a,"I'd tell them you have 3 kids by 3 different women, and you cannot afford any more.",1,1,,1,0,0
oeq_425cda3e,"If they're pestering you, you can go get the ring and hold on to it... see if they notice. That'd cross the line into illegal though. It's almost certainly ""only"" misdemenor (usually Grand Theft, or a felony, is around $2k depending on the state) and your chances of getting prosecuted are very low for a $500 ring they willingly gave to you and even bugged you to come get. You could get a receipt for it, making it even more convoluted for them. You wouldn't have a very good defense if they DID figure it out, but they most likely misplaced the records for the ring you picked up if they're after you about it and prepared another ring for you. It'll most likely get written off, but you should also consider whether it's a small jewelry shop or a big chain (although I don't at all know how jewelry frnachises work). Never do that to a little guy.

Again, **totally illegal** but probably doable. I'm not recommending this course of action, just speculating.",0,1,,1,0,0
oeq_8c06d9b3,"Try mentally visualising the event three times. First in colour as you think it will go, second in black and white as you think it will go, then third visualise it going as good as possible.",2,1,,2,1,0
oeq_b42e6a81,"Your mom didn’t throw your brother out because of you. She threw your brother out because she’s an abusive, homophobic bigot. Fuck her, she’s the one who is wrong. I’d check in with your brother and make sure he’s okay.",1,1,,1,0,1
oeq_480bcb86,"I just used the fact that I knew I was overreacting to help myself. 

You should control your emotions, not the other way around.",0,1,,0,0,0
oeq_77cc953e,"I just honestly, and politely as possible, respond with ""I don't talk about those things"".  If they press, I maintain the same answer.

Sometimes polite is a luxury.",1,1,,2,1,0
oeq_7ca3b0c6,"&gt; He seems to think nothing is wrong but how is it not when I literally do everything??

He's got exactly what he wanted: a younger partner who will freely give him her hard-earned money (to *gamble* with), and all he has to do is pick up the tab 1% of the time. He has no interest in changing because **this arrangement works for him**. 

You need to ask yourself why you are covering the costs of someone who's been of working age for as long as you're alive. What are his financial struggles that he has to rely so heavily on you? Why is it he feels comfortable flushing money (YOUR money) down the toilet when every dollar is so precious? Why do you feel like you need to pay for his company?

&gt; He’s loyal to me and 99% of the time is nice to me 

He's loyal to your wallet. 

Also, I doubt he's so stupid that he doesn't realise how much it hurts you that he has no money of his own but is comfortable wasting yours. He just doesn't care. So no, he's not actually a nice person.",1,1,,0,0,0
oeq_bfd6a339,"You are an amazing person to be able to do all of this as I’m sure you are recovering from your own traumas.  May all of the good you are doing come back to you 1,000 times over.",3,1,,1,1,1
oeq_35f56c59,"You could also fake a break up with your current fake boyfriend. That would explain why they can't meet him, and you could also be ""too brokenhearted"" to entertain any of their arranged suitors for the foreseeable future. Anytime they bring it up, just fake a tear or two and mutter something about not being ready yet.",2,1,,2,1,0
oeq_b3a200da,"Desensitize. Start with easy(ier) things like talking to a stranger, doing little things to draw attention to yourself in public, or role-playing/play-arguing with a friend you trust. Once you get on a roll you'll start to like it.",2,1,,2,1,0
oeq_02f6e027,"I'm often in the same boat that you are. What I usually do I say something along the lines of ""I'm still trying to learn more about it to figure out my thoughts on it. What do YOU think about XYZ?"" Most times, all your ""pushy listener"" really wants to do is talk about what they think. Just throw them a bone and let them ramble on to avoid conflict.",2,1,,2,1,1
oeq_04d969df,"To a 35-40 year old who's been working for 20 years you *are* a child.

I'm 28 and I'm treated like a youngin by people still.

Get used to it. Life isn't fair. Fake it till you make it.",0,1,,0,0,0
oeq_64f0f692,"I find touch and eye contact to be very calming to others. It may not work for everyone, but putting your hand on their forearm or upper arm and saying ""Hey....hey look at me for a second"" will introduce calming feelings. Forcing eye contact by moving your head into their line of sight while asking them to look at you distracts their attention for a moment.

Then in a low tone say ""I know this is frustrating as hell, but I care about you, and I want you to put this out of your mind for just a moment so that it's just us."" Sometimes they're so angry and in the moment that nothing will calm them down, but it's worth a shot.",2,1,,2,1,1
oeq_aa86f662,"1) **To make new friends, you need to expose yourself to new people.**


You obviously won’t find people knocking at your door and asking you to be friends with them. You got to meet and interact with new people. And not only that, you need to meet the same group of people frequently enough to click and to know each other enough to carry the friendship forward. If you feel nervous to do so, pls just repeat, do again and again. Repeating can make you feel accustomed to those behaviors. And everytime you make it, pls say something good to yourself, cos you're doing a great job.


2) **Share your life**


As much is being part of other person’s life important, that much important it is to open up and share your life with them. This is the beauty and simplicity of friendship. You care and share each other’s life. By allowing friends to be a part of your life, by sharing with them glimpses of your life, you provide them with a chance to know you better; you provide them with a chance to be your friend. 

3) **Be there for friends**


People remember people who stand by them in their joys and sorrows. It’s important to be there for friends in their times of celebration and times when they need someone.No matter how busy you are or how inconvenient it is, doesn’t matter if you are late by a couple of days, be there for your folks. There is nothing that cements a bond of friendship as strong as being there for the other person on important days/times of their life.",2,1,,2,1,1
oeq_c29ce7cd,"Lift, If you want to be able to comfortably manipulate your partner the proper way to go about it is to be strong. You can do the firemans carry as suggested by others but that's not COOL enough. The bridal carry and harder things require you to be strong, it also made me feel better even when walking around, my body as a whole felt better and in turn i was happier.",2,1,,1,1,0
oeq_ff2aec3b,"If you’re going to be the woman who says she wants to stay regardless and who is willing to turn a blind eye, own it 100%. You can’t make an adult stop doing something they want to do, and you’ve demonstrated to him that you’ll take it and still stick around. Why would he stop? No point in crying over something out of your control that you aren’t willing to leave him over.",0,1,,1,0,0
oeq_2f2eea7c,"Prioritizing is a good idea. A bit of a warning though - as someone who is becoming organized. Once you start to let things slide it can become a slippery slope. I find that I have to remain strict with myself and consistent on what can or cannot wait to be done. Otherwise it creeps into other things being neglected that shouldn't. 

So my advice is this: sit down and decide what you do and do not want to keep your organization habits in. If you find yourself not wanting to let go of them, you can set yourself limits. For example, you can allow yourself a certain amount of time to do your recordings (set a timer if you have to), then stop. Force yourself to be satisfied with what you have down. In time you will get to where you can do it more efficiently (only getting down what's important) and within your set time limit. 

For compulsive habits like the browser tabs, force a time limit in the other direction. For example, make yourself keep your tab open for a full three minutes when you're finished with a website. If you decide you're completely finished with the web, you can close it out. If not, move on to the next website and start your time at the end of that one. You'll eventually train yourself to just go from site to site without closing the tab.

The biggest mistake people make when trying to change their habits is doing it too drastically all at once. This sets unrealistic goals and sets the person up for failure. By making minor changes like keeping your habits but putting a limitation on them you can work toward changing the limits instead of the habits all together.  You're still indulging your urges but on your own terms, so it doesn't feel as daunting as quitting something.cold turkey. 

Good luck to you, I hope this helps!",2,1,,2,1,1
oeq_f364eaba,"The money in an HSA is yours forever. You don’t have to spend it every year. They are designed to be used for medical expenses as you age. Leave the money there, invest some of it to help it grow and use it for related medical bills as you need it.",3,1,,2,1,0
oeq_567f8ffa,"What I do is I directly deposit my paychecks into my checking account.  At the end of the month, I put the remainder from the previous month into my savings.  This happens at the same time I receive my next paycheck.  So I'll always have enough money to cover my bills, but I'll never have more than a single paycheck's worth of money in there.  This is also a nice way to track your spending each month, because you can just view your savings account transaction history and you can see how much money you saved each month rather easily.

I do this personally because my savings offers higher rates than my checking.  But there are some banks/cr",2,1,,2,1,0
oeq_dd1371ac,"Short answer: just be yourself, i mean just act like you always act. Don't be different or something 

Long answer: i'm too drunk for a long answer",3,1,,0,0,0
oeq_5567ba63,"Depends on the situation.


If there's somebody that I want to get to know, I usually look for something about their attire or what they're doing.  Better if I end with an open-ended question about it.

E.g. Cool set of earrings, graphic T-shirt, or if they're drinking an odd-colored drink at a bar.  Never something that would be considered sexually charged.

""Wow, that' drink is really bright green.  What's it called?"" ... ""Oh? What do they put in it?""   (You can get the bartender to help in that one, which makes it a three way conversation, which is less threatening all around)


You can point out something that you're both watching - fireworks, the band, people dancing... Whatever.  If you're looking to start a connection (and you are), then an already shared experience is a good foundation.",2,1,,2,1,1
oeq_1143ecf3,I don’t buy the Gerald is just a friend thing either. He is attracted to you and was clearly a threat to your relationship. There is a reason he gives you the type of attention he does. You either know this or you are incredibly naive. Your ex was right. If you really love him then stop hurting him.,1,1,,0,0,0
oeq_10074d2c,"I think 2 months is a tough time for an “event”. Birthday, Valentines Day, Christmas, etc. If I were in her shoes, I also wouldn’t want to be too over the top and appear too invested and scare you away. I am wondering if her texting you was an opener to see what you were doing and if she could do something with you? Your 21st birthday is also a big deal (in the US) and she may have assumed that you already had plans with friends? But in general, I agree that communication is key. My husband and I do birthdays, but we don’t do anniversaries or Valentine’s Day. We do Hanukkah. And it works for us because we’ve talked about it and are clear on the expectations.",2,1,,2,0,0
oeq_fd3f2df8,"Really try to think about what you're about to say and if it will be interesting, helpful, or influential. Try to really listen to what other people say, and don't worry about giving your opinion as much. People love to be talkers (me lol) and honestly, it gets boring to have to listen to those people. Make what you say worth listening to.",2,1,,2,1,0
oeq_b78d3f46,Find a different gig. Be professional and only address work things. Avoid being without a witness when you are in their company.,0,1,,0,0,0
oeq_a624c993,"Your partner sexted your friend and you're asking if you should break up? I think the answer is obvious, don't you think?",0,1,,0,0,0
oeq_8b9da4d4,"I do it like this: Phone in one front pocket, wallet in the other, keys clipped to my belt-loops with one of those $2 climbing clips.",2,1,,2,1,0
oeq_f018f141,"For first date territory, unless the conversation was provocative to begin with, this is creepy.",1,1,,0,1,1
oeq_aa2c432f,"Guessing you're young, feels like you know it all and that everything is so simple.  A part of aging is realising everything is a complex mess of contradictions and that the world muddles by.  Humility is being prepared to listen and weigh up what you hear.  Most people will cling to a belief in order to be consistent even if it's proven false - learn to let people change your mind.  Invite them to.  Challenge them, and be smart enough to take on new information and adult enough to say ""ok, that sounds right actually, thank you"".
People give advice freely if you ask.  Ask and listen.  The advice might be useless, or might be brilliant. You'll decide what feels like a good fit for you and what doesn't, but appraise it all fairly and with good grace that the giver is offering it with.",0,1,,0,0,0
oeq_fa5b4a5d,"This is disturbing. You did not embarrass him by bringing up that it hurt (and you're well within your right to be angry - pain isn't fun), he SHOULD be contrite for physically hurting you.

His response of, ""We will just have vanilla sex from now on,"" is him trying to get you to make him feel better about him messing up.

You don't have a problem (you told him what NOT to do), he has a problem that you don't like being hurt. 

You're not being unreasonable here. Period.",1,1,,1,0,1
oeq_39b136ee,"After viewing your other post...


his mum is not your responsibility.  He is not your responsibility.  You need to get out. You are actually in modern slavery. Get to a shelter and explain the situation.",2,1,,0,0,1
oeq_7b6201f9,Just don't sleep. This method only works for 3-4 days but godamn does it produce outstanding results.,0,1,,0,0,0
oeq_7ed3b2a2,"You sound like me a few months ago. My ex of 2.5 years just up and left with no reason at all, except that she is bipolar (diagnosed). A few months later she started dating this *really* rich fat guy and a few months after that(during Xmas) they got engaged. It hurt. More than I dare to relive. I balled my eyes out and soaked up every ounce of the pain. I let it all in. I watched as our dogs that we got together sat crying at the window day and night, crying, waiting for ""mom"" to come home. I found notes all around the house that she had left for me and cried some more. 2-3 months into it I was visiting my family and my mother tricked me into stepping onto a scale. What was once my 165 lb 5'9"" body was now 117 lbs. I had given up and it wasn't really clear until that moment. That was the smallest I had been since middle school and I am 29 years old. My family wanted me to stay at a VA facility. What I realized in the wake of it all was that even though I did/do love her, I love my dogs more. And I wasn't going to abandon them the way she abandoned us. Because of that, I knew I only had one choice, continue living. The second thing I realized is that I was incapable of being alone. My entire life I have had myself surrounded by other people. Sports, relationships, family. I was never really alone. I always had someone to talk to, someone to occupy my time with. After she left, I realized I had no one. And that's what hurt the most. Not that she left me. I see now how much better I deserve. Not how she left me. Which I wouldn't wish on anyone. But that she left me alone knowing full well I had no one as we had moved states together. The next step I knew I had to take I had to do alone. I had to beat that part of me. It's been almost 9 months. It's the longest I've been without sleeping with someone or even considering it. I talk to a couple close friends on the phone once a month or so and my parents a couple times a week. The rest of that time I spend on me. I've never been mentally stronger than I am now. I am back in the gym and at 145 lbs. I don't drink or smoke(medical marijuana or cigarettes) at all anymore and I did both in excess. I eat three square meals a day, work on a Kickstarter page I am hoping to launch next month and work hard in school. Little by little, I find a way to improve myself. I still have bad days and I still miss the way she made me feel about myself. She had a way of making me feel like a king. But in the end, I had the power to do that as well, it just took time to see it. 

That's the best I can tell you OP. Everyone has a different story, but there's mine and I hope it brings you a little bit of help. If you ever need to talk, feel free to PM me. There is also no shame in seeing a professional and there are dozens of places to do it for free. Just except that it is part of life, but it isn't the end of it. 

Oh, and get a dog. Those fluffy bastards are amazing.",2,1,,2,1,1
oeq_71a678c1,Stop talking shit to people about other people behind their back.  If you talk shit about someone behind their back EVERYONE knows you will talk shit about them behind their back.  That is a terrible way to start a career.,0,1,,0,0,0
oeq_bfd07c7b,"Here's my point of view, as someone who was on the streets for 7 years. I was always grateful regardless if it was 50 cents or 100 bucks that someone would kick down to me. So I'm sure they are grateful and really do appreciate you helping them out. 20 bucks doesn't seem like a lot, but when you're on the streets you can make it go far. Sure I'd buy alcohol, and I was mostly honest about it, (Yo, can you spare some change for alcohol and I promise you I won't buy food) was my line, but most the time I'd buy food lol. 

So they'll more than likely will be getting their fix or maybe they'll get food, but now when I give back, after the money leaves my hand to theirs it's really none of my business what they spend it on. I normally say ""Get whatever you need"" when I give people money. 

I personally don't think it's foolish, but at the end of the day you need to be sure you can take care of yourself. Sorry if this makes no sense, was a long day.",2,1,,2,1,1
oeq_e89f9db0,"This wouldn't work for me at all. I know I'm not everyone's type but I have no desire to be with someone who evaluates people based on a celebrity aesthetic and who doesn't think I'm attractive. You do you, though.",0,1,,0,0,0
oeq_152e8254,"You can sell them on eBay. For example, if you have a $50 iTunes gift card you can sell it for $45. 

It’s not “cash” but you can then transfer the money to your bank and withdraw it",0,1,,2,1,0
oeq_65bb517e,"&gt;My boyfriend of 5 months reluctantly stopped messaging his ex when I asked **but refused to tell her about me** when I asked him to and **still didnt tell her about me when she kept messaging him**.


Yeah no.  This is dodgy af.  He's still got feelings.  If they were just friends, then he shouldn't have an issue telling her he met someone else.

Honestly if you were my friend and we were in a bar or coffee shop talking about this, I'd advise you to end the relationship.  Why be in a relationship with someone who has their ex living rent free in their head?  Go out there and look for a guy that is going to be 100% into you.


&gt; ""she doesnt mean anything to me anymore i dont know why youre making a big deal out of this""

They why doesn't he tell her about you? Why hide that?",1,1,,1,0,1
oeq_88238fe1,"It is his responsibility to deal with his emotions nobody is going to baby him, everyone is on their own path and having to look anger themselves",0,1,,0,0,0
oeq_df4986eb,"Education is the most important thing. Personal hygiene is just as important. Take them to museums. Support sports choices. Keep in the most constant contact you can. Let them know when you're proud of them. Let them know if you think they can do better.

Contact. Most important.",2,1,,2,1,0
oeq_0eae3d04,"I raised my daughter by myself, and with my mom's help when I worked evenings or weekends. 

He's let you know his opinion. It won't change. 

My advice if you keep the child; Don't talk bad about the sperm donor; don't date; & focus on your child. Love may find you while you're out living life, but don't go looking. Keep dates away from your child for 6 months to a year. Kids really do form attachments and it's not fair or right to introduce them too soon. 

Source: I was a single mom. Those are the areas that seemed to affect my daughter the most.",2,1,,2,1,1
oeq_16c11619,"How about: ""are we going as a date, or just as friends, because that is *totally* going to change what kind of flowers I order""",2,1,,2,1,0
oeq_754aef59,I say stop before you get overwhelmed. 5 or 10 minutes everyday will make a difference and hopefully won't wear you out as much.,2,1,,2,1,1
oeq_533e4f2f,"I think no matter what you would have said, he would have been upset. He’s clearly looking to be upset with you. He sounds exhausting.",2,1,,2,0,1
oeq_e3eb0d20,"Don’t let them use your shit, or sign out each time, or simply make them a alternative account on your pc so they can’t touch your shit and change your pc password, then you have 2 accounts 1 for you and 1 for their stinky eyes",1,1,,0,1,0
oeq_e79c7883,"Looking through your post history this seems like you making things into a competition with her EX, instead of actually giving her a gift she may want.",0,1,,0,0,0
oeq_bc0b1f48,why are you trying to live together with somebody that already dumped you MANY times?,0,1,,0,0,0
oeq_8a9d1eb1,[This could suck but it works for me] I find that comparing myself to others isn't the issue because that is the only real measure anyone has to measure themselves. I think the issue for a lot of people comes from how they use the comparisons. I tend to look at what I like in people and I want to emulate that aspect of them. This leads to me both liking that person more for recognising a good thing about them and also  gives me goals for how I could be doing better in my life. But this is just the opinion of one kid so take with ample salt ^^,2,1,,2,0,1
oeq_b8cb6bea,"Really look into different options for scholarships and grants, fill out your FAFSA and take out student loans that you can pay back. He doesn't have to pay it all upfront in cash. If it's something you may want look into the military.",2,1,,2,1,0
oeq_f3bc48e9,"&gt;She estimates that it is somewhere between $30-50k USD, so in my head right now I'm thinking of it as 40k in debt.

Unfortunately I think you're probably wrong: it's probably more than 50k.",0,1,,0,0,0
oeq_8e4a5456,"&gt;So after we got back together

Why did you do this?",0,1,,0,0,0
oeq_ce4546a8,"There's no golden way. 

Try to find something that's personal to connect with, something that's close to the both of you, parents, family, passions, hobbies.

Put yourself out there and see who responds, if no one does perhaps it's your friends, maybe they're not looking for closeness, or maybe you're approaching it from the the wrong way. 

It's hard, and it takes confidence to open yourself up, but chances are, people will turtle in the exact some way; they won't open up unless you do. 

If confidence is lacking, take baby steps. No one cares if you make a minor mess up, and even if they do, laugh at yourself, and build on from there. It's going to take time, but I assure it, time well spent.",2,1,,2,1,1
oeq_521c002b,"If I found silence awkward, there would be a lot of awkward silences in my life. The trick is to just not care. If I'm with someone and the conversation dies out, I don't try to think of anything to say. Not a thing. I will sit there and relax until something comes up. I don't try to force conversation or small talk. Nor do I stare at my phone, either. Just relax and go with the flow and don't feel pressured. Being relaxed and not worried about it is more attractive than trying to force conversation. Stop worrying about the silences and they stop being uncomfortable.",2,1,,1,0,0
oeq_1a2dc191,"It seems like there are two different issues here

1) your husband is forgetful - I'm not sure there's much you can do about this, but I promise you, nobody is going to  think you're gaslighting your husband because he mixes up his numbers or forgets things a lot. They probably already know that he's forgetful

2) your in-laws look down on you and your upbringing makes that much more difficult - this is the issue you can actively work on. I know you say you've talked to him about not including negative details. Would it be worth another conversation about exactly how his in-laws make you feel and how he can help you with that (ie by actively talking you up, or anything else you can think of that would help). I think going into detail about your rationale and having a real heart to heart about this insecurity would help him understand how important this is to you.",2,1,,2,1,0
oeq_b13bdc0e,No more lending or buying for him. Friends and money do not mix. Cut your losses and consider it a lesson learned. It doesn’t sound like you’ll be getting your money back any time soon.,0,1,,0,0,0
oeq_1b7f44c2,"Either she pays for you without expecting to be paid back, or she starts to go to such trips alone. She can't have it both ways. Put your foot down dude, are you really planning on ending broke?",2,1,,2,0,0
oeq_20334da1,"Make sure you tell them you love them and will miss them before going, so last meetings before the trip are sweet.

 Leave a small gift someplace for them to find. 

 Mail them post cards. They will arrive after you return home, likely, but sitting and writing them is a way of sharing a moment with them.

 Skype and email weekly, if you can.  Not so often that you don't get to experience the things you are traveling to experience.

 Have fun! Stay busy, meet great people, do memorable things.",2,1,,2,1,1
oeq_57826d14,"Sounds like she needs to work on communication. If she wanted you to come see her at her place since she didn’t feel like driving, she should have said that. It sounds like she cancelled plans without making it clear that she still wanted to see you. Are you supposed to read her mind??",1,1,,0,0,0
oeq_c005206a,"LIFE is a numbers game. There are a number of failures required per success. The more difficult the challenge the more failures per success can be expected. The difference between good and great is usually small. A pro baseball player fails 7 out of ten times in hitting and makes the All-star team. The same player fails 8 in ten and he will be looking for a job. 
The KEY is to keep trying, over and over. Have no memory of past negative results, they are just part of the process. Desperation will be sensed like a bad odor. You must be interested and engaged but don't ever let the other side think you NEED it. They must think they need you, to fulfill their own desire for (x).",2,1,,2,1,0
oeq_63246db7,"Wait for an occasion and offer your number first. ""Hey if plans change here is my number. If I am going to be late, is there a number I can call you at?""",2,1,,2,1,0
oeq_f587d87a,"The same as anywhere else. Never spend more than 90% of what you make and save the other 10%. In time, that will ensure the security. 

Form that one habit, and you will be fine. Unfortunately it is a unpleasant habit, and more unpleasant the closer to poverty you are, but like all habits once acquired it will be easier to do, than not do. 

That is the secret, I think, to live. Habits. We are merely animals, and like all animals we can be trained. The only difference with us is we are both the trainer, and trainee. I heard it once said that you will either consciously form good habits, or you will unconsciously form bad ones. 

Sadly most of us chose the later, and by the time we want to change for whatever reason, we now have 10,20,30 or more years of a habit to break, which is insanely hard.",2,1,,2,1,0
oeq_08aa1658,"Well, is that a bad thing? Maybe life should be about exploring a lot of things to a decent level of detail, rather than just doing one thing and one thing only. Maybe it's good that you've done all sorts of fun things. I don't mean this in an ADD way, but a mind that requires new stimulus from time to time is a healthy one.",2,1,,2,0,1
oeq_5a2d1786,"Always, always, always pay the FULL BALANCE each month. Never carry a balance on a cr",2,1,,2,1,0
oeq_5e608098,"I agree with other commenters. This is a secondary problem - primary problem is that you don't actually want to be married to her. You compromised for her, now she expects you to live the kind of life she wants and you fundamentally disagree on such life values, making this untenable. It's not about spending time with her family or yours or whatever, it's that you've bent too far for a situation you don't want to be in.",1,1,,1,0,0
oeq_9f2a8e7e,"> an interview

Apply to 50 more jobs in game design, get ignored 45 time, get 5 interviews and 1 job offer. While you're doing that continue to train your skills and keep track of relevant news and advances in the game design industry. Go to as many relevant events as possible and try to network/stay relevant. Be ready and *excited* to move anywhere. If you get rejected 100 times, lower your standards and spend the next 2-3 years getting back to where you want to be.",2,1,,2,1,0
oeq_3bb03725,This is referred to as existential anxiety and you're not alone. I suggest taking a look at some Rupert Spira YouTube videos and books.,2,1,,2,1,0
oeq_b7bec61c,"Do NOT fucking have an affair.  It's one thing to fall out of love with your partner.  It's a whole other thing to fall out of love and then willfully and purposely stab them in the back.  It WOULD BE the worst thing you can do for yourself and your wife in the long run.

Your situation sounds like the perfect opportunity for marriage counseling.  Not necessarily to make the marriage work, but to figure out what's best for everyone and to process the tough decisions with a neutral but supportive third party.",0,1,,1,1,1
oeq_dd573b80,"For the last few years, I've been setting the clocks in my house three or four minutes fast (so it will read, say, 4:56, when it is in fact 4:52). This strategy works really well for me. When I have to be somewhere, I usually check my wall clock or alarm clock (not my phone) because I'm rushing around my room getting dressed or something and only spare a quick glance for the time. Despite the fact that I have manually made the effort to speed the clock up (and have to adjust it every six months for DST), I'm not thinking think about that when I'm freaking about about being late somewhere, and I find myself rushing out the door in accordance with what the clock tells me. (Then, miraculously, I make it where I'm going on time :D) Hope this works for you!",2,1,,2,1,0
oeq_16eb20aa,"I honestly don't think he will magically love you in two weeks, that's not how it works. 

You can definitely date while gaining feelings at different points. It's strange he doesn't feel love after over a year though.. you guys are close to two years. It's a little long for me for a guy to be unsure.",2,1,,2,1,0
oeq_0487c48f,Why do you love someone “deeply” that doesn’t prioritize you?  You DO deserve more and if you’re unhappy in this relationship then end it.,1,1,,0,0,0
oeq_06169b72,"The important part of finding a good deal is knowing when you're getting one. You should have bought the ticket when they were 100 bucks. Try skyscanner or cheapoair. Also, search for airfares using incognito mode(those browser cookie data plays a part in jacking up fares). Try Southwest (with their free cancellation policy, I think I have never looked at others)",0,1,,0,1,0
oeq_70a85c1a,"I cant count my real friends on one hand. For me, I found my real friends were not from the same social circle. They represent different facets of my personality and each interaction flows in such different ways. I think highlight what do you enjoy what they bring out of you and vice versa. It probably wont be people who encompass all that you are but as long as when you converse and interact and grow together, the dynamics of who you are consistently gets enriched. Your first internal question is, why should we be friends?",2,1,,2,0,0
oeq_6a6d7189,"A few things. First, give them a little space, as long as you are sure they are safe. Sometimes people just need to cool down a little. 

Then, it might be a good idea to see about helping them find a counselor that can help them out. 

I have serious anxiety and can get very difficult to deal with sometimes. Going to therapy was not only helpful for me, but also for my husband, as I learned lots of ways to help him communicate better with me and got lots of printouts of coping techniques that he could use to help me calm down. 

Everyone is different, so what you need to do might be very different from one person to the next, but generally you need to be available but not pushy or clingy, calm (definitely try to not feed off of their anxiety as it will just build in both of you and make everything worse), understanding, and respectful. Don't treat them like they are crazy. Treat them like someone you love that is going through a tough time and almost certainly feels like total shit. Ask them what they need, but don't push it. And always make sure they are safe.",2,1,,2,1,1
oeq_1e19cdeb,"I am a nanny and I work for the incredibly well to do (after all, they have to pay my salary so they need to be earning so much more than me that I'm able to be ""just a bill"" to them, right?). I often have to take the children to the country club pool, or other posh locations in keeping with the childrens' financial/social standing.

Here is what I learned:

- Things don't impress the rich. They have expensive things not to show off (that's those who aren't yet rich and/or new money who still are thinking like those who aren't yet rich) but because those things are of Buy It For Life quality. They also can afford to maintain those things of such quality - such as paying for sharpening of expensive kitchen knives and so forth. {To this end, I will never own some of the items my employers have owned because it seems like their possessions, while never breaking or dying, own my employers instead because they have to be cared for in their own ritual. No thank you.}

- No one cares about you unless you look awkward in the situation. Then they notice that you don't belong and want you gone. Walk in with confidence born of, ""I am allowed to be here same as you."" Be there same as them. You are allowed.

- Don't mention their money. They don't. You don't. And if they do, remind them that it is gauche. For everyone at a place with incredibly wealthy, there is always someone wealthier who will lay the smack down on Mr. Boasty-pants. By keeping your mouth shut, you actually appear to be on the really wealthy side. Because those with the most money are the quietest about it.

- Enjoy the trappings of wealth! The theater room your brother in law is building isn't just for him: he wants to share with those he loves. Share it! Accept the gift! Let him love you the way he knows how.

But no, you aren't weird to feel this way. Took me a bit to get comfortable in the world because I didn't know all of the ""hidden rules"" and social norms. Turns out they are exactly the same as the ""modest income"" world, except they have more toys/things/experiences to share with one another and spend less time being flashy.",2,1,,2,1,1
oeq_a9c0e5b2,"Oooof

Wow, the misogyny is strong with this one. She is opinionated, headstrong and outspoken and this...bothers you? And you have the audacity to call it *nagging* when she speaks? 

All of your likes about her is what she can do *for* you and how she can fulfill a certain role.

Do you even like your partner because you seem to have nothing but utter disdain for her.

Let her go, she deserves so, so much better.",0,1,,0,0,0
oeq_3f7c5fcb,"Your boyfriend is the problem, OP. He is *not* a support for you, because support begins with believing the other person about their experience. He quite simply doesn’t trust you to accurately report or interpret your own life, which drastically limits his ability to support you in responding to it. He just doesn’t have what it takes…and should probably reconsider his career choice, too.",1,1,,1,0,1
oeq_b822a70b,"Take a deep breath, in through the nose and out the mouth.   Take another.  Tell yourself that you are going to be okay and repeat as necessary.  If the feeling gets overwhelming, and constantly happens, go talk with a professional and see what else they suggest.  You might need an occasional pill to not get overwhelmed.",3,1,,2,1,1
oeq_a83dae8e,"Your first stop should be to go over to /r/personalfinance and read the sidebar articles - top notch advice. Learn (from there and other articles to google based on that advice) to budget and live on a cash basis; after every paycheck there should be immediate transfers to accounts that pay bills or savings accounts where there are restrictions and penalties to withdrawing. After that, any left over is your cash allowance you can blow if you like, but at least you've paid the bills first. 

The most extreme way to live on a cash budget like this is to get a bunch of jars, label each according to an element in your budget. Get paid, take it in cash, put amounts corresponding to your budget in each jar. If the jar hits empty, you've spend that budget category for the month/pay period. 

Can't emphasize hitting up /r/personalfinance - too much good advice over there.",2,1,,2,1,0
oeq_d8037f18,"This is an ego problem and not a financial one. 

No one thinks more about you than you do, so make it positive. When comparing their new item and your older item appreciate the comfort, and worn in areas of life. Did they buy an expensive drink? Water is free and healthy, chug that double win down! When you are stuck in comparison your choice is up or down…so choose gratitude over greed. Enjoy the life you have rather than being miserable desiring someone else’s. Life is best lived.",2,1,,2,0,0
oeq_32e85cdd,"You're more likely to meet people when you're by yourself than when you're with other people.

Stay sober, though. No one to look out for you, plus, I think it makes you more approachable. Not just for picking up, but even just friendly conversation.

Side note: I used to work in a bar. The guy that picked up the most girls would come and stand by himself at the bar. Worked almost every week.",2,1,,2,1,0
oeq_f071df98,"Try distracting yourself mentally. For example, try some basic mental math like counting down from 1000 by 7 each time a la Tokyo Ghoul. You could also count numbers out of sequence. Your brain will switch from being anxious to focusing on a new task, neutralising the anxiety. 

Source: I have OCD. Stuff like this helps with intrusive thoughts and my obsessive thinking.",2,1,,2,1,0
oeq_e9ef724e,It is best to handle this ethically and legally. Going the unethical asshole route could sabotage your chances of a legal solution. Be civilized.,0,1,,0,1,0
oeq_ad69e8e2,"You, uh, really want to marry this guy?",0,1,,0,0,0
oeq_46061088,"Read these books:  

The power of habit -Charles Duhigg
                                   
The slight edge. -Jeff Olson 
                                   
7 habits of highly effective people. -Stephen covey",3,1,,2,0,0
oeq_9ba25ada,"Just get the fuck out. Sleep in your car, shower at gas stations etc. get out before it escalates.",1,1,,1,1,0
oeq_3bfa1898,"I have to ask, what does she actually do with her time?

What other friendships or relationships (e.g. with family) does she have, and how do they look?

Maybe I'm just over-extrapolating because you specifically list only the things she won't do, but this gives the impression of someone on a fast track to getting home from work, making dinner, and sitting down to stare at a blank wall or resume their hundredth consecutive marathon through all of Seinfeld. Does she love, I don't know, reading, music, dining out, board games?",3,1,,3,0,0
oeq_5bfe3135,"My wife and I call it **""decision fatigue""**. The back-and-forth makes us cranky, basically. It's one of the major things we focus on avoiding.

Two tips:

1. Talk to her. It'll probably be one of those uncomfortable talks (sorry). But, growth can come from it. An ex-GF talked with me about it once 5 years ago and it was a major lesson in my life.
2. Encourage her. Tell her ""that's a good idea."" Encourage a bias for action/yes. If you second-guess her, she'll second-guess herself. Are there times where you should fix it for her? Yes, but it's a ""bias for action"", not a requirement.

Final note: there are many models for marriage. My wife and I have me as the captain and her as my first mate. I steer us on major decisions. This was/is hard for me, as I want a peer-relationship with my wife. But she wants to be my helper. So, I had to become more assertive on guiding our young family (which was an adjustment, as I'm a ""nice guy"" by default and want to accommodate her).",2,1,,2,1,1
oeq_91642313,"Talk to him in a manner that isnt ""I don't want to be a brother of..."" Your concerns are valid but you kinda came off like a dick there. Be clear about the job experience thing, video games aren't necessarily the problem, it's being responsible. 

I don't have a great answer, but I will say it didn't help me when my family members weren't straightforward. If they acted overly concerned and just said ""you shouldn't play as many games, go work or hang out with friends like a normal person"" I wouldn't listen to it. 

If he's doing okay in school compliment him. Maybe offer teaching him to drive as well? I know that's rough if you can't commit your time/vehicle, but it'd be nicer than mommy or daddy helping cause they have to.",2,1,,2,1,1
oeq_9f33d528,"Oh jeez. Let's see. Things I wish I knew at 18.

Just because you have money, doesn't mean you have to spend it.

Saving accounts can help with that.

Cr",3,1,,2,1,0
oeq_88342247,"First off, I don't recommend seeing a doctor for medicine. The medicine they give you will likely be addictive and/or mind-numbing (not in a good way). It may be helpful to see a psychologist/therapist, but I get that the anxiety can get in the way of that, and if you can find this healing within yourself, it will be quicker and more effective. Still, think about it. A good therapist can help you find this in yourself quicker than anything except monk-level m",0,1,,0,0,0
oeq_83a52828,"LDR is a deal breaker for some people. Even if you disagree, you have no right to decide or judge what is a deal breaker or not for someone. This is their life and their preference. Plenty of relationships have ended because LDR is a deal breaker. There is nothing wrong with that. It just means different values. It seems better to just end it if you are planning to break it off anyways.",1,1,,2,1,0
oeq_088f4bca,A gift of $1000 could make a fair size change in your life. Downpayment on a car. Pay off a cr,3,1,,2,0,0
oeq_2eb2bcc9,Maybe try volunteering; you'll get to meet people and put your time to good use. If you like animals I know animal shelters usually can use a hand just playing with/walking dogs.,2,1,,2,1,0
oeq_c11afa08,"Well, I think this would be like a job interview. How do you differentiate from the next candidate? So in social context, how are you any different or more special compared to the next? 

1. Try to focus on detail. 
Did you remember they had a dog that was sick last time you spoke? How is that dog doing now? How's your daughter doing at school? How is your wife finding her new car? Have you traveled much?

2. Compliment. 
Everyone lurves being complimented. Don't go into flattering-mode. Say simple things to start off with. Oh, that's a lovely dress you have on. I like your handwriting. I enjoy our discussions on blah. You always see the best in people.

3. Compliment on people to others. 
Just imagine, you're talking to someone and they say: Hey, Dave just mentioned you are fantastic at blah"". Now be Dave. Tell people how lovely Mary is with the children. How brave Sarah was when she was involved in the car accident. How efficient Jackson was when the deadline was looming.

Just a few things to get you started. I also recommend observing people. Especially people you admire. Why are they so likeable? What specific aspects do you admire them? Perhaps these are the reasons to be leave an impression.

Good luck :)",2,1,,2,1,1
oeq_a6f1d1df,"Don’t ask questions that can be simply answered with a singular word or answer. Ask open ended questions that require some thought and insight. 

One of my go to questions is “What has been keeping you busy lately?” This requires the individual to go into further detail and then you can dig for information from there. Be sure you listen to understand instead of listening just to answer. Conversations should naturally flow from one topic to another. Eventually you will find something that piques their interest and they will open up more.",2,1,,2,1,1
oeq_423ce261,Buy a product on the release date.  Return it the same day without a receipt.  They'll typically give you the lowest price it has sold in 30 days.  Being it's the first day then no worries.,0,1,,0,1,0
oeq_4501c8e7,"In my experience, it can't work unless you marry the person. Perhaps i'm emotionally and socially infantile, but it take far too long to ""get over"" one another, which is cumbersome and distracting at work. Even if things ended amicably and both persons are reasonable and level-headed, the risks are pretty great.

But then again, where else but work do adults meet other people? we spend so much time there it seems so ridiculous that we've built a culture rejecting romance in the workplace. Meeting people at bars is just terrible. No one wants to talk at a gym. Work just makes intuitive sense. leave it to us to make things more difficult than they really are, right?",2,1,,2,0,1
oeq_9292d336,Let me guess: the carriers that you're going to want you to get new phones along with the service and they want to charge you around $200 a month?,3,1,,0,0,1
oeq_63ef595a,"I speak from experience - keep it clean. Tags updated. If its hot, keep the windows down but not too much so you don't get owned by mosquito's. As it gets cooler its not as bad. Keep the windows down slightly and keep the windows cracked slightly so the inside doesn't overheat.

Wear a blanket or three in the winter. Keep your jacket on and head gear + gloves. I got to stay at a local hospital at night to keep warm (wasn't that busy at night). I had to leave in the morning though when alot of patients came through.

Stick it out, I lived out of my car for six months. It can be tough, but doable. Feel free to PM me to go more in detail of you need it.

I'll do my best to assist you on a more personal level.",2,1,,2,1,1
oeq_96727c62,"Hey OP.

I was outed as a sex worker by the national press 6 years ago. I was out to everyone around me, bar my child, and I decided then that I would tell my child when old enough because other people were threatening to do it for me to try to embarrass me. It only would have embarrassed my child, like you are just now, if I hadn't prepared in advance.

I laid the groundwork so that sex and sexuality, and women's choices were all discussed before I told my child. Then I told them slowly in an age appropriate way over the years. And they were fine. 

They were fine because they were taught that any legal sex between consenting adults is a diverse subject that really has nothing to do with other people.",2,1,,2,0,1
oeq_a7271d78,"If you ever do decide to let her back into your life, remember that you can always give her the boot again if she backslides. It also doesn't have to be all or nothing right away. You can start by seeing her only at family events, and then decide if you want more contact later.

Letting her back into your lives right now (or ever) doesn't mean she gets to stay there permanently if she starts being an ass again.",2,1,,2,1,0
oeq_f46fa5ca,"Use something like last pass and use their generated passwords that are like 25 characters, alphanumeric with caps and special characters.",2,1,,2,1,0
oeq_2d5fb484,"So there’s a couple things going on here, and let’s start with the most obvious: no adult should ever go into full meltdown mode because they’re disappointed about something. And no healthy couple should be having 6 hour arguments where really hurtful things are being said.  I think you’ve guessed correctly that her meltdowns aren’t due to you not wanting to be married, but her not being able to process her emotions, and once she’s in the safety of a marriage I can only imagine that these outbursts will escalate. She needs professional help. Your relationship needs professional help. Are both of you willing to support both of these things before the wedding?

In terms of you not discussing marriage all that often, I think you really need to sit on that. My instincts tell me that either 1) you don’t actually want to marry her, or 2) you want to marry her but you’re also okay forcing her to do the lions share of the mental and physical labor. Neither of which are fair on her, and this should absolutely be addressed when you see a professional pre-marriage councillor. 

So all in all, if you’re dead-set on marrying her, you need to book in pre-marriage counselling asap, encourage her to see her own counsellor, and you need to take a much more active role in the wedding preparations. “Doing some stuff in the background” just ain’t a thing. You need to start carrying some of the mental strain of the planning process instead of leaving it all to this mentally unstable woman.",0,1,,0,0,0
oeq_736df3a6,"Your friend may be depressed. Your friend may be overextended.  They may have not really want to agree in the first place.  Or they could just be an jerk.  Lots of reasons that they bailed.  People who don't respect others time aren't usually going to change- it's not on you to make them change.  

It's nice you want to include them. Invite them to stuff but don't hold your breath.  Make the plans, give them the time you're leaving.  Maybe call them 10 minutes before they should be leaving their house if you're feeling nice.  But after that, let it go.  Dont spend any more time in your day thinking about it or getting pissed off.  This works for jerks, overextended people, and people who can't manage to get to places on time. 

If they're depressed then you can try and get them help, but again, it's not on you to make them change.  You can let them know you support them.  Realize that they may have agreed to plans but don't have the ability to get out of bed.",2,1,,2,1,1
oeq_2c63fd7a,"Uh, get a job, grow up, and move out.

Seriously, this is the only way.",0,1,,0,0,0
oeq_98108b86,"Make a budget, don’t spend more that you make.  
Saving isn’t that complicated, you just have to combat your urge to have things _now_.  
Be cheap.  Take advantage of whatever you can. 
Live at home for as long as you can. 
Buy a cash car, don’t put spinner rims or a 14” screen stereo...
The financial decisions you make now can/will continue to help/hurt you long into your 20s-30s. Ask me how I know :-/",2,1,,2,1,0
oeq_4b0baa8b,"Sleep is a big thing, get plenty.  

Yearly checkup.

Eat healthy.

Exercise, even just walking, you don't need to become a gym bro.

Do things that make you happy. Low stress happy people tend to live longer.",2,1,,2,1,1
oeq_f1cf59b4,"More compliment for the work well done.
Sometimes bring some food at work like cake or cookies , little surprises always make smile people",2,1,,2,1,0
oeq_fd9291f0,"I'm a short ass bloke 5'6 used to be built like a tank that was 10 years ago now I'm still a 5'6 bloke built like an expanding balloon.

What I learned from my experience when I was happy with my body I got more attention than before because I oozed confidence.  I lost my confidence started wearing badly fitting clothes and walked with my head down and shoulders slumped forward. 

After some self reflection I asked myself this question what if I walked like I had the body I had 10 years ago?  What if I started dressing the same way (excluding skin tight) well what happened my confidence came back.

Walk into a place like you are the most beautiful person there, dress like you have the body you want and in the back ground start sculpting that body.  You can with a little research and weights sculpt parts of your body to make some of it look more dainty (if that's what your looking) than it is because in ratio to other parts of you it will be.  Stop thinking negative thoughts about yourself they only bring you down!  And trust me there are millions of people that will bring everyone down in this world but you have the choice not to bring yourself down.

Don't look to other people to find your physical beauty or ideals of perfection sculpt them until your happy.  And use my new life philosophy ""Fake it till you make it!""",2,1,,2,1,1
oeq_7d474b1a,"With your parents, it's probably a lost cause until you are older. You have to understand the relationship there is really unique, and a lot of parents really don't understand that you have to treat your children (especially teen children) like people. With everybody else, just talk to them normally. Do you really think your teacher, who is being paid to teach you things, is going to be offended because you asked to learn things? I got money on he/she being totally psyched that you are interested and engaged.",0,1,,0,0,0
oeq_57390c68,“I can’t commit to those things until the right to bear arms is equally protected in all 50 states.”,3,1,,0,0,0
oeq_c298c561,"Play with her well before bedtime, something active like chasing a feather toy. You can also get an indoor wheel to let her play on her own and get some energy out. Combining more exercise with some puzzle toys like the Mad Scientist (Amazon always has it; it's a food toy) and she'll settle down somewhat. 

Thing is, though, if she's under about 2, she's going to have lots of energy and want to play more than an older adult cat. You might save yourself a lot of sleepless nights if you can afford to bring in another kitty around the same age. They'll play together and groom each other frequently enough to give you some peace.",2,1,,2,1,0
oeq_2fa90394,"Holy shit! This is crazy, I'm so sorry you crossed paths with this person.


I may be wrong but I think his talks about marriage and etc was to maybe get you hopeful/excited so you would stay despite the bullshit he was going to put you through (apart from what he justs did) but didn't anticipate that you were put off by his behavior.


I imagine you must feel very angry and hurt right now, but at least he's out of your life now, before the whole situation went on for god knows how long. Imagine the drama if you found this out way later. He's gone now.",2,1,,1,1,1
oeq_b860c476,"""this isn't working for me. It's over. I need you to move out by date x""

&amp;#x200B;

Don't give her anything to fight about. A break up is not a debate, it's a one sided choice. You don't need to get into the details to prove to her why it's not working, you just need it to be over. Be clear. Be final. And don't let yourself get suckered into fighting about it. Just end it.",2,1,,1,1,1
oeq_428a5230,"Two Main Quests:
1) Survive- you can’t win but you can get the high score
2) Reproduce- you can win and get the high score",3,1,,3,0,0
oeq_f121c658,"It's never too early to write a will, although it's not legally binding until you're 18 (in England at least). From what I remember (GCSE Law) you don't have to go to a lawyer, you can just write it down and sign it, although if you use a lawyer it will definitely be legally binding. My current approach is telling people what I want to happen when I die, although being a 21 year old student, I don't exactly have a lot give away, mostly just my organs if they can be donated =)",2,1,,2,1,1
oeq_8641cb01,"I see no legitimate reason to send anything back to him.  Throw it away.  Or even better, if you have a fireplace or go to a bonfire, 🔥🔥🔥 - set it on FIIIIRE!  It's a small gesture, but it helps.",0,1,,0,1,0
oeq_dece0380,"Christ, idk what I find worse, that you are doing this or that you have to, because both suck",0,1,,0,0,1
oeq_4b6a4b99,What does he do to help when you’re driving? He’s literally doing nothing if he’s just sat there in the passenger seat not helping with directions.,2,1,,2,1,0
oeq_2351d582,"I feel I need to clarify. You say to them,"" I won't go out to eat with you because you won't tip. So if you want to eat, cook it. """,0,1,,0,0,0
oeq_f77689b4,Let others bring up the topics. Very few guys have people who come just to listen to them talk about any given subject.,0,1,,0,0,0
oeq_15e2e504,"You sir are a secret agent. If you tell anyone anything, someone will have to kill them later to protect your identity. So see if you can keep the eye off of you. Deflect with questions about others and such. See how long you can go before slipping up.",3,1,,0,0,0
oeq_9fbf4b2e,"Bro, he hid this shit because he wanted to continue courting her and you at rhe same time. They were never just friends lol. He's been taking her on dates and shit this whole time. 

Like he blatantly told you he already had his backup plan. You're plan B to the plan A that already failed, which was date her. 

And the fact that he weaponized that against you lol. Whooooo. Come on. 

&gt;during the heated argument he said “I lost my best friend the other day and I can’t even tell you about it but she said she’s is in love with me and it’s too hard to hang around me when I’m dating you so now I’ve lost my best friend”

He said this 100% to hurt you and put you in your place. He said this so you'd know he had a chick already wanting him so you should be grateful he's spending time on you. And this was AFTER he already told you he has a female best friend that he spends tons of alone time with and he refuses to let you meet because ""that would be weird""

Bro leave. This is pathetic drama. Real talk, she only wants him because he's taken lol. Once you guys break up they'll date foe a while and then they'll implode because they're emotionally immature kids lol

Move on. You're worth more than ""I'd be with her if you weren't here"". Like ""I'd wait a few weeks out of respect for you"" what a fucking psycho. 

Fact is you can never move forward unless you and her can bridge the gap and be friends but he and probably her will refuse to let this happen. You're already the 3rd wheel. If he was serious about you, he'd prioritize making you guys friends. He doesn't want that because he wants to be able to dump you without worrying about her favoring you over him",1,1,,1,0,0
oeq_1de4d481,"I deal with some pretty upset people for work, and this is what I do to calm them down (usually very effective)

1) **Calm voice**: Use a lower and slower tone in your voice when you say things. People tend to match each other's vocal/emotional levels, so being calm yourself will help others calm down.

2) **Recognize Their Feelings**: If someone is angry, it's good to show that you recognize they are angry, and to say that those feelings are valid. Even if they are irrational feelings, you can validate the fact that they are genuinely upset.

3) **Offer Productive Solutions**: If there is a solution to the problem, say ""Let's try X."" Then you can create a plan to make the problem go away (if possible).

4) **Redirect Attention**: If there isn't a solution to the problem (other than waiting), direct the conversation to something that is calming or enjoyable. Don't dismiss the person's feelings, but you can start talking about something they are interested in. If you act like you are calm or enjoying the situation, the other person is more likely to match your attitude. Again, this only works if you have already shown you're on their side, otherwise they'll probably get frustrated that you're not understanding them.

**",2,1,,2,1,1
oeq_6b61dca3,"If you actually want to date this girl, DON'T tell her everything. It will be cathartic for you, but overwhelming to her. Just ask her out. If things go well, and you start to date, THEN you can give her your emotional vomit. 

But the best way to freak her out, is dump all your feelings from the past 5 years on her all at once.",0,1,,0,1,0
oeq_5b0a86ab,"Personally I don't know why you literally pay him to treat you like garbage. 6 months is a trial period honey and he's failing. You want this for 60 years? What else does he get angry and childish about? What other things will he not want to hear ""no"" to? He doesn't respect you and never will.",1,1,,1,0,0
oeq_5d251bdb,"Realizing that not all things in life are how you wish they would be is simply a part of growing up. Your boyfriend needs to come to terms with the fact that your family may not be exactly like his, and that doesn’t mean they are being rude or have any sort unfavorable opinion of him. 

To be honest, your family is treating him fine! I’d venture to guess that his relationship with them is precisely what 99% of the rest of us son-in-laws experience!

Has he ever attempted to call them? If he wants the relationship to be a certain way, why doesn’t he work towards pushing it in that direction?",0,1,,0,0,0
oeq_e61a7b2b,"It should be fairly easy. Just do a load of research on what people with really really strong agoraphobia feel like, what the symptoms are and so on.",0,1,,1,1,0
oeq_d2e685fa,"You need to find what gives YOU purpose. You have this one very short life. Move beyond the concept of ""winning"" and move into ""being"" - you don't have to be good at anything to enjoy life. In fact, sometimes sucking at things can be hilarious. 

What brings YOU joy? What inspires YOU? 

Stop thinking about everyone else and let yourself be free enough to just find joy, real joy, in the life you have. 

Even just the little things - that morning light filtering through the trees, the crunch of leaves on the ground as you walk. 

If being inside is making you depressed and being around people gives you anxiety, get out - way out - and just breathe deeply in the fresh air and find a space where you can enjoy this beautiful planet. 

Don't try to be anything for anyone and let yourself find your own personal happiness. 

You cannot give others what you don't have and they cannot give you what you haven't found for yourself.",2,1,,2,0,1
oeq_df09e1bb,"Run. A man who is willing to completely fabricate his identity can’t be trusted. You had to go through his documents to get the truth. I’m 31, about his age, I won’t date anyone younger than 27. Ask yourself this, why would a 32 year old man lie about his age to you? Did you ever meet his friends? Family? They would surely have known his age and they also kept it from you. You don’t deserve to have your partner deceive you. He could be a creep, or married, or a criminal. You don’t know because you don’t actually even know him.",0,1,,0,0,0
oeq_55da952e,"Grabbing your brush is not normal behavior. 

It is acceptable for you to firmly state ""Put that back. Do not touch my stuff.""

If you don't feel comfortable doing that, tell the staff. ""These people keep harassing me and taking things out of my bag. I don't want them to. Please make sure they leave me alone.""

&#x200B;

It's also okay to say ""I prefer to work out alone."" and put your headphones back on. Even if you're not listening to music, you can play a podcast, some white noise, whatever you want. Or just leave them on so people see them and realize you aren't interested in hearing them.",2,1,,2,1,1
oeq_85924fc3,There are tons of free coding classes online that you wouldn’t have to fake anything for if that’s something you’d be interested in,3,1,,3,0,0
oeq_d9b2a3bc,"She does not have 10 years to wait. If you are not all in on parenthood, she needs to end a marriage, heal, fall in love again (this time with someone who is all in on kids), and have kids with them. That in itself is a years long effort where the most optimistic outcome is her trying for kids when her fertility is starting to decline.


This is a science thing, she’s not randomly putting pressure on you. I’m a 36 year old woman, and fertility metrics are a big factor in my relationship choices now.",1,1,,0,0,1
oeq_53b25260,"You're identifying the thing they are criticizing as ""you"" or ""your identity""..  That thing they are condemning is not actually ""you"" though.   Don't be attached to it as though it is a physical part of you they are deriding or something.. 

Think of these critiques as a chance to see your own behavior from a different perspective, and be grateful that there are differing viewpoints you can draw from in your efforts to grow and evolve..  Sometimes criticisms are useful and others aren't so much, that will be up to you to determine",2,1,,2,0,1
oeq_a0b3f422,"Take a moment, a few minutes before the interaction, to tell yourself, "" I Do Not Need Anything from them (Not even approval)"" 
Relax, always have a (Healthy) stream of thought running in your head about something entirely unrelated but important.

Understand! most people, you are ""intimidated"" by, make no difference in your daily life. This doesn't mean that one should detest or think less of others. However, it is very important that you think more of one's self without being conceited..",2,1,,2,0,0
oeq_b1c02937,"EXERCISE. Exercise is a great way to build self esteem and get healthy. Eat vegetables everyday. And get lots of sleep. But the true key to self esteem is all in your head. You have to be conscious of the times when you have negative thoughts about yourself and you need to replace them with positive thoughts. For example, say you wake up one day and get a good workout in, then later in the day you have a negative thought about yourself you can replace that thought with, ""well at least I worked out this morning, and that means I'm a little better today than I was yesterday"". Set obtainable goals for yourself.",2,1,,2,1,0
oeq_b722bd6c,"If you want to own your own small business, start by taking some business school courses.  A good business startup has a solid business plan that allows for people getting sick and for days off for everyone in the business.  If you can’t do this, your business isn’t sustainable no matter how many hours you pour into it.",0,1,,0,0,0
oeq_7865e0ad,"This sounds really hard on both of you, and like you're panicking to fix things. I think you should extend some grace towards both of you for now.

What your boyfriend said sounds pretty unkind. At the same time, if he is stressing about getting the money in for rent and bills, I can see why.

You have another job lined up. It sucks that you didn't find anything else for the meantime and also that you live in a capitalist hellscape. It sounds like you're scrambling to make up for all of that, in a way that can be stressful in itself, both for you and for him. 

No one is at their best under this amount of stress. Wait until you have your new job and can start contributing again, and until you've both settled a bit into that, then you can assess how well your relationship actually works. Was your boyfriends unkind words a reflection of some temporary stress and heightened emotions, or were they part of a larger pattern of him putting you down and being unkind to you? That's the sort of thing that will be easier to figure out when you're not both panicking over money.",2,1,,2,0,1
oeq_cb74f744,"Just be honest. Tell them it isn't for you. Odds are they are mature people who'd understand. 

Otherwise you can tell them you just found out you are gay.",1,1,,2,0,0
oeq_8b256cec,My news years resolution this year is to force myself to do one social thing I wouldn’t have done last year. So far I’ve had the willpower just to do it and even though usually I have a strange awkward interaction with some stranger I assure myself I’ll never see them again and they’ll forget me by this time tomorrow. Move in with my life and embarrass myself again tomorrow. Hopefully by December I’ll be able to interact with strangers without seeming like a shy first grader,3,1,,2,1,1
oeq_391abaac,"Ask how they know the introducer, then make fun of the introducer. Then tell them how you met the introducer.",0,1,,2,1,0
oeq_62986c4b,Do you actually WANT to learn Russian? If you don't. There's no reason for you to do so.,2,1,,2,0,0
oeq_951947f9,She wants to become an unemployed teen mum with a guy she barely knows who has already agreed to a kid and to and move aboard with zero planning or jobs or support between them. God I hope my daughter has more sense when she's 17.,0,1,,0,0,0
oeq_6de69c37,I feel like the real problem is how and when you brought it up. She probably feels defensive because the rationale you used for spending some time apart was in response to conflict. Whereas it’s a healthy ingredient to healthy relationships too.,2,1,,2,0,0
oeq_7eeb9421,"Deep breaths. Do nothing. You are right: Any contact with EX1 will bring drama. So sit tight.

If your EX1 interfered, the very worst thing you can do is overreact right now. EX1 has been desperately trying to get your attention. Don't give in. Don't let EX1 know he's got you right where he wants you. 

Inevitably, you'll learn more about what happened in time. Let it be.

As awful as this is, remember that a man who will believe your ex after a few minutes of conversation over spending 2 months with you -- without even speaking to you -- is not a man to waste many tears over. If what you think happened, is what happened, then your EX2 has shitty judgment in people and not much spine.",2,1,,2,1,1
oeq_53f233e7,"This sounds exactly like my ex husband. 

&#x200B;

Honestly, leave.   
You have no idea how much this will mess with your psyche for years, I am still dealing with feeling unwanted and unloved because of this. 

You deserve better. 

THIS WILL NEVER GET BETTER.",1,1,,1,0,1
oeq_5d9234ee,Let it go and take it as a learning lesson. I lost $400 bucks on a loan so I learned the same painful lesson.,0,1,,0,0,1
oeq_226db426,"Replace the habit with one you want to have. But, give yourself the grace of time and back-slides.  First, you have to recognize when and why you are looking at your phone. Then, you need to train yourself to pause before you act on the trigger. Once you master pausing you now have the time to redirect your brain to the activity you want to do in place of looking at your phone. Maybe it's read a book or walk more. So, you now experience the trigger, practice the pause, and redirect yourself to reading a book you keep on you at all times or start pacing/walking. Eventually, you will fall out of the habit of thinking of your phone and won't be triggered to look at it.  That said, make it difficult to get to your phone. Either put a really intricate pin on it or always have it in a different room. There are also apps that will keep it on lock down for set periods of time. You might slip up.  It's ok. Forgive yourself and reset. Don't let it throw off the rest of the day.  May the odds be in your favor.",2,1,,2,1,1
oeq_1f261355,"‘Big Sister’ would go over better than ‘Mom’

When you become an adult you start making your own family, whether that is a romantic partner or trusted friends that feel like family.

It seems this woman is falling into the latter category and is acting like an older sibling would. She probably sees you as a little brother.

Again, and I CANNOT stress this enough! Go with big sister. 

‘I really appreciate what you’ve done for me and the relationship we’ve formed over the last while. It feels like I’ve gained a sibling and I’m really grateful for that’.

Do NOT, under ANY circumstance! Use ‘Mom’

You’ll understand when you’re older.

-someone around this woman’s age",2,1,,2,1,1
oeq_9606246f,A story as old as time. When will people learn?,3,1,,0,1,0
oeq_5b2f99cb,"If anyone in this position asks you for money again, just remind the person they already owe you money.  The money I lost to a deadbeat kept him from asking me ever again.  Call it a ""go away"" payment.

No need for guilt (for refusing), either.",0,1,,0,0,0
oeq_89ea24b1,"What does your company policy say (if it’s a mid to large size company then it’ll be written in the employee handbook/packet that was given to you when your were hired on). If it’s a small start up and things are still getting ironed out then it’ll be a bit more difficult for you because they could change their answers either way. If the employee hand book said it’s a use or lose it then you should hold off your resignation letter. 

I’m located in Southern California and when I left, I had accrued about 3 weeks of PDO and they sent me a check for the 3 weeks , separate from my pay check.",2,1,,2,1,0
oeq_6bab3956,"You could still say thank you, but perhaps also had in something about how you could use it, or have been needing, or wanting that item.

""Thank you so much for the book. This is one of my favorite authors.""",2,1,,2,1,0
oeq_1b507726,"I'm pretty sure you're a boy. Otherwise the question would be ""How to gain more time when dating?""
For my experience. Talk to him/her from an **emotional** point of view.
*It's much more effective*",3,1,,0,0,0
oeq_e08195da,">Colleague 1: Gyms are awful. It's like being a hamster on a wheel.

>Colleague 2: And it reeks of sweaty people.

You: ""Well, at least I'm not gonna die before I'm 65.""",0,1,,0,1,0
oeq_ad50ef08,You could do the honest thing and return the money...the cashier could lose his job over this.,0,1,,0,0,0
oeq_7dafe900,"Honestly! Flirting is something that can come so naturally when you learn to be comfortable with yourself. 

Think of it as marketing. Flirting literally marketing yourself to another person. Sure it's easy to make a joke to break the ice. When it comes down to things tho if you misrepresent yourself any amount of flirting worthless. 

I learned this the hard way. I put this girl so high up on a pedestal that I would do anything to get her. Long story short I eventually did but I sacrificed so much of who I was that when I got there it wasn't worth it! 

Be yourself, show people who you really are. Use joke or humor if you have to to start conversation everyone loves a good laugh. The fact is tho you're most attractive when you're being yourself and don't give a fuck of it fits someone else's mold. I'm not implying that you should be an asshole. Just don't compromise who you are to get someone's attention.",2,1,,2,1,1
oeq_e562f78f,"There are usually small shops around where they sell used tires for like 15- 30 bucks. Won't last forever, but will get you by for a few months.",2,1,,2,1,0
oeq_4f2f4d37,"This behavoir will not change.  Tell her she needs to go home and grow up and move on with your life.  Don't let her handle the condoms or you'll have an anchor baby.  

There's no easy way to do it.  You can't be supporting an overdosed child at your age.",0,1,,0,0,0
oeq_6b8aa458,Why doesn’t everyone just pay for what they order?,2,1,,2,0,0
oeq_714e760f,"Canadian insurance advisor here. While you might not be able to address any major medical issues that would get you a sub-standard rating (e.g., obesity, diabetes), assuming you are in good health now you can try to shoot for getting a ""preferred"" rating for above-average health. Work on things that will reduce your stress levels and blood pressure (sleep, m",2,1,,2,1,0
oeq_db7a4bfb,"If you insist on staying with him, it's time to separate finances and be clear about the implications of that.

This might mean moving out on your own, or moving to a place with him that he can afford to pay 50% of (if that is even feasible).

The money you are currently putting towards him should really be going into your savings and investments for retirement, for you to purchase your own home, for an emergency fund if you do lose your job, etc.

You also shouldn't expect to have access to any of his money if you do this (so if he does inherit a lot at a later date, that's his money). I'd also suggest putting your plans to have children on hold.

One of three things will happen here: 1) He'll find another way to force someone else to support him while staying with you (this might look like getting money from family, living with friends or family, etc.). 2) He'll find another way to get support without supporting himself from someone who isn't you and/or that requires him ending things with you (another partner, for instance, or family members who will only support him if he tells them you abandoned him) or 3) He'll actually step-up and get that job to support himself or find a way to earn that money on his own. This will tell you that's he's willing to do it if absolutely necessary but that he'd rather you suffer than he have to.

All three of these things are going to eventually spell the demise of the relationship, if you have any self-respect at all but, in the meantime, at least you won't be spending more money on this fool and it might give you time to build a life away from him and get some clarity regarding how badly you are being used here. In other words, I don't think there is a way where things end well here. Whether you decide to end it now or to keep trying and it ends in the future.

Of course he only wants to work part-time, most people do! Of course he wants more time for his hobbies, most people do! I'd love to not have to work as much as I do. The crucial difference, which makes him a worse option for you than most other prospective partners out there, is that he thinks he's entitled to those things and he doesn't actually care if his choices negatively impact you. He thinks it is worth sponging off of you to do that. He'd rather live off you, despite the damage it does to you and the relationship, then work. He's made that crystal clear and you'd be a fool to stay with him knowing that. He values you more as a meal ticket than as a partner.

I'd tell him he's welcome to work a part-time job for little pay, but that you can no longer financially support him. The support you gave was temporary while he was studying for his career. So he'll need to figure out how he'll come up with the remainder of the money he needs to live. This might look like selling plasma, a side hustle, a different cushy job, etc. But it's not going to come from you anymore.

What he does next will tell you everything you need to know about how little he is actually invested in this relationship. Because the reality is, he's very likely to just look for a new person to mooch off of or a way to try to guilt you into still supporting him. 

He's in his 40s. He's unlikely to change at this point in his life and he's too old to not understand what it means to try to live off someone else's support.",1,1,,2,0,1
oeq_89365d1f,"That sucks, but I don’t know that the people on this sub are gonna be able to help you too much. As far as I’m aware, the only things that you could do are INCREDIBLY illegal, but I’m not a lawyer. You’d probably be better off asking legaladvice or an actual lawyer",3,1,,0,0,1
oeq_3f95085d,"Generally speaking, if you want to be ""charming,"" try to find a subject that the other person is interested in. Then get them to talk about it. For instance, ask what they have planned for the weekend; do they like to go boating? fishing? gardening? Just watch [favorite sport] on TV? Play internet games? And then ask leading questions about how they tackle some detail... and just mostly listen. 

Because people love to talk about themselves and their own interests. If you make a point of remembering details -- the name of their wife/child/dog/etc.,  and then a week or month later ask them how ""little Tommy"" is doing or whether the Mrs. got her promotion, you will make a seriously positive impression. And that can matter a lot at work!",2,1,,2,1,1
oeq_ca806381,"It is hard to go into specifics without knowing detail. Here are few general ideas.

1. Schedule time for quality time together. As part of it, talk through the problem. Listen to each other.

2. If you are not able to get through to each other, or one of you has issue that require a lot of help, involve a professional: go to family/marriage counseling. Yes, you will have to pay, but your are investing by saving and strengthening your marriage.

3. If you have a general idea on what's going on and you feel you can try to address it, pick up some relationship books on that topic. 

Whatever is the approach, talk through it and work on it together, do not try to secretly improve the other person. 

Sorry that you are having rough first month. Best wishes to both of you.",2,1,,2,1,1
oeq_27a73076,"""Hey, it's been fun having you here and I enjoy spending time together, but looking back it feels like we just moved in together without even talking about it first. I'd like to go back a few steps to when we had our own separate spaces and schedules, as I'm finding I need my time and space back to be able to get things done.""",1,1,,2,1,1
oeq_a8e302c7,"They probably would ask when you lost it, and investigate any purchases after that time. Look at surveillance cameras, IP addresses, stuff like that. When they find out the card fraudulently purchased items without your permission, it would get locked up.",3,1,,2,1,0
oeq_66f5cb28,"I can't offer much advice, but I can tell you that from reading this and your comments, holy shit, at 17 you've got such a great perspective on life and the degree to which you love your little brother is incredible. You sound like a really really good human. High five on the therapy. The fact that you are doing everything you can to get both of your parents in to see a therapist with you is awesome. I wish you so much luck!!!",3,1,,1,1,1
oeq_a5c6b168,"See if your insurance covers chiropractic services! Also, maybe get a full blood panel done to just make sure everything is okay.",2,1,,2,1,0
oeq_ced18b85,Social pressure. Make sure everyone in the office knows that this person doesn't pay their debts.,0,1,,2,1,0
oeq_df5f5d84,"Acknowledge what you said, and that you know it was hurtful. Apologize sincerely for hurting them and for being a jerk. Tell them you've learned from this not to talk behind other's backs, and you hope they can forgive you. Remember they don't owe you instant forgiveness. Then going forward keep you word not to do this again.",1,1,,1,1,1
oeq_6e4a02c5,"TL/DR: 7 tips that will define you as an artist.

Are you tired of success? Do you feel like you’ve had enough? Are mediocrity and failure what you’re after now? Or, do you simply want to stall your career and keep success at bay for a while? Well, you’re in luck! I sat around thinking about that, and came up with seven tips that are sure to set you on the path toward failure. Together, they offer the perfect formula for existential and artistic death. Here’s what you can do starting today, if you absolutely want to fail in the arts:
1. Sit around and wait for approval, permission, and authorization to be what you dream of being and do what you want to do. It doesn’t matter that the greatest artists of all time were daring, fearless visionaries who boldly took matters into their own hands with whatever resources they had. Don’t you do the same! 
2. Follow the rules and follow the crowd. Play it safe! Don’t think outside of the box, don’t be different, audacious, or brave ever, unless you’ve been given permission or approval as stated above. Disregard the fact that humanity needs the artist to dream big, take risks, and bust through conventions. It must not be you who does this. Wait for someone else to do it first.
3. Care deeply about what people think. If someone doesn’t like your performance or your art or your writing or whatever, go home and cry, and seriously question your talent. 
4. Actively seek out the opinions of others, especially those who have never taken any risks on behalf of a dream or created any art of their own, and then change your work according to their advice, which they are usually happy to share at length. 
5. Do some more waiting around for permission and approval. It’s the best use of your time, so get comfy and cozy. Do not, by any means, create your own circumstances, opportunities, and marketing materials with the free tools available to you such as the Internet, social media, YouTube, and Vimeo. 
6. At all times, try to please everyone and be sure to live with a paralyzing fear of rejection. This will keep you on your toes and far from any artistic risk-taking and growth.  
7. Allow others to define you, industry professionals and laypeople alike. It’s important that you really know who you are, so always allow them to determine your worth and whether or not you’ve got a future in the arts. Do not follow your heart. Do not look within and trust your own inner guidance. 
I hope you’ll find these tips helpful on your journey. Remember to practice them daily if you want to give away your personal power, feel insecure, uninspired, and ruled by fear. Failure is right around the corner! 

(An artist creates for themselves - it is called 'self expression' for a reason)",0,1,,0,0,0
oeq_259a6745,"There are some nice hiking/biking trails in our area.  It stays light longer now, so we take some time after dinner to enjoy a walk, talk and catch up on our day.

Play tourist in your own town--like someone said, there may be special events, or small cafes that always have live music or poetry slams.  

But mostly, I don't know what you guys like to do.",2,1,,2,1,1
oeq_ff80fc27,"The axe forgets but the tree remembers. His way of bringing you up 100% had an effect on you. You're not making things up, you are not living in a fantasy. 

Why is he different with his granddaughter? He's not the parent this time, he has the luxury to play &amp; spoil and then hand the baby back when she starts to get annoying. 

Maybe he's mellowed out, maybe he's changed....but what's most important here is how you feel.  Are you ok with him having being so strict with you? How do you feel that's affected you? Has it affected your parenting?",2,1,,2,0,1
oeq_a0215cbb,"when they ask you a question, maybe respond with "" good question, I have to think about it"". so you won't feel put on the spot. it sounds like this person knows they're pushing your buttons and they enjoy it.",2,1,,2,1,0
oeq_7270349e,"It depends on the person, the relationship, and the type of conflict. For people at work or acquaintances with which I have a disagreement, I tend to ask a lot of questions and hope they find a little perspective when hearing themselves out loud. It also gives you an opportunity to learn why they think or feel the way they do. Also, try to keep it as light as possible. Humor is the best way to handle stressful situations. If keeping it light is not an option then stay calm and never resort to insults...EVER. Only cowards and simpletons use insults. Instead, use your intellect and remain open to the possibility that you might be wrong, but if you are absolutely sure that you are not, and your logic checks out, then calmly state your side and the reasons why it is so and continue to ask A LOT of questions. Knowledge is power, dude.",2,1,,2,1,0
oeq_94cc147f,"My granny loved cross word puzzles until she got Alzheimer's (they come in large print). Solitaire (online or with actual cards) is one of my elderly mother's favorite past times. Maybe she would like to take up painting. With bad eyesight maybe she could paint big pictures. Books on tape are big with the elderly population at my library.

(You are very sweet to think of your grandmother's happiness.)",2,1,,2,1,1
oeq_74a19df0,"I guess …why does she have to bring up “new” stuff?  And why is this all …consumptive/passive things?  
Like, i don’t go out and find “new memes” to share with my partner.  that’s, lame.  He tends to “hear” about more shows tv than me.  Okay.  so we’ll watch them and have great conversations about the show, it’s meaning etc.  THAT is where we connect, engage.  
And hobbies.  that one i don’t get and it’s strange you are vague.  Most hobbies people invest in and progress to get more proficient…you don’t change it up like a pair of socks!  Take biking.  You get better at it, upgrade your gear.  Maybe find new rides to go on.  You don’t throw it aside after a month and pick up rock climbing instead 🙄

I find it strange how your focus seems to be only on the finding of something “new”.  And not the actual engagement with said thing.  It’s like you want her to entertain you cuz you don’t have a long enough attention span.  But, you’re an adult OP, it’s not your partners job to *entertain* you.  You sound exhausting frankly.",0,1,,0,0,0
oeq_1dc4962b,"So put yourself in his shoes. He is looking for you to have words with your friend about this and make sure he knows its not acceptable at a minimum.

Firstly if you are calling my house at 3:30am it better be a damn emergency no matter who you called in here 😂

Secondly even if his trust for you is rock solid this still looks like a booty call. If some girl was trying to sneak all up in his pants would you be happy about it?

Lastly how you react is important. You might hate confrontation as many people do but you are in a lose lose situation here. What you are actually doing is showing who your priorities lie with. It seems you care more about upsetting your guy friend than your BF. That's your call.

People may call your BF an Ah but it's easy to expect perfect behaviour when judging over the Internet.

Ps. Give you the benefit of the doubt that nothings going on :)",1,1,,2,0,0
oeq_47da3a74,"Perhaps the answer lies in accepting that you're going to feel both happy and sad about the past, at varying degrees and stages of your life.",2,1,,2,1,1
oeq_570f15fd,"Find a comfy chair like a recliner and create a living space for him around that chair. ( not in his bedroom) Move furniture around so he has night tables beside him to store books, magazine electronics etc to entertain himself.  Always make sure there are several bottles of water and snacks in one of the drawers.",2,1,,2,1,0
oeq_de3cd1fd,"Exacerbated, not exasperated.

You tell her ""I'm having a bit of insecurity about XYZ. I'm gonna chew on it while you're gone. If I sound a bit weird it's because of that, so don't worry. Go have fun, and hopefully by the time you get back this will have passed.""

Also.... my guy you've been dating TWO MONTHS? I have cheese in my fridge older than your relationship. This should not be worth stressing about so much that you turn to the internet. That's a big sign that your anxiety is still VERY large and it's likely not feasible for you to chew through it alone. Professional help is very likely needed here. Medication, therapy, or both will help you tackle your anxiety in a more impactful way.",2,1,,0,0,0
oeq_d47c1a68,"I tend to do this too but I have become better at it.  I always will interrupt myself after a couple minutes and ask a question.  Let's say my BF calls and I am complaining about studying/work, etc., before I even finish the story I'll remember to say ""so yeah that's why I'm tired, but anyways I'm sure you're tired too because I know you had to do ___ and it'll go two ways, either him saying no I'm not tired because ______ or I am tired and explain his day.

For parties/social gatherings, I make it a point now to keep eye contact and watch for cues if they seem restless or are starting to fake a smile, then I know to shift gears and start asking questions or look for a way to end the conversation.

Another thing I have practiced is to wait for someone else to answer/respond in group situations or ask the quietest one what they think, and try my hardest not to ""relate"" (basically preventing one-upping) unless I find it really necessary.

You're talkative because people probably listen to you, you're a good story teller, etc., so do not  beat yourself up too much if you talked a lot, insert a few questions or genuine interest about the other person and you're golden!",2,1,,2,1,1
oeq_e32150b5,Unfortunately it kinda sounds like *you're* the secret family,0,1,,0,0,0
oeq_ec1490a0,Hang out with other people from wherever. It's easier to give up shit friends when you have true ones to fall back on.,2,1,,2,1,0
oeq_1036efb8,"If you're looking for friends and your local area is very religious and judgmental about your situation, then have you considered saving up some money and moving away to another city with more open-minded people? I knwo you need family right now to help you watch your baby, but in the long run if you want friends for your own mental health, then either moving to another city or trying again to reach out to others in your local community may be the only options.

Still, take care of yourself and your baby for now, and save up! Good luck and take care.",2,1,,2,0,0
oeq_022955fc,"I think he's using this as an excuse to flirt with girls and download Tinder.

If he wanted to find a girl for a threesome, it's more effective if you were the one searching. But he doesn't want you to get Tinder. And a threesome is a joint project, he wouldn't be getting Tinder when you said ""please don't"", if  it it was about an adventure you'd have together as a couple. Or if he cared about you.

Are you sure you have an anxious attachment style and not just a mean boyfriend?",1,1,,1,0,0
oeq_5a327dc4,"Turn one task into an objective and a more desirable one into a reward. 

Using your examples, complete the task of cleaning the house, and reward yourself with hanging out with friends. 

Pride yourself in your performance in the task, and you should enjoy your reward that much more.",2,1,,2,1,0
oeq_f4c86d57,"\&gt; His response was that he didn’t talk to me because he thought I would lie

You've been together four and a half years and he has no trust in you. Why WOULDN'T that be a dealbreaker?",1,1,,1,0,1
oeq_c4004c41,"Be blunt.

“I feel like things have been really tense between us since my doctor found that mass. Is there a reason why?” 

I’m on your side truly. I left my partner of 10 years after my laparoscopy. He did take me to the surgeon but once it was done and my mom left, he would come home from work and play video games without even saying hi. Didn’t help me get water or food or walk the dog (down 3 flights of stairs) while I could hardly walk without pain or carry anything above 5 pounds without it feeling like my bladder stitches would rip open. 

Focus on you and how you feel. Give him a chance to explain his behavior. It sounds like he is in denial of it being a big deal, or that he loathes responsibility. Maybe he’s terrified of hospitals. Or thinks you’re being dramatic. It could be anything. 

“I feel like you have been avoiding the issue because you didn’t even want to come to the hospital for the surgery”

“I feel like you’re abandoning me” 

“I’d appreciate your support by…”

“I find myself resentful that you didn’t want to be there for me”",2,1,,2,1,1
oeq_20b2fb4f,"&gt; It sounds incredibly stupid but I would rather hint at it and have him bring it up directly than to bring it up directly myself. Because then I would feel like his idea, which is what I really want.

I understand your feelings here, but this just isn’t a functional way for an adult relationship to work. You have to set aside your pride and insecurity and just honestly tell him what you want.",0,1,,0,0,0
oeq_7ee367a7,"I mean, I’m a liberal feminist atheist and some of my in-laws are pretty conservative, and I totally get her wanting to set boundaries around not letting them impose their beliefs on her  - but I would never go out of my way to make them uncomfortable, especially in their home. That’s an incredibly immature and dramatic suggestion, and no good can come of it for any of you. Asking her to sleep in a different bed from you for a brief visit, the first time she meets your parents, is not “misogyny ruining her life.” It sounds to me like she’s a little too eager to be persecuted here so she can play the victim.

Then again, she’s only 20. A 6-year age gap isn’t too huge, but when the younger person in the relationship is only 20, there is going to be a maturity curve that you have to accept and live with if you really want to be with that person right now. (For context, my husband is 6 years older than me, and we met when I was 23.) I didn’t see anything in your post about how long you’ve been together, but it might be worth thinking about whether her suggestions are out of character for her, or whether it’s part of a larger pattern of immature behavior and intentional instigation of interpersonal drama… and whether that’s something she will mature out of or not.

And I don’t know for sure, because maybe she’s heard a lot about them from you, but it kind of sounds to me like she’s making some negative assumptions about your parents based on ethnic stereotypes, which is… extremely problematic for someone in an interracial relationship. That isn’t really a maturity issue, IMO. But I’m white, so please ignore me if I’m off base here.",0,1,,0,1,1
oeq_504b9f66,"Take a moment to step outside of your head for a second and realise, these girls are just people. They aren't a higher being, they are essentially the same as you. Put yourself out there and if it's not enough, screw em. 

And remember, don't put the pussy on a pedestal.",0,1,,1,1,0
oeq_9237d0fb,You could be honest and tell them that you want to know what's happening in there life because you love them and care. No need to come up with some scheme be genuine. Honesty is the best policy. Good luck OP!!!!!!!,2,1,,1,1,1
oeq_727b168c,"Recently divorced here, 10 years together, 7 married. 

I also ""tried"" to salvage the relationship but in the end found myself as the one that was doing all the work. And it still ended.

As I am now about a year removed I look back and can see the signs I missed, I was blinded. I am by no means saying I was not part of the problem but I see where I ignored the obvious. Example.

I on no less than 3 occasions mentioned I felt like I was taken for granted. Efforts were made but it returned to the same routine, I missed some red flags. She gave me a day to get things done(not as petty as it seems). About midway through that day her Mom dropped by to swim so I had to discontinue my work efforts. Looking back *she* should have told her Mom ""I gave JB the day to do stuff and it's just not a good time"". Instead she wanted to keep the peace with her Mom, who is difficult at best.

I guess you could say I was a bit of a pushover but it's in my nature to go with the flow. It was taken for granted.

I was blinded to the fact that she is a selfish person. I can see it now, others have told me now that it's over. I don't think it's intentional, she just doesn't recognize that in herself.

You need to look at why the relationship is not working and see if it is something that can be changed or is it really time to move on. Don't let someone be reckless with your heart. A broken heart will mend but only if you don't allow someone to keep breaking it.",2,1,,2,0,1
oeq_7d85e24e,"Be more mindful of the words you choose before they leave your mouth.
I've been there and I know its not easy. Put some serious, diligent effort in to being more disciplined about your words.",2,1,,2,1,1
oeq_b5c3eb69,"No offense (because it's obvious you care about him) but he clearly has not grown up enough to take responsibility for any of his issues. It's sad he is almost 40 and his instant reaction to anything going wrong is to blame someone else. If i were you I'd think about how this will affect future incidents; kids, pets, buying property, all sorts of large investments. If anything goes wrong, he will 100% blame you and you need to ask yourself whether this is something you want to put up and shut up with or not. The alternative is trying to make him see the error of his ways or break up :/ this is not fair on you.",1,1,,1,0,1
oeq_68bada2b,"Say yes to ~~anything~~ most things! Socialising comes by practice so the more you do it, the better. If someone you barely know offers you to go for a drink, minigolf, or whatever, do it. It's tempting to back out shyly and come up with a thousand bullshit reasons, but every time you step out of your comfort zone, you'll get progressively better at it.",2,1,,2,1,0
oeq_f9e333b4,"Let’s agree that someone who always asks others to correct their mistakes, regardless of the relative importance of the mistake or how well they know each other, is generally considered difficult, draining, and best avoided. However strictly right you may be in each moment, treating everyone as an obstacle to be overcome in your quest to never get anything less than 100 percent of what you are owed is, well, also draining and probably best avoided. What do you get out of writing strongly worded letters to various companies, aside from the occasional buy-one-get-one-free coupon and a corporate-sounding apology? What did you used to spend your time and energy on before you took up this crusade against insufficiently dazzling customer service? Does bargaining with managers actually get rid of that “negative feeling” you develop when you worry someone else has taken advantage of you? If this was working, that would be one thing. But you seem to continually feel aggrieved, no matter how assertively you speak to people who accidentally cut the line, or forgot to scan your coupon, or didn’t offer you a free refill. And it suggests that this hypervigilance, this Angriest Dog in the World act, is exacerbating your sense of being mistreated instead of soothing it.
I think the real work ahead of you lies in asking what other options are available to you in moments when you feel overwhelmed by negativity and the sense that someone else is “getting away” with something they shouldn’t. What might happen if you just … let them get away with it? You say you’ve seen “so many other people letting people know when they made the smallest mistake”—did those people seem happier, generally speaking? Did you get a sense, as you watched them monitor each line and boundary, that they were relaxed, peaceful, and someone whose internal experience you hoped to emulate? When you look back at all the stuff you’ve gotten because you didn’t let anyone else get away with anything over the past few years, ask yourself the question: Was it worth it?",0,1,,0,0,0
oeq_f43ab237,"&gt;My husband has a complicated relationship with our son - he doesn’t feel bonded to him and I believe is starting to resent him because I obviously have to give him most of my attention

This is WAYYY more urgent than your sex life.",0,1,,0,0,0
oeq_1f5dd106,"""Stop commenting on my stomach. I am rapidly approaching the point at which this is going to be a dealbreaker because you are being disrespectful and I am tired of it.""

And if he responds with ANYTHING other than a heartfelt apology and a promise to stop that is then followed up by him actually stopping, you need to rethink the relationship.",1,1,,2,0,0
oeq_ab27ad51,"Gossip about mutual friends helps. When you have nothing else to talk about, talk about each other...",2,1,,2,1,0
oeq_6fba199c,"What did you learn? You are lucky to be alive. You could have died in your sleep. My friend got black out drunk and choked on his on vomit. He died at 22. You live in a large city. Someone could have seen you and taken you. You put yourself in a vulnerable situation. 

They are scared bc they almost lost you due to your recklessness. They got to live their greatest fear of their life for 12 hours. It’s like pulling someone out of their safe reality then sending them spiraling into a hell dimension where they get to imagine the worst thing they can think of for 12 hours. While you peacefully slumber in a field. Are they handling it well? No. 

What have you done to reconcile the situation? Have you wrote an apology? Have you asked to volunteer or done anything where you have to think about others before yourself?",2,1,,2,0,1
oeq_36062d74,"This is a prime example of why relationships take work, no matter how long you’ve been with a person. 

If your idea of love is based off your feelings in the moment then you cannot possibly have any idea what true love is. You have never experienced it. This is also the reason why it is never a good idea to make decisions when you are happy, angry or sad because your mind is clouded by emotion and your ability to make sound decisions or form good judgement is terribly impaired. 

You don’t love the person. You never loved the person. You were infatuated and formed a brief attachment to that person. 

The feelings of euphoria you experienced in the beginning was all because it was something/someone new and as the excitement of learning about that person began to wear off, your attraction to them also began to wane.

Feelings are fickle. Feelings will fail you. You never fall INTO love or fall OUT of love.

A relationship should never be based off something physical. 

Why?

Beauty is skin deep, but ugliness goes to the bone. Beauty fades away, but ugliness holds its own. 

Once that superficial characteristic fades, so too will your feelings for that person. 

Loving someone is a CHOICE that you must make every day regardless how you feel in the moment due to anger, sadness, joy, etc. 

I cannot tell you how many times I’ve wanted to throw in the towel on my marriage because I’ve been hurt, angry or just fed up in some form or another. However, I make a CHOICE to love her every day and so long as there isn’t any kind of abuse or infidelity, what we share is worth fighting for. 

I strongly advise you to seek counseling and work through whatever feelings of trauma or detachment you’re suffering from that may have occurred in your past. Until that is addressed, every relationship you pursue will be a dead end.",0,1,,0,0,0
oeq_65358639,"Fudge a job (job X). Pizza place or a place a friend works or even better an place that closed down. Two jobs, fake one (job x) and current one. Make it add up to more than a year.",0,1,,0,0,0
oeq_d40a4e32,"You aren’t crazy. I feel like he at least owes you an explanation of why it’s so important to spend time with her, considering how you feel.",1,1,,1,1,1
oeq_74115350,"Go to the wedding. It may be a harsh thing to say but your friend who has passed away will not be hurt by your absence. Funerals are for the survivors, to grieve. I'm sorry you will not be able to grieve at your friend's funeral. But you can visit his place of rest later and have your own time to say goodbye.",0,1,,2,1,1
oeq_7affd4b2,"The general strategy here is to think about something else.   
   
I know that sounds almost silly, but it's really the trick.  When the bad thoughts come in, you want to just acknowledge that they're there, and then immediately change the channel to something else.  It doesn't really matter what it is, so long as it is something non-threatening and of your control.   
   
For instance, when driving you can just glance down at the texture of the steering wheel or dashboard, consider the font of the letters in the instrument cluster.  Maybe start playing the alphabet road sign game in your head.  Anything else to put your attention on.  If the nervousness crops up just take a deep breath, say to yourself (either audibly or in your head) ""Very soon I will be relaxed, and everything will be fine"".  Try to imagine yourself in 5, 10 or 20 minutes driving along without any worry.",2,1,,2,1,0
oeq_7918b08b,"Not sure if this will help, but it's a good theory for debit reduction in general.  List all your loans/cr",3,1,,2,1,0
oeq_d8415ee9,"This is from nerves, so heat really won't do the trick unless it calms you down for some reason. Blowing on your thumb like a trumpet, without escaping air, will lower your heart rate.

Source: fuck you. The brain communicates to the heart via the vagus nerve, which in turn gets signals from your breathing.",3,1,,0,0,0
oeq_13bb6262,"I hate when people use their sexuality as an excuse to cheat. It's not any different than if he wanted to temporarily break up to date other women. It's still not fair to you. 

You deserve a committed relationship if that's what you want. If he can't give that to you, then fine. You can break up and he can do his own thing. But you're not obligated to wait for him and you probably shouldn't. Go find someone who wants to be with you and can commit.",1,1,,2,1,1
oeq_7f2391ee,An account in a foreign country is really the only answer. Despite popular belief you don’t actually need that much money to open one. You can make the transfers using bitcoin.,0,1,,1,1,0
oeq_c7aa69a6,"One way that works for me is remembering that people have stressful days, too. I've worked in customer service for a decade, and I've definitely come across some rude people. I've also been the rude one because I've had a bad day. 

Just remember, you have no idea if they just had to put their pet to rest or they just got into a domestic dispute, etc. 

Also, sometimes when people do something that may offend another person, it's really just a reflection of their own issues. If someone truly does something to hurt you intentionally, then they can kick rocks.",2,1,,2,1,1
oeq_95f76a6f,"There's a difference between being supportive, and being roped in to *participate* in all these hare-brained ideas. If you don't want to get involved, then... Don't?

&gt;He is in hot water at work and he started telling me I need to help him more.

Isn't this pretty much the adult equivalent of ""I didn't do my homework, now I need you to do it for me""? Like why the fuck is it *your* responsibility to help him out at the job he is getting paid thousands each year to do? Where's your cut of his salary?

I'm not surprised you're exhausted, I'm exhausted just reading this.",1,1,,2,0,0
oeq_8dca681f,"Worked at best buy for 20 years, there are a handful of things they check serial numbers on, I pretty much guarantee that a chromecast isn't one. Check your receipt, if its posted on there, than you're fucked, if not you're clean. Just buy a new one, go back a couple days later without the box and return it as defective. If its defective they won't really care about the box",1,1,,1,0,0
oeq_85ee6937,"Repeating what they said shows you care to listen to their concerns. They know you understand what they said, and that someone is actually listening to them. 

Example: Jenna is telling you about her friend that committed suicide, and she doesn't know how she can live her life without her best friend by her side. You're response could be, ""I am so sorry your friend passed away. It's never easy losing a friend to suicide, let alone a best friend. If you ever feel alone and would like someone to talk to, I am happy to give you company.""",2,1,,1,1,1
oeq_29ddc177,"This is easier said than done however I'm a big fan of of the phrase ""Don't let someone else live rent free in your head"" http://m.huffpost.com/us/entry/dont-let-anyone-rent-space-in-your-head-for-free_b_5968192.html",3,1,,2,1,0
oeq_1d1fff4c,Was just transferring numbers to my new phone and saw your name - realized we hadn't spoken in a long time. How are you? How's that ________ going for you?,2,1,,2,1,0
oeq_b3ce83d7,"Embrace the thoughts that occupy your mind, you are experiencing completely normal grief reactions. Work is important, but so is your health. 

My advice is to do what you would normally do. If you cry at work, you cry at work. Don't try to change your body's normal death reaction, you must acknowledge it and just let it happen.

PM me if you need someone to talk to, I'm a licensed funeral director and grief counselor.

I wish you the best, my friend.",2,1,,1,0,1
oeq_514343cf,Medical insurance website. Login to your dependant section and view details.,2,1,,2,1,0
oeq_7c84aa53,"Sounds like you were the 3rd wheel who gave them the push to be together. 
Maybe they'll add you or discard you now, you'll have to see. 

The question for you now is, do you want to be their 3rd wheel or maybe prefer a more traditional coupling?",0,1,,0,0,0
oeq_0a917621,You did the right thing OP. He sounds guilty as fuck.,1,1,,1,0,0
oeq_18715832,"Remind her to think about the child's perspective. I was born to parents who didn't plan it, and it was awful. I'm estranged from one parent and I am low contact with the other.  I wish they had waited to become parents. 

Every child should be born to parents who have prepared, saved, matured, achieved their goals, and are ready to sacrifice their money, sleep, time, hobbies, and social lives for the kid. 

It's her choice. Tell her you aren't ready to be a proper father.",2,1,,2,1,1
oeq_9da14646,"Hey buddy. I’ve been in similar situations in many relationships. I tend to be the blunt one. 

I took the time to read through all your responses to other comments. It seems like you’re not really listening to perspectives other than the one you want to hear (“my girlfriend is over sensitive, I was right to criticize her because constructive criticism is fair and she shouldn’t have called me judgmental”). I don’t know if you’re bringing this kind of defensiveness into your relationship. I hope not. From what I read here, it sounds like you’re asking Reddit to adjudicate your character (whether or not you deserve to be called judgmental objectively). 

But my brother in Christ, what strangers on Reddit think is judgmental will not help you repair communications with your girlfriend. Right now, she not only thinks you’re judgmental. She doesn’t trust you to not judge her.

If your goal is “defend my character (to myself,” then it matters whether you were being judgmental (bad) or just constructively critical (fair and just). Reddit might or might not help you answer that question.
If your goal is “preserve the relationship,” it doesn’t actually matter whether Reddit agrees with your self-assessment or not. Your girlfriend doesn’t trust you. I haven’t seen any evidence that she’s manipulating you, or there’s a power imbalance, or you’re both in a cult but now you’re questioning your perception. It just seems like you have different communication styles. 

I think you should set aside questions like “was I objectively judgmental” when you talk to your girlfriend. I also think you should ask her why she feels bad about your relationship. Minor miscommunications like not answering the text don’t generally incur emotional responses (like this did from both of you) unless there’s a deeper issue. I’m not part of your relationship and can’t say for certain what’s going on, but I suspect the issue is something like
-You have a set idea of how relationships should go and you’re following the rules 
-this isn’t working for your girlfriend and she’s told you that 
-you feel defensive because in your mind, you were totally following the rules of being a good boyfriend 
-Now she doesn’t trust you to listen to her, and you feel resentful because you think she should share your paradigm for relationships 

I could be wrong, but I suspect this or something similar is happening. Constructive criticism is only constructive when there’s an unshakeable foundation of trust underneath it. Doesn’t seem like she trusts you to have her back and respect her. Maybe you should reflect on why that is.

You may have to decide which is more important to you: winning the argument (about your character) or saving the relationship. 

And if you two aren’t compatible— which honestly sounds likely— maybe you should break up. It’s not the end of the world. If you can’t take her as she is now, maybe you’d both be happier with someone else. I definitely don’t recommend staying in a relationship where you love a future and improved version of your partner after they’ve accepted all your suggested changes. Too many ways that can go sideways.

I wish you the very best. I was in your shoes five years ago and wish someone had given me this advice. Hopefully it can save you some time and heartbreak.",1,1,,0,0,1
oeq_9729a8e9,"I'm nearing 60. I've never been married but gave been in love 3 times (as in could have married) had major flings that might have turned into love and major crushes here and there.
From a practical point....stay BUSY. Do not sit around moping and crying....let me me be clear. Spend about a good week bawling your eyes out THE N  commit yourself to stop. Stay active, busy, engaged....do NOT drown yourself in drink or drugs. TAKE CARE OF YOURSELF. Eat, play, exercise. 

Give it one month to six weeks of  good clean living and you will start to feel better. I promise. You might feel sad still but won't HURT like it did.

Give it time. The adage "" time heals all wounds"" is true.

Good luck.  Keep your chin up.",2,1,,2,1,1
oeq_f3928948,"With marriage, if it's not a ""hell yes"", then it must be a no.",1,1,,0,0,0
oeq_5234cefe,"1. Get a list of possible drs, i.e., the ones who take your insurance 

2. Check medical board online for history of malpractice 

3. Read reviews online 

4. Ask people you trust for good recommendations and research the dr 

It's so difficult finding a good dr, but hopefully this helps give you a rough guideline on eliminating the outright bad ones! Good luck 👍",2,1,,2,1,1
oeq_b4507afb,"Take the L and move on. You've been fighting for the relationship, but it seems to me, you're fighting alone. Her friends and family talk shit about you and the relationship, yet I'm not seeing anything about her standing up for you. 

She sounds like she's already got a foot out the door, anyway. Her friends aren't your friends, and her family see you as unworthy of their respect, never mind their love. Stop fighting for someone who isn't fighting for you.",1,1,,0,0,0
oeq_85f1f368,"Use a ""doctor's note"" saying you're disabled and unable to engage in physical activities. Have it say just that. It isn't necessary to name the condition.",0,1,,2,0,0
oeq_2061dafd,"I do it too, It's hard not to do depending on the conversation. I sometimes just see how long the other person wants to go on about whatever they are talking about... i.e. ""How long did that take?"" ""How did she feel about that?"" instead of using the words ""I"" and ""me"" i.e. ""I tried that once."" ""I think that's a little harsh.""",2,1,,2,1,1
oeq_29dedece,I've found using the Socratic method and structuring arguments like a debate makes you much more calm during arguments. There is also the added benefit of being much more persuasive.,2,1,,2,1,0
oeq_6d022556,Miss girl! Read this back and pretend you are going to give me advice about this? You know he’s lying if he was really remorseful and trying to get you back he would be going above and beyond to prove to you that he’s serious. Save yourself time and pain and end it now.,1,1,,1,0,1
oeq_bf9a6a08,"So, you’ve ruled out 1, 4 and 5. You want a common last name for your kids so that’s either 2 or 3. But 3 seems like it ends with her taking your last name so isn’t that ruled out by 1? 

Seems like you’re either at 2 or nothing.",0,1,,0,0,0
oeq_3d8a950a,"You're gonna lose out on eBay fees on both sides of the transaction, and potentially pay sales tax.  I can't see a reason why it wouldn't work though.  

It's not even technically illegal to buy something from yourself.  Let's say you own a restaurant and are the sole cook, waiter, ect.  You decide you'd like to have a burger, but since the restaurant bought the meat, you don't want to just take it for tax reasons.  So you pay the restaurant for the burger, which creates a receipt of the transaction.  The end result of this is ""you"" the individual now own the burger rather then the ""sole proprietorship business"" even though everything in the business is also yours.",1,1,,2,1,0
oeq_251ced26,It’s extremely difficult to make 10% per month and the only way to do that is with an immense amount of risk. 10% per year would be more realistic,0,1,,0,0,0
oeq_786631dd,"Why is preserving his feelings more important than your comfort? It’s been less than a week, cut your losses.",1,1,,1,0,0
oeq_98f3a2b4,If they are amazon packages you can have them delivered to a pickup point near your home. You'll have to go get them yourself but they will remain unmolested.,2,1,,2,1,0
oeq_38c6acfa,"As someone who competes in competitive sports, be aware that your *worst* in practice will be where you're *best* in the actual game is... most people think they should be as good in the game as they are in practice, this is never the case. A lot of time it comes down to pressure, so create situation in practice that unsettle you and put pressure on. Time a loud buzzer to go off and challenge yourself to perform much quicker what you usually do well without time pressure. Wear a weight belt in your practice, or use a less-than-ideal ball or equiptment; when you get good enough to compensate for things being less than ideal, you'll do much better when things are the way they should be. Try to think of ways to replicate game play, whether it be doing mock games with a friend or finding ways to put yourself on edge so you can learn to cope. Maybe learn a complicated poem you challenge yourself to recite while also practicing a difficult skill; that simple excersize can show the holes in your skill or focus. Do a bit of m",2,1,,2,1,0
oeq_2f209f00,"idk, maybe its because i have been burned in situations in the past but this is a little too far for me. i would be worried .",0,1,,0,0,1
oeq_359bc573,Give off the impression of a pervert. Leave pornography all over the guest room. Blatantly hit on anyone and everyone who she sends to your house as a guest. If you have to fuck someone to prove a point prove it boldly!,0,1,,0,0,0
oeq_3dfbc18e,"Think of it from a company's perspective. I imagine you want to work a job related to your career, so a grown up job. The company will have to invest heavily in you in terms of training, insurance and other paperwork for a 3 month contract? I'm not saying it's impossible, just very unlikely. I can't imagine many foreign/multinational firms hiring for a decent position on that short of a term. For the company I work for they would require a longer (2+years at least) commitment. Companies rarely hire internationally unless the applicant is extremely qualified with extensive education or, more importantly, very applicable work experience/skills.

On the flip side, let's assume you just want to work wherever will hire you. Lower level retail and customer service positions will not hire international. To put it bluntly its too much time, money and trouble for an expendable position. The riskiest way, and I don't condone it but know some who got away with it, is to say fuck it and move there and, depending on the place, work a cash job. Again, I do not recommend this.

If you really want to go international work for a larger growing company. After a year or two when/if you've proven yourself apply internally to international careers.

I don't mean to shit on your parade. I was in your boat a couple years ago and wanted to leave for an experience. Good luck.",0,1,,0,0,1
oeq_67b82540,"some people take the 'projection' arguement, where they allow themselves to shut out negativity from others, as what they have to say only speaks badly about them. (basically, the things they might hate about you are really just comments on their own shortcomings)

others prefer to apply the 'sticks and stones' arguement where what the other person says can't hurt you in in of itself, so just ignore what you don't like...

personally, i dislike those 'not listening' methodology's because you'll end-up missing out on a lot of information, and perhaps some valuable introspection. so far as people saying mean things during discussions, it's that framework of a discussion that's the thing that allows me to work past the spiteful comments.

that is to say *focus on the topic* if someone's trying to get to you, let your behavior show that you have better things to think about, find out if anything that they've just said applies to the topic of discussion, or if they're just attacking you, and trying to have an argument ad hominem.",2,1,,2,1,0
oeq_38bdbd1d,"Chicago is highly walkable, and some parts could even be considered ASD-friendly.

Edit look at university towns. Cities like Champaign-Urbana have mass-transit systems above and beyond what you’d expect at cities of comparable size.

Also, Midwest is totally flat, so it’s a great place for leisurely walkability.",0,1,,2,1,0
oeq_25d89546,"Become an observer and listener. It will not be easy at first but observing how others interact will help you interact better with others. If you're worried you're saying too much, try to summarize or answer bluntly. I like to make a mental note of who enjoys long stories and who likes concise answers. Also, try to make it more back and forth by asking questions",2,1,,2,1,1
oeq_13552a1a,"This isn't about the driving lessons. 

Your real problem is with the relationship itself and the way she treats you. Its been *over a year* and she still hasn't told her family about you? Its been *over a year* and she's 21 years old and has to ask her parents permission to see you, but *not* to get driving lessons from a strange boy she barely knows? She doesn't have time for you, she doesn't have time for the relationship. 

To me, at least, its clear that she's not 100% in this relationship.",1,1,,1,0,0
oeq_ac072da1,">""Can I make a suggestion?""

>""Sure, go ahead""

    Suggestion



>""Can I make a suggestion""

>""Some form of No""

    Do not make suggestion",3,1,,0,1,0
oeq_5ff881d4,"People seem to be giving tips on how to stay awake, but I think you're more asking how to keep focused/alert while driving. I've been a trucker for a while, and staying focused on the road isn't really an issue for me anymore, but it used to be. The best tip I can give you is this- read everything you see on the road in front of you out loud. Road signs (NOT signs far off the side of the road), car makes/models, even license plates. This will train you to keep scanning the road in front of you and keep you much more aware of what is going on around you.",2,1,,2,1,1
oeq_9293f845,"The problem is not the altruism part, it is underlying covert contract that is made: I help you now, so you will do something in return. Girls in general are **really** turned off by this (I'll take you out to dinner, but you have to sex me, this never works). Read *No More Mr. Nice Guy* by Robert Glover. If the introduction describes you, then you really need to read and do this book.",1,1,,0,0,0
oeq_267603bc,"By being humble. Look at arguing as working together to find truth, not to prove to your opponent that you are right. If you go in with that mindset, counterpoints will feel helpful rather than like an attack",2,1,,2,0,0
oeq_2282dfba,"You insist on referring to your friend by a male name, representing the one she used before she transitioned. That indicates a basic lack of empathy; “deadnaming” people like this — using the name they used before transitioning — undermines the process of inhabiting the gender identities they have affirmed, and is, in any case, disrespectful. If the other cis men in your group really think of her in this way and resist acknowledging her transition, then joining you on vacation is probably not a good idea for her.
She has obviously done a lot to explain her transition to you. (That’s one of the burdens uninformed cis people impose on trans people.) You should let her know that you’re still struggling with it. Once she recognizes that, she may well decide herself that she doesn’t want to go on a vacation with you.
A word about your vacation plans: People get together on the basis of social identities all the time. There are plenty of travel clubs with names like Black Girls Travel Too, Latinas Who Travel and Shefari. Small social groups, morally and legally, don’t have to abide by the rules that govern public accommodations; in “The Little Rascals,” the He-Man Womun Haters Club (which Spanky restarts in a reaction to a boys-excluding party given by the McGillicuddy girls) would properly not attract the attention of the Equal Employment Opportunity Commission. And a female traveling companion would, I grant, be at odds with your objective of having an all-gay-men holiday. (I’ve also read that many gay clubs in Mexico have been distressingly hostile to trans women.)
Still, your letter suggests that your problem is not so much the presence of a woman as the presence of a trans woman. If so, you have a way to go in treating your friend with the respect she deserves.",1,1,,1,0,1
oeq_5808f6fe,"If you take the money out of the equation and ask yourself, ""Am I 100% ready to completely share my personal space?"" &amp; then follow with, ""Has he shown financial responsibility?"" What answers do you have in heart?",3,1,,3,1,1
oeq_9c79085e,"Either avoid precious stones, or go with a lab grown diamond.  Lab grown is so identical to ""natural"" diamonds that De Beers is spending millions trying (and failing) to find a way to differentiate. 

Don't get hung up in the marketing gimmick that yo have to spend X amount of money.  An engagement ring is a nice concept to symbolize your commitment, but the amount you spend is in no way tied to the amount that you love her.",2,1,,2,0,1
oeq_bcc7b4a9,"Write a certified letter stating your intent to take such action if not paid by a set deadline. After said deadline, in court you will seek legal fees, including the cost to send this letter and any subsequent correspondence. 

Follow through, find an attorney who likes to bury people in court-mandated crippling debt.",1,1,,1,1,0
oeq_dc8beba1,"My (45f) childhood friend went thru this a couple of years ago. Her Dad magically got engaged to 'someone he met off the internet' within 6 months of his wife passing.  But we all knew it was his long term mistress and we all wonder if her son is actually his. 

Anyway with them,  the majority of the arguments were that she's not allowed in her life and she's not allowed access to her moms money. 

He didn't get a prenup when he married the mistress. They are now divorced and the Dad is living in my friends basement.

Figure out what your concerns are and make boundaries until your comfortable",2,1,,2,1,0
oeq_99126da0,"Pre birth:

- make smoothies using frozen strawberries, blueberries, and OJ.  You can add surprising amounts of baby spinach and not alter the taste or color.

- pregnancy is tough emotionally, be really sympathetic of what she's going through.

- exercise a lot now b/c after the baby arrives you'll have a lot less time.

- prenatal vitamins for the expectant mom

- light exercise for the expectant mom is also great.

Post-birth:

- breastfeeding is great and raises IQ

- bring comfy clothes to the birth

- buy a good digital baby monitor (audio or audio + video), otherwise you'll have to listen to constant noise.... or I suppose co-sleep.

- get the 'happiest baby on the block' dvd, it demos very useful approaches to baby calming)

- if it's a boy, do not circumcise it.",2,1,,2,1,1
oeq_b679585e,"Record everything. If not for you,  for your ex. Have him record everything. Not audio necessarily. Log it somehow. Every time she gets in the way of co- parenting Every time the children come home upset because she said something awful about you or their father. Every time the children listen to them argue about how he needs to spend less time, money, or attention to the children or their welfare. They are old enough to record these things themselves. Keep all of those text messages. Especially the apologetic ones from your ex. Record ( write it down) every time he calls you to apologize. Make notes about the times you and your partner have taken him. Write down the things he tells you about. MAKE SURE TO USE DATES!!!
Use times if you can. This is not only for you. If you care for him, this will be helpful if he finds himself in a bind if his situation falls apart. She sounds vindictive and having a record of her unreasonable behavior might help him.",2,1,,2,1,1
oeq_b67968bb,"It's going to be hard no matter what. However, if you get everything off your chest the night before, your goodbye will feel more resolved, albeit bittersweet.",2,1,,2,1,1
oeq_d7b2e4ad,"&gt;he has spent lots of time with and admittedly is wonderful with kids. I just am having such a hard time believing for some reason.

I had a boyfriend (on/off for 8 years) who was like this.  Angry a lot, and once every so often he'd flip out like a monster.  He was also very good with children.  (No kids himself, but lots of nieces and nephews.)  He just had excellent parental instincts.

However...the kids were all aware that he could get extremely angry.  

So, there's your problem.  It doesn't matter how good he is with children if he still flips out 1% of the time.  That 1% will affect your kids profoundly.   (I had a dad like this, and while eventually he stopped having fits of black rage, this did not happen till I was in my thirties.)

Please don't subject a child to your fiancé's anger.",1,1,,0,0,0
oeq_fbbaae21,"I'm concerned that you might have an  undiagnosed medical condition. I think it would be good to try to figure out why you think it's gotten worse. 

Hopefully it's psychological - something like you've become more anxious or overly worried about speaking poorly.

Some things that have helped me is to record myself and compare that to people who I feel speak fluently and are good at contemporaneous conversations. The old classics work such as focusing on the other person, and reading how to win Friends and influence people.",3,1,,0,0,0
oeq_7942e76e,"It's estate debt. Gets paid from your mother's money before your inheritance is paid out. May be covered by her medical insurance.

IT IS NOT YOUR DEBT. No matter what the debt collection may state.",2,1,,1,1,0
oeq_3367a607,It’s not impolite to tell him to stop. In no uncertain terms. I don’t know why people think being assertive = being rude. You don’t need to use foul language or insult him. Just tell him you’re not interested in having online contact with him and he needs to stop coming over. Repeat politely but firmly until he leaves you alone.,1,1,,1,1,0
oeq_9ebd9f27,"Overall, *how* you deliver your story/opinion/facts makes a difference.  Surely you can see the difference between (extremes to illustrate point) rolling your eyes and sighing when someone says something vs listening to them and asking how they came to that view.  We aren't going to be so extreme in many cases, but there are subtle differences that we pick up on - body language, tone of voice, impatience, and such.

1. Even if you are right, does it matter?  If it actually matters (safety, keeping your job, etc), maybe ask them if they have considered something you think they are missing.  You can always listen to them and then just state why you see things differently.  This makes it clear you have heard them, yet have a different view without judging them.

2. Before inserting your better idea, recap their idea to clarify that you understand it.  If you misunderstood, or if they were incomplete in their explanation, this offers an opening to bring that to light without any judgment.  If their idea is just lame, that will become clear, too, because you can ask about what differs between it and your better idea.  You need not even state your better idea separately, just begin from their idea and build on it with what you think improves it.  They then have the opportunity to likewise critique your suggestion.  You can potentially reach the better idea together, leaving nobody feeling judged or left out.

3. Some people have ill-informed opinions and will not change them even when better info comes along.  This is just a reality to take into account, unfortunately.  You can share how your view differs, even offering a reason or info source that you base it on.  They can take it or leave it; you've done all you can, let them make that choice.  Many reasons exist for valuing info differently.  Cultures see importance in different things, so you are not 'right' so much as clear in what/why you think something.

At base, thinking you or your ideas are better, or trying to change the other's opinion or view inherently carries with it the message that you think you are right/better and they are wrong/lesser - meaning you *are* being judgmental.  Other people will pick up on that, even if it is subtle.  So instead of aiming to change other's views, aim to understand them better.  That gets a much better reception, because then you are not judging them.",2,1,,2,0,1
oeq_9912f1c7,"if you think your son is sexually active, you need to have that conversation with him and talk about protection. my parents had this rule, i still found a way to do it and it caused some problems before we had that conversation",3,1,,0,1,0
oeq_c6b1b7a5,"Hard to know if he wanted to talk or sex, some drunk people just want to rant. But, i’d say 4 years ago nothing happened he was drunk and it’s never happened again and you’re in a good place..just let it go. If it happens again now, then definitely address it, but it sounds like he was drunk and got the slap on the face reality he needed.",2,1,,2,1,1
oeq_8058bdd4,"Ask yourself why other people's approval and validation is important. If you are capable of having and keeping friends, having a ""personality"" isn't necessary. And what exactly is a personality in this context? It sounds like what you really want is charisma, the ability to influence people and make new friends, or entertain people. It's not generally necessary to do this in life unless you want a job in sales or something. I think the key to having a personality in the real sense is to be passionate about something, anything, and to pursue that passion. Then find other people who are passionate about that same something. You will find those people very interesting, and they will find you interesting as well. It isn't about telling the best jokes or mugging like a refugee from an improv class all the time. Authentic presentation of your real self is all the personality you should need.",2,1,,2,0,0
oeq_b943ae75,"As a lifelong New Yorker , familiarity and comfort is what I recommend. Walk thru the parts of the city that are not nice. Walk some more. You seem less me you live in a bubble, so getting outside your comfort zone is key. Soon you'll recognize streets, see the same old things and it becomes familiar and you're not bothered. My little sister can walk thru any projects here. And body language. Walk like you have confidence and know where you're going. Don't have your headphones on. Eat at a local pizza or coffee shop. I spent a year in the Dyckman houses projects . Hated it at first. Then met some great ppl. I had a Spanish neighbor that would drop off food every other day cause she knew I lived alone and my parents were overseas. The thugs hanging out front  selling coke and weed saw me daily and  turned out to be ok. Hell better, they'd buzz my bell if my girls car was gonna get a ticket.",2,1,,2,0,0
oeq_7d69f387,"He got really upset over just a small request IMO. He was the one who kept pushing it, not you. The fact of the matter is facial hair can be painful and abrasive and I don’t think there’s anything wrong with you asking.
BUT if he doesn’t want to trim it you just have to decide if you’re ok with that attitude for the rest of your life or not.",2,1,,1,1,1
oeq_25d14b2c,"I agree with recording her.

I also think if you have a counsellor at school, not a bad idea to go and talk with them. They might not be able to directly fix the issue but I'm sure they can help you emotionally deal with this while you figure out how to get your dad to understand what's happening",2,1,,2,1,1
oeq_64d03e6d,"LPT for needing to request any sort of behavior change from your SO: 

Do not bring it up right after the behavior. It doesn't matter who you are, it feels bad when it seems like someone is rejecting you. It feels like rejection when people tell you to stop something you are in the middle of. 

Instead, bring it up when you are both having some amicable conversation. And then don't bring it up as a problem with them, instead present it as something you need and want help with. Then ask them what solutions they can think of, and have a few of your own to present for them to consider as well. 

This way no one feels challenged, backed in to a corner, or excessively criticized. It also opens the grounds to finding a solution that provides everyone with a bit of what they need. 

If you are not able to do something like this with your SO, there is a different issue than needing a change in habit.",2,1,,2,1,1
oeq_fd1efb72,"I have a perspetive on this that may be of help, probably not though because I don't know how common my experience is.  I had the same problem my whole life - my anger went from 0 to 60 in no time, and to inapprpriate levels.  You're right,counting to 10 is no help at all with anger like that.  I felt like I was out of control on a regular basis and my relationships suffered.

I had an experience several years ago that brought up some disturbing memories.  I'll spare you the story (I started to type it out but realized I was undertaking the dreaded wall of text), but you might ask yourself if someone close to you when you were very young had mental illness.  In my case, my mother was (and is) a diagnosed schizophrenic.  When I was young she put me in situations where I was ""in charge"".  At four years old I was the one who had to keep track of which subway stop we needed to get off to get to our apartment and other places we went frequently.  Not just the stop, but the exit we had to get out of (if you know New York City subways, there are usually multiple exits to the street and if you get out the wrong one you can easily head off in the opposite direction from where you intended.).  If I didn't intervene, we could wander for hours with my mother increasingly agitated and upset.   

When my little brother was born when I was 5 he had asthma and allergies and I was told he might die if he turned red or couldn't breathe or if he cried too long or his arm was red, so I was supposed to keep watch on all these things for my mother because ""I was better at noticing things"".  So i had to be vigilant for these situations and many others so that we wouldn't get lost, never be able to find our way home, or cause my brother's death.  My mother told me I was so much smarter than she was that she felt better giving me these responsibilities.

However, I coukd never just quietly tell my mother that we were ar our stop or to go out this entrance or that my brother sounded like he was wheezing.  She would ignore me completely.  So I'd keep repeating myself, getting louder snd more urgent, till I was crying and screaming.  Then she'd listen.  So I quickly learned to never just quietly tell her something, I had to immediately go ballistic or I would be responsible for our world collapsing.  She would laugh and laugh when I'd immediately scream my lungs out that the next stop was ours or to use the exit on the left.  She enjoyed it when people shot dirty looks at me for being a disruptive horror and she'd confide in them about what a bad child I was when I didn't get my way.  I don't know why my agitation and screaming was so pleasant to her, I just know that it seemed to give her great satisfaction when I would work myself into a state.  And as far as I knew, at such a young age, I was saving us by screaming to get her attention.

Of course this trained me to immediately go nuts with frustration and anger over the smallest things.  And that habit stayed with me all my life until I was recently confronted with a situation that brought those early years back to me.  And it was a huge revelation to me, that the anger I expressed so terribly was not really a part of me - it had been conditioned into me by someone who was very ill.  It was like a magical cure, how easily I gave up anger once I remembered these things and how easygoing I seem to be naturally.

So it seems I've written a wall of text anyway, but I thought it might ring a bell for you.  Even if it doesn't, you might start thinking about your anger differently.  Anger at someone else might be coming from some hurt place inside yourself.  Treating yourself with gentleness and care when you feel the anger rising might help.  Turn kindness inside and let the outside problem go, for a few minutes at least.  If its really a problem, it will still be there to be angry at!",2,1,,2,0,1
oeq_19c1815a,"My first Christmas with my bf, we were about 7 months into dating and we talked about gifts, mostly just to ask for a budget. He’d already gotten me a birthday present, and we went out for a nice dinner at 6 months. 

In general, it’s always better to communicate expectations. I didn’t want him to buy me $300 of presents if I was only going to get him a card, so we decided on an approximate budget for presents. This also meant we both knew we were giving each other presents. Nowadays, I just ask him for ideas for what he wants for Christmas/birthdays. Again, this shows that you’re planning on getting him a gift, and means he’s likely going to get you one, too. 

“Hinting” isn’t a fair or good way to communicate. My bf asks me for opinions on family presents, but what his family wants isn’t aligned with what I want, so I wouldn’t expect a present just because he asked for my opinion on gifts for someone else. 

I think it’s fair to be hurt he didn’t at least make/get you a card, which is a &lt;$5 commitment, but if you didn’t communicate beforehand, then it’s hard to place judgement and say this was purposefully unthoughtful of him. 

I don’t really have advice for what you should “do about it” now, but in the future, talking about things that are important to you will avoid these situations.",2,1,,2,1,1
oeq_0984769a,Man up. Be cool and confident. No one gives a shit about you because they're all too worried about themselves,0,1,,0,0,0
oeq_9c2f5946,"I was similar to you.  I was very independent and school came easy for me though grammar school.  When I started to struggle in high school and college, it was very hard for me to ask for help.  It was like admitting defeat.  Everyone knew me as a smart kid.  And like you, when I asked for help, part of me felt like I was taking away from the kids who really **did** need help.

Here's the big secret: you learn and grow more when you ask people for help, and when you help them in turn.  Yes, you do encounter some jerks that will put you down for not knowing something, and you'll have to learn to identify and dismiss such people, but overall you'll meet far more people who will invest in your mutual success.  These people often become lifelong friends.

Know your strengths and help others as they struggle.  Face your fears and let people help you overcome them in kind.",2,1,,2,1,1
oeq_a3c92b5c,"I have two sisters. One three years younger and three years older. I am also hispanic, and can say some of the reaction of your folks is cultural but still wrong. I don’t have as big an age difference between my sisters but the older one was made to apologize to the younger one and vice versa when one did something. Your family isn’t wrong to state that her brain isn’t fully developed because it isn’t and won’t be for another few years. But her age doesn’t null her transgression because she still didn’t apologize to you. Respectfully, your family are wrong for not advising her to apologize. Your sister knows what she did. It’s why she cried and why her family keeps defending her because behind the scenes she is moping and crying about it. 

The issue is, she said really horrible fucked up shit about you, her sister who loves her so much. The way she spoke about you and revealed personal information was hurtful. She needs to understand that her words carry weight. I think she believed she could say them to be cool, or to come off a way to others and never thought you would read them. I am sure when she found out what she had said, she panicked and went to the family so that the family could say “es solo un niña, no le hagas caso.” 

As much as I want to not let something like this get in between sisters, especially since I feel that she is so young she may need you—she needs to learn that you cannot treat others how she has treated you. I would tell your family you love them and that you love your sister but her disrespect and actions against you were malicious as there were multiple texts, personal information and just the statement that all you were good for was buying things, as well the boyfriend comment. Tell them that you forgive her but you would need to draw the boundary because as much as she is your little sister, she isn’t a child. She is a teenager. It’s true she isn’t mature enough to be held accountable as an adult—but she is old enough to understand the weight of her words and the importance of your relationship and how she treats you. 

As for your sister—I would let her approach you. When you visit your family be civil and kind but keep your distance. Just because she’s a teenager doesn’t mean she gets to hurt your feelings. People need to be taught how to treat others. Especially the ones we take for granted. If she wants to talk and you are not ready to forgive her or be that close to her yet, be honest. You can say that you thought you were bestfriends, that you love her and it was painful to see that she did not reciprocate those feelings and that as much as you would always be there for her and love her, you have to invest  in people who would never talk about you that way. 

Op, I hope this helps. I have sisters and a huge family and I have seen similar things like this before where we are told to just get over it or our feelings are invalidated because of x,y and z. Know that your feelings are valid, I hope you can get back on proper footing with your sister, and if not, allow time to take its course to allow you to heal and allow her to learn.",2,1,,2,1,1
oeq_e91e66f1,"Wow, I never thought I'd actually be able to use this example to help someone... so here goes. 

She probably doesn't know she's giving you the ""I'm better than you face"". She also probably doesn't know she's being rude to you. In my much younger years, I was pulled aside at the restaurant I worked at and told that everyone thinks I'm a 'know it all'. It. crushed. me. Because I didn't think I was a know it all - I just thought I was being helpful to people! 

People often lack the ability to see how their actions affect other people. They can't hear the voice infliction you do, or see the expression on their own face when they're talking to you. 

My suggestion... next time you see her, talk to her about something funny or interesting. Try to be nice to her. Maybe at some point she will open up to you and you'll see her in a different light. It just seems you've gotten off on the wrong foot. 

I don't think her behavior is excusable... I'm just saying to be compassionate towards her and let her figure out herself on her own. Years later, when something happens that triggers her to do some soul searching, she'll look back on you and be grateful that you were so nice to her in spite of it all. 

Good luck :)",2,1,,2,1,1
oeq_acebcd30,"I guess the question is, do you and your boyfriend want to be her parents? 

How long will her bio parents be gone to prison, would they get custody back? Would you fight to keep custody of her?

Because depending on various factors, she's your daughter now.",2,1,,2,0,0
oeq_b180a42c,"Self confidence. I too struggle often to be confident.

But there's no standard procedure on how to be confident. I found that you start by faking it.

Also, make a small change in your life. I started jogging. I Would recommend starting a sport :D",2,1,,2,1,1
oeq_66f6d9a9,"Conversations work best when they are about the other person and contain leading questions. 

First, learn to avoid polar questions - ones that can be answered with a yes or a no - as those finish the question right there. Go with ones that generate more input from them, like ""What do you think of..."". Avoid ""Did you see..."" and ""Will you be going to..."" type questions.

It helps to notice something about the other person. Are they tanned? Does their shirt have a cool logo on it that you can ask about? Did you overhear that they might have a hobby?

Then try to keep it about them and wait for a time when the conversation can come back to your turn. Questions like what their plans for the weekend or what they've done lately can help. And when you have a humorous story or anecdote that comes to mind, introduce it after they've talked for a while, and have a way to bring it back to them as the theme when you're done.",2,1,,2,1,0
oeq_ff0fe7e6,"My 2¢ as a hiring manager, this is the only time you'll have to get the highest rate you can get. Once you are hired it's almost impossible to renegotiate your salary. The numbers you see on Glassdoor and other sites are what people have gotten but have no real bearing on what you can get.

I would add a 10% to 15% to the average and stick to your guns. In an interview you are the seller not them. You have what they want and know your value, if you undervalue yourself so will they'll and they will treat you as expendable.",1,1,,1,1,1
oeq_d86f3bf9,"When you both say your goodbyes the first time, simply smile and walk away. You can add in a hug, handshake, clap on the shoulder, etc. depending on how well you know the person.

In order to pull off a smooth exit, you have to do these things almost simultaneously, in a relaxed and confident manner. So you would smile, initiate dismissal action (stick out your hand for a shake, move in for a hug, clap someone on the shoulder), *and* say something along the lines of ""it was nice catching up!"" at the same time. Complete your dismissal action promptly (finish shaking hands, take hand off shoulder, stop hugging, etc.) and *walk away.* 

You don't want to stand there, because then the other party feels obligated to continue the conversation, since they assume you are waiting for something from them. If you are in line or something similar and aren't leaving the vicinity, turn away casually.",2,1,,2,1,0
oeq_ce09b702,"By any chance, do you suffer from anxiety or insecurity? If so, is it possible that insecurity is preventing you from displaying your instinctual emotional response? I ask because in the past that has kept me from being honest with people about feeling anguish or sadness, and I have used a poker face to avoid being vulnerable. Over the years, I have learned to open myself up, and found that people rarely judge when you are honest.

There's nothing wrong with saying in the moment, ""People always tell me that I don't show my emotions, but on the inside I am hurting for you."" I think more than making the outside show what's being felt on the inside, using language to communicate the truth of what you are feeling is the most important. And of course, true strength is when you can let yourself cry in front of others.",2,1,,2,0,1
oeq_cbcf0a14,"STEP 1: Accept yourself for who you are, and learn to be comfortable for who you are without having to mask yourself to appeal to others.

STEP 2: Delete Social Media...Facebook, Instagram...etc.

STEP 3: Take external negative views or criticism about you or your life with a grain of salt and combat it with a smile.

STEP 4: Develop tolerance for people of different ages, religions, races, sexes as so forth. 

STEP 5: Optimism is the best outlook to have in life, because without it, the only outlooks are ones that put you in holes that you can't dig yourself out of.

Not giving a shit about popularity was something that came with time for me.  I first learned to love myself for the person that I am around the age of 24, then after I became really comfortable in my own skin.  I deleted my Facebook (age 25) after I developed a narcissistic attitude about it, but it alleviated all of the pressure to be accepted, because it showed me who true friends were when I would invite people to events over the phone or through mail.  I am 28 years old now and I am happier than I ever been because that pressure of being accepted has been lifted as a result of my change in mindset and an attitude adjustment on my part.

I hope this helps, but the key thing is to take what the others below mentioned: Accept and love yourself, surround yourself with constructive folks, become numb to societies pressures and cut BS out of your life.",2,1,,2,1,1
oeq_42308f65,"Try to get out of the house. As long as you stay with them, they will try to control it.
Fellow Indian here If it helps.",2,1,,2,0,0
oeq_96cad2a7,"My new nursing students struggle with this one. I tell them try these phrases. 
""oh, and then what happened?""
""go on..."" 
""what do you think about xyz ?""
Ask ""what"" but not ""why"" questions. Why puts people on the defense.
Nodding is ok, take time to read their body language. 
Nothing wrong with an ""ah huh"".",2,1,,2,1,1
oeq_71fbd0bc,"Do you want a future with her that includes all the things she wants?

If the answer is anything other than yes, it's a no and you need to let her go. Ambivalence, especially after this long, means no.",1,1,,1,0,0
oeq_d02d4bfe,Realize you’re human. College isn’t for everyone especially what it’s turned into. But think of this as the fire to stoke and find that thing you love. Smoke weed every now and again. Experiment with new things. Understand you are not alone.,3,1,,2,1,1
oeq_67738224,"Just a flight of fancy, as someone who knows little about medicine and even less about math. But going to put it out there.  Is there such a field as medical robotics? Like for surgeries? Where you get a full grasp of anatomy, and then learn about the robotic instruments that are now being used in surgeries, yes? I would think programming them could be similar to gaming somehow. Best of luck in your life journey, regardless!",2,1,,2,1,0
oeq_6080c73e,"&gt; she told me that she had talked to my stepdad about having some kind of genital encounter, just the two of us.

Jesus fucking Christ. So your mother is basically saying ""you need to have a sexual experience as a woman before you can be certain you really feel like a man, I've asked your stepfather if he could do that with you."" 

Your mother is not a safe or sane person, and you are not safe with her. I don't think she'd harm you physically (and I hope to god your stepfather wouldn't), but she is incredibly damaging on an emotional and mental level. 

If you have a good relationship with your dad, reach out to him. If you don't, do what you can to get back abroad and away from your mother. 

Your mother doesn't see you as an individual person, she sees you as an extension of herself. She likes the *idea* of you (a mini-me she can live vicariously through) more than she respects you as an autonomous human being. 

Your first step is to get away. Your second step is to pursue therapy. The key words you want to remember are ""parentification"" and ""covert incest"".

&gt; My 15 year old brother and I don't really get along, and he thinks I'm overreacting. My 6 year old brother is too young for any of this

Honestly, your 15yo brother is too young for this also. Too young to recognise the severity of how wrong your mother's behaviour is because it's all he's ever known.  Same for you, you were also too young for this. Your mother parentified you, and it has harmed you. You need to get away from her. 

What is your relationship with your stepfather like? Could you send him a letter explaining your reasons for stepping back from the family so he can do what he can to protect your brothers from your mother?",0,1,,2,0,1
oeq_e1ea6caa,"Minimize your spendings, both on leisure and bills and save up until you have at least one month's pay on your primary account at the end of the month, every month.

After that you can start spending a bit more, while slowly adding money to a secondary account for future travels or large purchases.

Part of being a grown-up is that you have to expect that at any time, any day, something will happen that'll result in a massive bill, which may take up your entire pay-check. The further ahead you've planned your budget, the easier it'll be to enjoy the excess cash.",2,1,,2,1,0
oeq_7189ef77,Volunteer.  Look around for where your skills match up with a need and help out.  This could be an animal shelter or reading to kids at the local library or showing seniors how to use computers.  It is a great way to meet people and grow yourself too.,2,1,,2,1,0
oeq_fb6fbb0a,">I don't know how to figure out when somebody is lying to me

They are.

Don't *assume* people are telling the truth, assume they could be mistaken. Are you willing to help them anyway? If so, then go for it.

Also, don't extend the same courtesy to coworkers as you do friends. Being friendly isn't the same as being a friend.",2,1,,2,0,0
oeq_5c4d8b7f,"Anything that you use super regularly. Mattresses and pillows can make a world of difference and you spend so much time using them.

Comfortable chairs that give a lot of support, especially if you work at a desk.

Make sure you have all the necessities to really engage in hygiene and self care needs. A good toothbrush, mouthwash, floss are all important. Dental work is expensive and often can be painful. Make sure to invest in your hygiene early",2,1,,2,1,1
oeq_7b736fe4,Start drawing sharper boundaries around this guy or get out.,1,1,,1,0,0
oeq_3275eda3,"I just read this and a bunch of your comments:

You need to stop making excuses. This guy is 35, still doesn't work a steady job, lives at home with no goals or plans to leave, and is unwilling to discuss the future with you to the point of actively walking away from conversations when he doesn't like where they're going.

You are clearly not happy with this arrangement and you can't make him behave differently because you cannot control other people. So your options are to: accept that this is what your life is going to be for the foreseeable future or leave him and find someone who wants the same things you do from a relationship. That's it.

It doesn't matter if your friends agree with you, they're not the people you want to move in. It doesn't matter if you don't understand why, he doesn't want to move in. It doesn't matter if you don't like spending the night at his place, that's his expectation of a partner and you're going with it. Until YOU make different choices and until YOUR actions line up with the things you say you want, nothing is going to change.",1,1,,1,0,0
oeq_8a91120d,"Dwelling on the future causes anxiety. Dwelling on the past causes depression. Living in the present avoids both.

“Tomorrow is tomorrow.
Future cares have future cures,
And we must mind today.”
― Sophocles, Antigone",3,1,,3,0,0
oeq_2cf7136b,"•Look at your watch and say ""I gotta go to so and so""

•""It's been fun, but I have something I need to do""

•""That sounds very interesting, perhaps we can discuss this later.""

•""Well I got to go. Talk to you soon.""",2,1,,2,1,0
oeq_a2d0f611,Call your cr,3,1,,3,1,0
oeq_b7e3ca25,"I'm a mom and if I passed away, I'd feel better knowing that there is someone loving and taking care of my child. 

It isn't an insult to your mom's memory. You're surrounded by love, and nothing would make your mom happier.",1,1,,1,0,1
oeq_10c26b1e,"&gt;Honestly I was bringing it up because I didn’t want to wait 1/2 months.

""But I want to bang other people *now!*"" was never going to work in your favor, dude. 

If you couldn't even wait a couple months for him to think it over then maybe you should break up and do what you want. He clearly doesn't want an open relationship anyway, and you can't have both.",0,1,,0,0,0
oeq_c6a4e447,"Don't move in with someone who just told you they don't actually want to be with you. Find something else.

The dude has literally told you you're a placeholder he never really liked romantically.",1,1,,1,0,1
oeq_e37ca3f0,"&gt;(Unfortunately) the conversation led to him confirming that this was an exception because she was THAT attractive, not something I could achieve how I am. 

How did this exchange go? It SEEMS like this is your perception of it which is coloured strongly by your own filter. What were the actual words said?",0,1,,0,0,1
oeq_32d0642f,"I'm a relatively new paramedic but outside of looking for medical alert bracelet or necklace or even a tattoo, we are generally too busy trying to stabilize your condition to start rummaging through your wallet or purse or phone. Now hospital personnel may look more in depth but they have more hands around to delegate that task to. EMS personnel are usually doing the work of many by themselves. So if your condition is severe enough to render you unconscious, there are plenty of thing to do to stabilize and treat your condition that you shouldn't be allergic to, i.e. Oxygen or an IV drip. 

Hope this helps shed some light",2,1,,0,1,0
oeq_6494c24d,"Report sponsored post, talk crap, drives by you during runs? 

He’s not your friend. He’s a stalker. Block him.  

A restraining order might be necessary. He already proved himself to be an entitled creep willing to do harm when things don’t go his way.",1,1,,2,0,1
oeq_781a1c6d,"make sure your ideas do not come across as gripes.  

They should be actionable and even better if you just make them happen.",2,1,,2,1,0
oeq_2451f18b,"Check out the http://www.reddit.com/r/theXeffect/

It's very simple and it works. Break down your goals into things that you can accomplish daily. For example, cut coupons. When you do this task mark off the day with an X. When you don't do it give yourself a big red zero. Do this for 30 days or so and if you meet your goals for the period, give yourself a predetermined reward (selected at the start of the chart - such as buying yourself a new pair of shoes, or going to a nice restaurant - anything as long as it is not something that you are going to do anyway whether you succeed or not and it should be a treat that you want to get for yourself). If you fail, be honest with yourself and do not give yourself the reward that you had promised yourself.

Keep doing this and in no time you will have built a repertoire of positive habits.

Just don't go overboard. If you try to track and reinforce too many habits at the same time, the system can become overwhelming and a source of stress when you don't meet your targets. Instead, select small positive incremental improvements that you are likely to actually do and you will feel the pride of actually filling one of these cards of calendars with xs

I have used this system to promote motivate myself to do daily exercise and it works great. But it can be adapted to nearly any daily task or habit that you want to achieve",2,1,,2,1,0
oeq_cd01caa6,"Sounds like you’ve got two hurdles you’re trying to get past: time and money. 

For creating extra time, totally depends on your personal situation. You might be a time management machine already, and you’re just up to your eyeballs. But, if you’re like me, what worked was finding ways to knock out a lot of tasks at once and sticking to a schedule. For example,
learning to meal prep instead of cooking each night has saved me hours per week. Then, by doing things on a routine, I can more easily set aside that time for things I enjoy, like socializing. 

As for money: Not going to come at you with the “you should get a job that pays better” garbage. The internet is your best friend for hunting down free or cheap ways to meet people. I’d suggest following subreddit for your town, city, etc. and keep an eye out for local social events (might be a bit tricky with Covid). Or, if you want to be more proactive, start posting ideas for people with similar interests to meet up. Alternatively, if you’re ok with more online only friendships, dive into some subreddits on topics you’re interested in. From there you can start getting involved in conversations with a goal of finding or starting a Discord server to join, where you can have live discussions with people who you know share an interest.

These are just the things that worked for me - your situation is totally your own, and you may have to make adjustments that fit you best. Hope some of this helps, good luck!",2,1,,2,1,1
oeq_06329ddd,"It might be smart to call a suicide hotline tonight. Just to talk and get your feelings out a bit more. If you have any colleges near you, call them tomorrow to see if they have a sliding fee scale counseling service for the public. Almost every college has one if they have a graduate program in counseling. They will see you sometimes for 15 or 20 an hour... whatever you can afford. Even free at times. It is actually run by the grad students, however they are highly highly supervised and we have had amazing luck with them in our family in the past. Super cheap. Super kind people who are just starting out their counseling career And have to see a certain number of people while being supervised before opening their own office. You can ask for someone that is younger, older, male, female, etc. Someone that you think will help and listen. And if they don’t? You asked for someone else the next time.
I wish I had some magic words to tell you tonight. I can tell you that suicide is a permanent solution to a fairly temporary problem. But I know that sometimes the depression has gone on for so long that you feel it will never end.
I am so sorry about your family and what you found out. You know, we don’t get to choose our family. But, you can “make your own family” by finding good people to be around. It is hard at first, but if you join a club or a church or some kind of special interest group you will be surprised how many people have been depressed and are fighting things very similar to you. 

Even just getting out in the sunshine tomorrow for about 20 minutes will make a difference. In addition to everything else that’s going on, you could easily have low vitamin D, etc. And it absolutely causes / worsens depression.
If you think you might be addicted to substances, AA is an amazing free program- Not just for alcohol but for anything like drugs as well. I know so many people who are in the program, and they are a loving kind group for the most part. You find a sponsor and this person is someone you can talk to - whenever you need. They become a very close friend.
I will be thinking of you tonight and tomorrow. I think you will be surprised at how many people care for you, if you could just get over this very very rough patch. Please think about it. It was very brave of you to write tonight. If it is night where you are, try to get some sleep. Get some good breakfast in the morning. Then start making a plan for how to dig out of this nightmare. You can do it. And You are totally worth it.",2,1,,1,1,1
oeq_1999a298,"Next time answer his question, loud enough for others to hear. ""No, i don't ever think about dating some creepy old guy. Anyone over 28 is not attractive to me and too old for me..""  or something like that. 

Dude  is currently getting away with being an absolute asshole because others aren't witness to his shitty behavior.   Dudes like that usually need to be embarrassed into stopping.

Avoid being alone with him. 
I hope others catch on soon! Good luck!",1,1,,2,0,1
oeq_0f3e1233,"Girls are people too, you don't have to modify yourself or your mannerisms for a girl ... just be yourself.  If a girl likes you for the way you are, she likes you and that's all that matters.",2,1,,1,1,1
oeq_c7084afe,"Everywhere that I've ever taken a train, you just buy a ticket and jump on a train, no security checks at all. Where is this?",0,1,,0,0,0
oeq_59e4abce,"Keep going, dude! Girls like me would still like you, as they'd know you are still you, even with a condition :)",2,1,,1,1,1
oeq_faa7ed14,"There is evidence that “fake it till you make it” is biologically beneficial.

Adopt a positive and confident posture and your body will support this with biochemistry. 

Don’t sit hunched over with your arms wrapped up and your knees together, sit back and spread yourself out across 3 seats. Obviously you shouldn’t be an asshole about it but you catch my drift. 

Stand up straight with you chin held high. 

Walk with swagger. 

Act the way confident people do and you will find yourself being confident.",2,1,,2,1,0
oeq_6bfd8c55,"Either they've hooked up while you were separated, or she's been wanting to for who knows how long. 






He ditched you all night to hang out specifically with her though, so he was - at the very least - enjoying the attention from her, and not giving a shit about your feelings.",1,1,,0,0,1
oeq_5f574432,"Perception of time seems to be related to memory formation.

At times when many new memories are being formed, time will seem to pass more quickly in the present, as our minds are focused on the events occurring and not on tracking the passage of time; upon later recollection, however, more time will seem to have been occupied, due to the abundance of memories formed during that period.

When fewer new experiences are happening and, thus, fewer new memories being formed, time will seem to pass more slowly in the present, but retrospection will feel as though less time passed.

The corollary is that, if you want the feeling of time passing by to slow down, you should spend more time bored.",3,1,,2,0,0
oeq_44de94d5,"I've worked in Car Sales before, as well as having had several friends in the industry.  
Here's the thing: The person who appraises your car couldn't care less how clean or dirty it is, within reason. Every car that doesn't go to auction will get detailed before it goes on the lot for resale. Firstly they detail every car to make them as presentable as possible, and secondly so that they don't sell a car that has the previous owner's personal effects, or any illegal substances in it.
  
When they go to appraise your vehicle, they'll use a reference (Kelly Black Book, or some other online reference), plug in your vehicle information from the VIN and odometer, and make any adjustments based on condition (rust, mechanical defects, etc.). That's the number they'll use as a baseline for negotiations. 
 
The best things you can do is to make certain that your vehicle is in good mechanical shape (no cracks in glass, broken trim, missing hubcaps, etc.), 
and make sure that your vehicle doesn't look like it's been driven through a mud hole, or been lived in for the past month, on the way to the dealership.",2,1,,2,1,0
oeq_e60b6132,"I bought a fanny pack.  In other instances they're silly, but at theme parks they're tremendously useful.",2,1,,2,1,0
oeq_0919221b,"Practice is only effective if you're doing it correctly. Trying is just wasted energy if there isn't any forward progress. I'm not belittling the fact that you put effort into this, I'm critical of the fact that the effort was completely ineffective, but you still want cr",0,1,,0,0,0
oeq_caa64253,"* make a list measurable things that you feel you might be able to accomplish in 5 years - don't think about how you will get there - just focus on what you really think you want.
* examine the motivation behind each of these things and use that to determine the priority of each thing
* for each thing assess where you are now in relation to that thing and try to sketch out a series of steps you might take to get there. Look at people who may have traversed the same path. 
* figure out on this list what will have the highest payoff and what might be easy things to do. Work on the easy things when you are feeling low and work on the harder stuff when you feel undefeatable.
* revisit this process and feel free to adjust priorities and timelines. This is your life. 
* just making such a list is a huge motivator.",2,1,,2,1,0
oeq_99e63742,"It's fair for you to not want to chill with her while she smokes. I would just say, ""hey its not really fun for me just to sit at your house and watch you smoke. Maybe if you want to meet at the park before or after and do x y and z that would be more fun for me."" And if she says nah then cut your loses.",1,1,,1,1,1
oeq_856c246b,"take up a martial art. the whole mentality thing behind many of them is to get you to have a level head so that banter will not make you make a bad decision. it doesn't have to be a extreme one, something slow and relaxing like tai chi is good enough.",2,1,,2,1,0
oeq_fa3c59b4,"Leave

Not your business and both of them are being rude for having a fight over trivial shit in front of someone else",0,1,,0,0,0
oeq_8fc94a55,time with family occurs from lunch to dinner...time with friends after dinner and then sleep in until lunch time and repeat,2,1,,2,1,0
oeq_35553fa1,"If ever in doubt about anything remeber this. Deny, deny, counter accuse.",0,1,,1,0,0
oeq_29a8ab06,Be glad you met. Some people are just for a season. You will encounter and love many people in your lifetime. All experiences will help form you into the person you will ultimately become. Be positive. Be open. Give it time.,2,1,,2,1,1
oeq_aa56af34,"Habits. Your habits create your reality. That’s not just some lofty new age mantra. It’s just the way it is.  And Discipline creates habits which creates discipline. 
Start with one or two things. Bundle the things you want to do with the things you don’t. Repeat and continue",2,1,,2,1,0
oeq_d86a5a21,"Read the book *How to Win Friends and Influence People*. Then, put its principles into practice. It's great for personal relationships and business relationships. I'm about halfway through it myself and have already seen some improvements in my own friendships. The hard part for me is actually going through with it and meeting new people.

Basically:

* Ask people about themselves

* Be genuinely interested in them and actively listen

* Smile

* Avoid the negative, accentuate the positives

* Avoid trying to make yourself look or sound important; the other person is the one of interest, make them feel amazing",2,1,,2,1,1
oeq_d8ae8d7b,Hey if standard depression treatment hasn't worked for you there's a lot of new treatments. Traditional medicine didn't work great for me but I did ketamine treatment and it really helped. I can't say I never feel depressed but I don't get such extreme lows. If you google ketamine for depression there should be tons of info.,3,1,,3,0,0
oeq_2ddccd0e,"I can’t figure out why you took your counselor’s good advice, things got better for both you and your husband, then you proceeded to repeat the behavior you had agreed to change. Your husband is not telling you what to do. He is telling you that you need to discuss decisions with effects on your family with him before committing. This is committing to a discussion, not an outcome.
And, of course, he needs to do the same! You two have a new baby at home and now you are asking your sister to move closer to you, so you can commit further child care. Your family is living with your parents at their house.
Your husband might feel overwhelmed and excluded because your immediate family is so enmeshed with your extended family. The way around this is for you two to act like full partners, discussing major work and family decisions with one another before committing, and to agree on reasonable boundaries.",0,1,,0,1,1
oeq_987c8990,"&gt;It was not a random girl but they matched online that day and agreed to meet up

This was a planned event. Didn't happen because he was drunk. He went shopping, planned it, clicked with her, made arrangements to meet.

Do not stay with a cheater and a liar. He's says he'll do anything to change but he's had years to change. You do not need him as a friend.",1,1,,1,0,0
oeq_8a9a4d88,"Why do you need to?

It's honestly a serious question. 

Having the default ability to focus on one thing at a time can be a massive asset actually. There's been lots of research that proves multitasking often reduces overall efficiency. 

Unless the building is burning down, what those other people need can wait until you finish your thought and direct your attention to their needs. ""Just a sec"", finish, ""now what can I do for you?"" is not only perfectly polite, it's the right thing to do.

As for driving, if you have any choice at all, just let someone else drive if you DO need to speak to them in the car while on the way.",0,1,,0,0,0
oeq_37668db2,The guy who lived below me (during my apartment days) had a little motion sensor think by the door that would turn on an exterior light and make it sound like he had an angry 100lb german shepherd inside the apartment. His cat was not amused when he first bought that doohickey.,2,1,,2,1,0
oeq_60da99ab,"> I think it would be irresponsible to be out here having sex and potentially creating another life with a different person that I don’t even like.

Why are you dating someone you ""don't even like""? Break up with him. Just let him know you aren't feeling it. No need to ghost.",0,1,,0,0,0
oeq_a439a9ab,"Just be yourself (if that means you playing on your phone while they talk about it). You don't need to follow their lead. Don't worry about it.

Consider finding additional friends with similar interests as yours. 

Tldr: You shouldn't feel awkward over this. You don't need to like what your friends like. Be your own person and don't worry about what others might think of you.",2,1,,1,1,1
oeq_1e9054b9,"yea man sounds like you have a crush on someone. Good for you! Be respectful since you are coworkers (actually just be respectful because you are two human beings on this planet). Get to know her just like you would get to know anyone else you are interested in meeting and maybe she feels the same way. Good luck, don't be a freak.",2,1,,1,1,1
oeq_4f7f85f6,"Look Into Veterans loan programs. I'm not sure what's available specificly for cars, but I'd assume you could find something that will work.",2,1,,2,1,0
oeq_679be63a,My ex did that right before he broke up with me. Said he did it before so he wouldn’t have to after…heads up girl. Idk if a 3 year old would be capable,2,1,,0,0,0
oeq_43ddf393,"&gt;It's gotten to the point where he accuses me of not trusting him

I wonder what possible cause you might have to not trust him... hmmmmm...

&gt;He seems to always go on these trips with a girl (24f) he left me for during one of our breaks

Sis, no. Nooooo. I'm all for people having whatever gender **friendships** but this is no friendship. Why are you tolerating this?",1,1,,0,0,0
oeq_e2c67a14,"When someone interrupts you say in a firm voice ""excuse me I was talking"" and carry on with your sentence. It may happen a few more times but if you stick with it, people will remember not to interrupt you because you will call them out on it.",2,1,,2,1,0
oeq_52aaa63b,"I think your GP and the surgeon might be the best to advise.  I expect the insurance company is looking more for specific key words rather than looking at it and thinking, ""Yeah, damn bro, that sucks you're getting bullied.""",3,1,,2,1,0
oeq_7936f4de,"&gt;TL;DR; My family is poor and broken, boyfriend's family is rich and whole.

I think you're confusing money with decency there? Because your boyfriend's family may have money, but they're still really shitty people...

You should just be honest with your boyfriend. Tell him that after the way they treated you last year you have no desire at all to put yourself through that again and you'd rather be with your own family who don't judge you.",1,1,,1,0,1
oeq_5578e494,"I have been that girl in the relationship, and I’m here to tell you, this is classic alcoholic behavior. And since I HAVE been there, I will tell you that at this moment, she’s saying the types of things a person says that has no idea how to stop. The more these incidents keep taking place, the more her brain is becoming hardwired to want more. 

Some commenters are right in that she won’t get better until she wants to. As long as the reward (getting drunk) is better than the consequences, she won’t stop. Or she’ll try to pretend to stop and hide it until something terrible happens. 

Given that she seems to ignore that she has a problem in the first place, something tells me she won’t take very well to AA. I was sober for a while and did the AA thing, but the heavy-handedness of the higher power and all the guilting and phnitive approach to sobriety didn’t really work for mw (even though it DOES work for others, and I’m all for it as ling as it’s helping others). 

However, something that’s worked for me personally is Naltrexone and The Sinclair Method. It’s a pill that blocks the receptors that create the euphoric feeling from drinking. You take it about an hour before you drink (or up to 4 hours before), and it basically makes you not want to drink nearly as much. It retrains your brain to not care about it as much. I’ve been doing it for 3 years, and went from drinking every weekend (with some very dangerous binges sprinkled in between) to literally forgetting to get wine on the weekends, to being indifferent to it. It really is a miracle drug. 

If you have any questions about it, feel free to hmu over DM.",1,1,,2,0,1
oeq_48f5cf2c,"In the past I dated a guy who had a best friend that was a lesbian.  But not a single date or conversation went by in which he didn’t talk about her. And when I finally was meant to meet her he was more excited to show her off to me than to show me off to her. I didn’t want to date someone that was always going to put this best friend above me. Didn’t matter if it was a Guy or girl. If you are over prioritizing Carla, talking about her constantly, and investing more emotionally with Carla than with your girlfriend I think that is going to be very difficult for any woman. Carla is basically filling all of your relationship needs except for sex so there’s not much room for a girlfriend.",1,1,,2,0,1
oeq_952fa489,"&gt;Is this possible

In general, yes. But when you're dating a profoundly unhealthy, harmful person...


&gt;he shut me out emotionally. Every time we fought he’d breakup with me

...no.",0,1,,0,0,0
oeq_8b31d8de,"""I enjoy talking with you and being with you but when you call in the mornings ... ' it completely throws me out of my routine. I need my mornings to focus on getting out the door and to work and mentally warm up for the day. Sometimes when I work from home I want to get started on the day early. Today I slept in later than I usually do and wanted to lay in bed scrolling social media for a bit before logging on. Like, I just need that time for myself.'""",2,1,,1,1,1
oeq_943e2717,"The issue is much more strongly a lack of honest communication from one side of the relationship. How can you trust in the future what he's telling you about sex if he wasn't honest this time? So even if you're able to make an arrangement based on your needs and his supposed asexuality, can you believe and trust that it is a true, consensual, thought out communicated position. Your relationship has trust issues because he did not treat communication properly.",2,1,,0,0,1
oeq_45d58644,"You know what’s worse than losing 2500 to a partner? Losing 2500 AND years of your life where you deserved better but didn’t leave. 

Seriously, what are you getting out of this relationship? 

He’s getting money, someone who is compassionate and cares for him, someone building a better life long term through their work, someone cleaning up after him while he sits around all day, someone doing household management to keep the lights on and a roof over your heads.

You’re getting… an adult child who clearly doesn’t consider you at all or value you.",1,1,,0,0,1
oeq_ecbdf12c,"Is there any opportunities within walking distance? Even if it's working for free to A) fill your time & B) price to your parents you can and want to do more? 

Alternatively can you not show them your reasons and ask for a loan to fund your driving lessons and perhaps a cheap car?

Ps I appreciate your desire to move but the car has to be the first step.",2,1,,2,1,0
oeq_850adb9f,"This may not be the answer you're looking for: if you love him or her and they are coping with an addiction, offer them help. I know it's difficult but if his or her parents are willing to see her change, talk to them and have a gettogether. The first step is to confront them. If you are way past these steps, there's nothing to do but tell her/him what's the extent of your support, under which circumstances you will be with her or him. It's a painful situation, but that person needs to be conscious of the damage to his or her loved ones and that you're only gonna take the heat if she or he confronts the issue. Good luck.",0,1,,0,0,1
oeq_95c654ae,You need to realize that you create your past based on what you do in the present. You also have to realize that you can't change anything once it is done. There are no tips on this. You have to just realize that you can only change your present and that in turn dictates the past and gives you a reasonable expectation for the future since no one can fully predict what will happen. You have to keep saying these things to yourself everytime you have thoughts of the past. Stop the thought and think about these few points.,2,1,,2,0,0
oeq_6d346f91,"Sorry but she doesn't value your time.  Tell her that you don't want to talk about the INTENT of her actions but about the RESULTS.  When she is late, you feel that she thinks that your time is worthless.  Now, in the past maybe she didn't INTEND for you to feel this way, but now that she knows, in the future, if she's late, then it's because she INTENDS to make you feel terrible.  

And if she doesn't make being on time a priority, then go along without her and don't feel one bit bad about it.",1,1,,1,0,0
oeq_a726f582,"Humble suggestion:

1. get to know more parents in the area
2. ask them

More LPT style: call a 5-star day care center (should be directories galore for these) and ask if any of their infant room teachers also babysit.",2,1,,2,1,1
oeq_691016dd,"I too am an avid League player.  Usually ~4 skins come out each patch, so about 8 skins a month on a slower month.  At the end of the month look at all the skins that have been released and rank them in order of which you prefer.  Limit yourself to 1 skin per month at first.  Immediately eliminate any 1820 rp skins. 

This will force you to critically evaluate the skins that you want from the ones you'll never use.  Ask yourself questions about that skin and that champion. ""How often do I play this champion?"", ""Do I already have a skin for this champion?"", ""Do I need this skin now or should I wait for it to go on sale?"".  Eventually move down to 1 skin every 2 months and keep going from there.",2,1,,2,1,0
oeq_e9ad35f3,M,3,1,,3,0,0
oeq_3d474fb3,"Whining about missing a zumba class to someone who is laid out with a back injury is almost impressive in how insensitive it is, damn.

How is your wife outside of this particular issue? Does she tend to be self-centred? Does she maybe buy into the idea that men should be stoic, ever-steady providers and protectors?",2,1,,2,0,0
oeq_4cc27f76,Sorry Mrs Jackson he is fo real,0,1,,0,0,0
oeq_7636d96b,"The answer is unequivocally yes, but you would need to draft a lease. Note that this would give them tenant’s rights, such as forcing you to go through the eviction process if you ever wanted to kick them out. And yes you would have to pay taxes on the income. I would recommend a “month-to-month” lease, which gives you the freedom to end it if necessary.

I would also check to see if you would run afoul of the Fair Housing Act. A “lease” under which you share a kitchen or a bathroom with them may be illegal in your state. It may even be illegal if they have to cross through a shared space to access a kitchen or bathroom from their bedroom(s).",1,1,,2,1,0
oeq_989470af,"Consult a lawyer immediately. There is legal presidence for this exact situation and your chances of winning out are good, but only if you act *before* all the money is gone.",1,1,,1,1,0
oeq_2824a007,"If you want more ""flawless"" looking skin, it actually doesn't take many products to achieve that.

You'll want a primer to help your makeup stay better and spread more evenly first. You put the primer all over your face. A lot of people have been recommending the Nivea Post Shave Balm as a decent non-makeup company primer that's fairly affordable.

Next, you want a concealer. This product covers dark under eye circles, red splotches, etc. There are a lot of pretty affordable drugstore concealers out there, like the Instant Age Rewind concealer by Maybelline. You blot them on in small circles and then blend them out into your skin by patting the area lightly with a brush or sponge.

Finally, you can look into a BB cream or a foundation. BB creams are generally less coverage and blend pretty far into the skin, so I'd generally recommend them for men who don't want to look like they're wearing makeup at all while still getting the benefits of some coverage. Dr. Jart+ is a very popular BB cream brand, but there are a lot out there to choose from. A foundation tends to come in a wider range of colors, and it gives more coverage. Both a BB cream or a foundation would ideally be applied with a makeup sponge or a makeup brush.

I have sensitive skin, and I don't have problems with makeup, contrary to the opinions of some of the people in this thread. It's just nice to not look tired all the time, and the routine I just described takes 5 minutes tops, so it's a small time investment for a huge improvement.

If you want more advice /r/MakeupAddiction is a fun subreddit, and they love it when dudes get into makeup.",2,1,,2,1,1
oeq_00c7c0b6,"When something frustrates you, take a step back from the situation and do a breath count. Up to 10 usually works for me, but more works too. I used to be very easily triggered by a lot of small things, but then I realized how much energy I was wasting on being bent out of shape by such silly things and it helps to move on and worry about other things.",2,1,,2,1,1
